debtor_name,year,creditor,value
Africa (excluding high income),2000,China (bilateral),1.1239960376136848
Africa (excluding high income),2000,China (private),0.0003920969301593167
Africa (excluding high income),2001,China (bilateral),1.1663056655473232
Africa (excluding high income),2001,China (private),0.0031902584574082867
Africa (excluding high income),2002,China (bilateral),1.1167148205358812
Africa (excluding high income),2002,China (private),0.0024721877007563655
Africa (excluding high income),2003,China (bilateral),1.0743696612814553
Africa (excluding high income),2003,China (private),0.0020724194560213026
Africa (excluding high income),2004,China (bilateral),1.1484482633110307
Africa (excluding high income),2004,China (private),0.002257813832866699
Africa (excluding high income),2005,China (bilateral),1.363526060489634
Africa (excluding high income),2005,China (private),0.07226289950824956
Africa (excluding high income),2006,China (bilateral),2.2987770477018175
Africa (excluding high income),2006,China (private),0.17408281503489842
Africa (excluding high income),2007,China (bilateral),2.5923188793325247
Africa (excluding high income),2007,China (private),0.17890109545478317
Africa (excluding high income),2008,China (bilateral),3.1543264864420504
Africa (excluding high income),2008,China (private),0.18942931742267993
Africa (excluding high income),2009,China (bilateral),3.7518388630262494
Africa (excluding high income),2009,China (private),0.6064501416323151
Africa (excluding high income),2010,China (bilateral),4.901799437359418
Africa (excluding high income),2010,China (private),2.2880918892108864
Africa (excluding high income),2011,China (bilateral),5.485349048452209
Africa (excluding high income),2011,China (private),2.808290365536564
Africa (excluding high income),2012,China (bilateral),6.221911561039298
Africa (excluding high income),2012,China (private),2.510177188470741
Africa (excluding high income),2013,China (bilateral),7.38001643581295
Africa (excluding high income),2013,China (private),2.8182114401558604
Africa (excluding high income),2014,China (bilateral),9.029919640483165
Africa (excluding high income),2014,China (private),3.189606185906842
Africa (excluding high income),2015,China (bilateral),10.088120021129104
Africa (excluding high income),2015,China (private),2.9656036595863604
Africa (excluding high income),2016,China (bilateral),10.685885316145981
Africa (excluding high income),2016,China (private),4.68585246104629
Africa (excluding high income),2017,China (bilateral),10.478513159424367
Africa (excluding high income),2017,China (private),4.250570816694561
Africa (excluding high income),2018,China (bilateral),11.09396752851445
Africa (excluding high income),2018,China (private),4.086079698304829
Africa (excluding high income),2019,China (bilateral),10.898989941373411
Africa (excluding high income),2019,China (private),4.066922505038281
Africa (excluding high income),2020,China (bilateral),10.430697316515452
Africa (excluding high income),2020,China (private),3.7676705639414667
Africa (excluding high income),2021,China (bilateral),10.23261641960804
Africa (excluding high income),2021,China (private),3.664450650128475
Africa (excluding high income),2022,China (bilateral),9.875140019125935
Africa (excluding high income),2022,China (private),3.6536659888446525
Africa (excluding high income),2023,China (bilateral),9.271956948032908
Africa (excluding high income),2023,China (private),3.259437299978576
Africa (excluding high income),2024,China (bilateral),8.779553088400348
Africa (excluding high income),2024,China (private),2.8342183468823534
Algeria,2000,China (bilateral),0.30844722393236595
Algeria,2000,China (private),0.0
Algeria,2001,China (bilateral),0.15474000202055668
Algeria,2001,China (private),0.0024629265690758783
Algeria,2002,China (bilateral),0.15735790485583004
Algeria,2002,China (private),0.0016089186512166023
Algeria,2003,China (bilateral),0.15748710325411355
Algeria,2003,China (private),0.0007812930315769952
Algeria,2004,China (bilateral),0.1634257535625797
Algeria,2004,China (private),0.0038713575892519326
Algeria,2005,China (bilateral),0.1762341225634487
Algeria,2005,China (private),0.005097879919114522
Algeria,2006,China (bilateral),0.6605977285218032
Algeria,2006,China (private),0.0
Algeria,2007,China (bilateral),1.5966536111336138
Algeria,2008,China (bilateral),1.7391762952393461
Algeria,2009,China (bilateral),2.4983453490265664
Algeria,2010,China (bilateral),2.697326492949348
Algeria,2011,China (bilateral),3.223064567546979
Algeria,2012,China (bilateral),4.77868646128128
Algeria,2013,China (bilateral),5.637131902380007
Algeria,2014,China (bilateral),6.7153136602848855
Algeria,2015,China (bilateral),7.938438811819603
Algeria,2016,China (bilateral),3.990234335532246
Algeria,2017,China (bilateral),4.267253518319795
Algeria,2018,China (bilateral),4.5823498348279905
Algeria,2019,China (bilateral),4.896198177996589
Algeria,2020,China (bilateral),5.164660638535942
Algeria,2021,China (bilateral),5.746909200305321
Algeria,2022,China (bilateral),6.279548026039787
Algeria,2023,China (bilateral),6.768438301171442
Algeria,2024,China (bilateral),7.531850483153151
Angola,2000,China (bilateral),0.7631687002310783
Angola,2001,China (bilateral),0.8836248687678137
Angola,2002,China (bilateral),0.717486526788615
Angola,2003,China (bilateral),0.7086411973517438
Angola,2004,China (bilateral),0.9902480122480323
Angola,2005,China (bilateral),1.9094390193113542
Angola,2005,China (private),0.25087810948745526
Angola,2006,China (bilateral),7.559011087308
Angola,2006,China (private),0.2225895288668792
Angola,2007,China (bilateral),11.631998243655142
Angola,2007,China (private),0.16081422735475714
Angola,2008,China (bilateral),11.249660779421669
Angola,2008,China (private),0.016566439862455012
Angola,2009,China (bilateral),11.45522234893854
Angola,2009,China (private),0.0
Angola,2010,China (bilateral),9.954945408762567
Angola,2010,China (private),21.814942205598935
Angola,2011,China (bilateral),8.022468547276778
Angola,2011,China (private),27.59247846295646
Angola,2012,China (bilateral),8.021621894316947
Angola,2012,China (private),23.592412816890445
Angola,2013,China (bilateral),8.445008682573665
Angola,2013,China (private),26.600917252996716
Angola,2014,China (bilateral),7.053456268707595
Angola,2014,China (private),25.36755309421652
Angola,2015,China (bilateral),7.858563712931618
Angola,2015,China (private),22.282716989329966
Angola,2016,China (bilateral),8.053882320982622
Angola,2016,China (private),37.83550108645768
Angola,2017,China (bilateral),8.359812533514392
Angola,2017,China (private),40.29239053102436
Angola,2018,China (bilateral),10.670763761181572
Angola,2018,China (private),38.01561003037165
Angola,2019,China (bilateral),9.618180934418431
Angola,2019,China (private),37.55732019084208
Angola,2020,China (bilateral),9.762599592513652
Angola,2020,China (private),36.807129619152654
Angola,2021,China (bilateral),9.795708244399561
Angola,2021,China (private),37.29074128406344
Angola,2022,China (bilateral),8.38888462721991
Angola,2022,China (private),35.06273007152804
Angola,2023,China (bilateral),7.15141078790527
Angola,2023,China (private),32.14487986004078
Angola,2024,China (bilateral),5.630082343023744
Angola,2024,China (private),25.60386523665811
Benin,2000,China (bilateral),2.937616729798346
Benin,2001,China (bilateral),3.077478283033642
Benin,2002,China (bilateral),3.2347735385997898
Benin,2003,China (bilateral),2.946787229664836
Benin,2004,China (bilateral),2.5672635933832675
Benin,2005,China (bilateral),4.419656755899383
Benin,2006,China (bilateral),16.89337124860923
Benin,2007,China (bilateral),16.105996251313677
Benin,2008,China (bilateral),14.750816799148444
Benin,2009,China (bilateral),11.546582034636515
Benin,2010,China (bilateral),10.385044611241872
Benin,2011,China (bilateral),10.84659053698409
Benin,2012,China (bilateral),11.033327726942542
Benin,2013,China (bilateral),8.685737314307744
Benin,2014,China (bilateral),11.359580176954239
Benin,2015,China (bilateral),12.903890800223818
Benin,2016,China (bilateral),11.864592190670754
Benin,2017,China (bilateral),11.493394326682447
Benin,2018,China (bilateral),10.953295782809763
Benin,2019,China (bilateral),8.384135097362204
Benin,2019,China (private),0.0
Benin,2020,China (bilateral),7.161793626044523
Benin,2020,China (private),0.0
Benin,2021,China (bilateral),5.843393302169973
Benin,2021,China (private),0.2005211699803183
Benin,2022,China (bilateral),4.91633276773477
Benin,2022,China (private),0.28164628392071045
Benin,2023,China (bilateral),3.6556190847126087
Benin,2023,China (private),0.24967387270125949
Benin,2024,China (bilateral),3.294165148287378
Benin,2024,China (private),0.8044951664240116
Botswana,2000,China (bilateral),6.784537454495688
Botswana,2001,China (bilateral),7.4490630478977735
Botswana,2002,China (bilateral),5.629508665485485
Botswana,2003,China (bilateral),6.394742445600479
Botswana,2004,China (bilateral),9.220744675034108
Botswana,2005,China (bilateral),11.828464066939055
Botswana,2006,China (bilateral),13.82741240401075
Botswana,2007,China (bilateral),20.18293341839859
Botswana,2008,China (bilateral),20.451098191153566
Botswana,2009,China (bilateral),5.983300626821371
Botswana,2010,China (bilateral),5.847806136802001
Botswana,2011,China (bilateral),3.024614732571854
Botswana,2012,China (bilateral),2.796618958251536
Botswana,2013,China (bilateral),2.6403371501084925
Botswana,2014,China (bilateral),3.030489110509741
Botswana,2015,China (bilateral),2.5777381814069833
Botswana,2016,China (bilateral),2.046995017322072
Botswana,2017,China (bilateral),1.8212595563639915
Botswana,2018,China (bilateral),1.304156235894594
Botswana,2019,China (bilateral),1.0098875296567233
Botswana,2020,China (bilateral),0.7053611297860427
Botswana,2021,China (bilateral),0.25714368363378576
Botswana,2022,China (bilateral),0.0
Botswana,2023,China (bilateral),0.0
Burkina Faso,2000,China (bilateral),2.8019908197194656
Burkina Faso,2001,China (bilateral),2.6599537477288817
Burkina Faso,2002,China (bilateral),2.4289365567318604
Burkina Faso,2003,China (bilateral),2.0219620058029797
Burkina Faso,2004,China (bilateral),3.2244441073491696
Burkina Faso,2005,China (bilateral),2.9391075538292286
Burkina Faso,2006,China (bilateral),5.189945680607598
Burkina Faso,2007,China (bilateral),3.941316539421618
Burkina Faso,2008,China (bilateral),4.043149128018805
Burkina Faso,2009,China (bilateral),3.3274142102209017
Burkina Faso,2010,China (bilateral),2.8087561632767737
Burkina Faso,2011,China (bilateral),2.51676111562106
Burkina Faso,2012,China (bilateral),2.167975848485912
Burkina Faso,2013,China (bilateral),1.927055084435927
Burkina Faso,2014,China (bilateral),1.644383903656492
Burkina Faso,2015,China (bilateral),3.2198118965709384
Burkina Faso,2016,China (bilateral),2.7312516172472296
Burkina Faso,2017,China (bilateral),2.3362199616159276
Burkina Faso,2018,China (bilateral),2.027043031837995
Burkina Faso,2019,China (bilateral),1.691874208194279
Burkina Faso,2020,China (bilateral),2.1986698915566794
Burkina Faso,2021,China (bilateral),2.7884605889404486
Burkina Faso,2022,China (bilateral),2.7058303970841684
Burkina Faso,2023,China (bilateral),2.2176426934658147
Burkina Faso,2024,China (bilateral),1.9300754979854264
Burundi,2000,China (bilateral),1.8861789596997736
Burundi,2001,China (bilateral),0.29039400478028876
Burundi,2002,China (bilateral),1.0946779016303994
Burundi,2003,China (bilateral),0.9655715192665322
Burundi,2004,China (bilateral),0.9494506108095759
Burundi,2005,China (bilateral),1.0540817103005493
Burundi,2006,China (bilateral),1.0408139723683223
Burundi,2007,China (bilateral),0.0
Burundi,2008,China (bilateral),0.0
Burundi,2009,China (bilateral),0.0
Burundi,2010,China (bilateral),0.0
Burundi,2011,China (bilateral),0.0
Burundi,2012,China (bilateral),0.0
Burundi,2013,China (bilateral),0.0
Burundi,2014,China (bilateral),0.0
Burundi,2015,China (bilateral),2.6264520696725016
Burundi,2016,China (bilateral),3.3463061371232996
Burundi,2017,China (bilateral),3.484102267158012
Burundi,2018,China (bilateral),3.2557509506671236
Burundi,2019,China (bilateral),8.814532110281075
Burundi,2020,China (bilateral),8.489105332209732
Burundi,2021,China (bilateral),8.054744976099665
Burundi,2022,China (bilateral),7.61456350795533
Burundi,2023,China (bilateral),6.988133479545873
Burundi,2024,China (bilateral),6.194426379877823
Cabo Verde,2000,China (bilateral),1.9062027667764505
Cabo Verde,2001,China (bilateral),0.0
Cabo Verde,2002,China (bilateral),0.0
Cabo Verde,2003,China (bilateral),0.0
Cabo Verde,2004,China (bilateral),0.0
Cabo Verde,2005,China (bilateral),0.0
Cabo Verde,2006,China (bilateral),0.0
Cabo Verde,2007,China (bilateral),0.0
Cabo Verde,2008,China (bilateral),0.0
Cabo Verde,2009,China (bilateral),2.3513598177577215
Cabo Verde,2010,China (bilateral),2.572678034718763
Cabo Verde,2011,China (bilateral),2.931405549116955
Cabo Verde,2012,China (bilateral),2.5761777306574323
Cabo Verde,2013,China (bilateral),2.213132796327848
Cabo Verde,2014,China (bilateral),2.050102771560305
Cabo Verde,2015,China (bilateral),1.7987222082815786
Cabo Verde,2016,China (bilateral),1.5537328553722876
Cabo Verde,2017,China (bilateral),1.9591911195945486
Cabo Verde,2018,China (bilateral),1.8636085064877062
Cabo Verde,2019,China (bilateral),1.6626374489054103
Cabo Verde,2020,China (bilateral),1.553748057548443
Cabo Verde,2021,China (bilateral),1.6572265171742675
Cabo Verde,2022,China (bilateral),1.4527959112419064
Cabo Verde,2023,China (bilateral),1.2696311683163146
Cabo Verde,2024,China (bilateral),1.1218341112792285
Cameroon,2000,China (bilateral),0.3556333772559167
Cameroon,2001,China (bilateral),0.37399876977129276
Cameroon,2002,China (bilateral),0.5237523970321077
Cameroon,2003,China (bilateral),0.47540553967936217
Cameroon,2004,China (bilateral),0.5289842319301558
Cameroon,2005,China (bilateral),0.8957295250649786
Cameroon,2006,China (bilateral),1.7907997985061337
Cameroon,2007,China (bilateral),2.3492732848056033
Cameroon,2008,China (bilateral),5.069392342412501
Cameroon,2009,China (bilateral),5.460024184887593
Cameroon,2010,China (bilateral),9.138352701662107
Cameroon,2011,China (bilateral),11.465888530885994
Cameroon,2012,China (bilateral),19.380482389782454
Cameroon,2013,China (bilateral),30.875070274267237
Cameroon,2014,China (bilateral),41.245699525308495
Cameroon,2015,China (bilateral),37.333586098344604
Cameroon,2015,China (private),0.0
Cameroon,2016,China (bilateral),37.09623101983113
Cameroon,2016,China (private),0.7900300484568723
Cameroon,2017,China (bilateral),37.17229826061604
Cameroon,2017,China (private),0.9986691768098571
Cameroon,2018,China (bilateral),33.021418573108335
Cameroon,2018,China (private),1.185712747846022
Cameroon,2019,China (bilateral),32.969290077662635
Cameroon,2019,China (private),1.7142761493905152
Cameroon,2020,China (bilateral),31.625404014446683
Cameroon,2020,China (private),1.4884518830028983
Cameroon,2021,China (bilateral),28.880303289740183
Cameroon,2021,China (private),1.1662982143501055
Cameroon,2022,China (bilateral),30.969834915115303
Cameroon,2022,China (private),1.0047548000404578
Cameroon,2023,China (bilateral),28.534713304072728
Cameroon,2023,China (private),0.7755561963282718
Cameroon,2024,China (bilateral),25.85613840644131
Cameroon,2024,China (private),0.5504636577236098
Central African Republic,2000,China (bilateral),0.9223585097970093
Central African Republic,2001,China (bilateral),0.9697660997739496
Central African Republic,2002,China (bilateral),1.2344923408270172
Central African Republic,2003,China (bilateral),1.1580464117666727
Central African Republic,2004,China (bilateral),1.0422434975136432
Central African Republic,2005,China (bilateral),1.1419838979126096
Central African Republic,2006,China (bilateral),1.1910261712848085
Central African Republic,2007,China (bilateral),1.2904196379976947
Central African Republic,2008,China (bilateral),1.2960543054356741
Central African Republic,2009,China (bilateral),4.283808074218679
Central African Republic,2010,China (bilateral),12.77389660944291
Central African Republic,2011,China (bilateral),16.522169245896144
Central African Republic,2012,China (bilateral),18.355545045559012
Central African Republic,2013,China (bilateral),23.278983239400148
Central African Republic,2014,China (bilateral),18.854788412414393
Central African Republic,2015,China (bilateral),25.18195560386379
Central African Republic,2016,China (bilateral),24.051234428544742
Central African Republic,2017,China (bilateral),26.419285068750177
Central African Republic,2018,China (bilateral),16.307284012132495
Central African Republic,2019,China (bilateral),14.408211318720564
Central African Republic,2020,China (bilateral),9.665891125971198
Central African Republic,2021,China (bilateral),5.072519227897925
Central African Republic,2022,China (bilateral),4.505544738470654
Central African Republic,2023,China (bilateral),4.297511977707004
Central African Republic,2024,China (bilateral),4.371276197997327
Chad,2000,China (bilateral),2.2235230588122126
Chad,2001,China (bilateral),1.9744638792041413
Chad,2002,China (bilateral),1.6945520170474393
Chad,2003,China (bilateral),1.0440104879600056
Chad,2004,China (bilateral),0.9604739988982243
Chad,2005,China (bilateral),0.978477634947186
Chad,2006,China (bilateral),0.0
Chad,2007,China (bilateral),0.0
Chad,2008,China (bilateral),2.6065968897622604
Chad,2009,China (bilateral),2.599027836821812
Chad,2010,China (bilateral),2.2885429200523633
Chad,2011,China (bilateral),5.97580294741406
Chad,2012,China (bilateral),7.627990238029249
Chad,2013,China (bilateral),6.169539187515498
Chad,2014,China (bilateral),6.69690324725121
Chad,2015,China (bilateral),8.912835432971056
Chad,2016,China (bilateral),9.329884188478378
Chad,2017,China (bilateral),8.872984877074332
Chad,2018,China (bilateral),8.742013757731721
Chad,2019,China (bilateral),8.656621602577223
Chad,2020,China (bilateral),11.179382791016081
Chad,2021,China (bilateral),11.973578519628171
Chad,2022,China (bilateral),12.296225999236212
Chad,2023,China (bilateral),10.36295440228189
Chad,2024,China (bilateral),8.522506579979796
Comoros,2000,China (bilateral),0.5988093068238722
Comoros,2001,China (bilateral),0.5565153136971385
Comoros,2002,China (bilateral),0.5041824588733124
Comoros,2003,China (bilateral),0.4624579800158975
Comoros,2004,China (bilateral),0.4488901515138019
Comoros,2005,China (bilateral),0.488116545090745
Comoros,2006,China (bilateral),0.5002176550434483
Comoros,2007,China (bilateral),0.49798365096361863
Comoros,2010,China (bilateral),0.0
Comoros,2011,China (bilateral),0.0
Comoros,2012,China (bilateral),0.0
Comoros,2013,China (bilateral),0.0
Comoros,2014,China (bilateral),0.0
Comoros,2015,China (bilateral),0.0
Comoros,2016,China (bilateral),20.17568708624015
Comoros,2017,China (bilateral),19.454602669212196
Comoros,2018,China (bilateral),32.49619658634405
Comoros,2019,China (bilateral),32.026316488945575
Comoros,2020,China (bilateral),35.580326610361816
Comoros,2021,China (bilateral),38.35911403416123
Comoros,2022,China (bilateral),34.06418488315573
Comoros,2023,China (bilateral),31.063288055200033
Comoros,2024,China (bilateral),27.73643268765823
"Congo, Dem. Rep.",2000,China (bilateral),0.783988939424754
"Congo, Dem. Rep.",2001,China (bilateral),0.8144066475704201
"Congo, Dem. Rep.",2002,China (bilateral),0.6983656098299661
"Congo, Dem. Rep.",2003,China (bilateral),0.7182327438388214
"Congo, Dem. Rep.",2004,China (bilateral),0.6865124804413132
"Congo, Dem. Rep.",2005,China (bilateral),0.7154851484874123
"Congo, Dem. Rep.",2006,China (bilateral),0.6556440237986304
"Congo, Dem. Rep.",2007,China (bilateral),0.595917854111805
"Congo, Dem. Rep.",2008,China (bilateral),0.585273961689581
"Congo, Dem. Rep.",2009,China (bilateral),0.5414036127429278
"Congo, Dem. Rep.",2010,China (bilateral),17.15304009342776
"Congo, Dem. Rep.",2011,China (bilateral),23.505557197724993
"Congo, Dem. Rep.",2012,China (bilateral),25.990944072680904
"Congo, Dem. Rep.",2013,China (bilateral),36.66883957145066
"Congo, Dem. Rep.",2014,China (bilateral),40.825161377351705
"Congo, Dem. Rep.",2015,China (bilateral),44.15097263541398
"Congo, Dem. Rep.",2016,China (bilateral),46.51156724680851
"Congo, Dem. Rep.",2017,China (bilateral),45.271324293477925
"Congo, Dem. Rep.",2018,China (bilateral),57.131344371251416
"Congo, Dem. Rep.",2019,China (bilateral),55.20967491827064
"Congo, Dem. Rep.",2020,China (bilateral),58.49129871249142
"Congo, Dem. Rep.",2021,China (bilateral),57.81926785520595
"Congo, Dem. Rep.",2022,China (bilateral),52.89503014808198
"Congo, Dem. Rep.",2023,China (bilateral),47.465814535924714
"Congo, Dem. Rep.",2024,China (bilateral),44.423813542090095
"Congo, Rep.",2000,China (bilateral),0.9483401190916624
"Congo, Rep.",2001,China (bilateral),1.0450811100309063
"Congo, Rep.",2002,China (bilateral),1.0194300091591417
"Congo, Rep.",2003,China (bilateral),0.9618312111361769
"Congo, Rep.",2003,China (private),0.0
"Congo, Rep.",2004,China (bilateral),0.8388904556007054
"Congo, Rep.",2004,China (private),0.0
"Congo, Rep.",2005,China (bilateral),1.1727377282059273
"Congo, Rep.",2005,China (private),2.1768031735195374
"Congo, Rep.",2006,China (bilateral),1.3581376655607327
"Congo, Rep.",2006,China (private),4.08831281190248
"Congo, Rep.",2007,China (bilateral),1.507528063465237
"Congo, Rep.",2007,China (private),4.854197359310412
"Congo, Rep.",2008,China (bilateral),1.6757630972298574
"Congo, Rep.",2008,China (private),4.808606153840299
"Congo, Rep.",2009,China (bilateral),2.077490955522663
"Congo, Rep.",2009,China (private),4.882394455898222
"Congo, Rep.",2010,China (bilateral),23.331088931934104
"Congo, Rep.",2010,China (private),23.204544577091525
"Congo, Rep.",2011,China (bilateral),28.536740745599758
"Congo, Rep.",2011,China (private),20.949108094020268
"Congo, Rep.",2012,China (bilateral),33.97767360739958
"Congo, Rep.",2012,China (private),19.94805139563611
"Congo, Rep.",2013,China (bilateral),43.41900358346153
"Congo, Rep.",2013,China (private),14.71408459661506
"Congo, Rep.",2014,China (bilateral),41.95049205855529
"Congo, Rep.",2014,China (private),9.12308321493346
"Congo, Rep.",2015,China (bilateral),38.734183251976205
"Congo, Rep.",2015,China (private),6.752745311890644
"Congo, Rep.",2016,China (bilateral),37.89626082807703
"Congo, Rep.",2016,China (private),6.398600337420328
"Congo, Rep.",2017,China (bilateral),37.245098961473246
"Congo, Rep.",2017,China (private),5.6417434291907815
"Congo, Rep.",2018,China (bilateral),35.93926895633676
"Congo, Rep.",2018,China (private),7.966104716106962
"Congo, Rep.",2019,China (bilateral),30.023395718213592
"Congo, Rep.",2019,China (private),20.944350446854074
"Congo, Rep.",2020,China (bilateral),28.399064015874437
"Congo, Rep.",2020,China (private),20.415673977821104
"Congo, Rep.",2021,China (bilateral),29.59505046635448
"Congo, Rep.",2021,China (private),20.275997725956973
"Congo, Rep.",2022,China (bilateral),30.438359862985624
"Congo, Rep.",2022,China (private),20.922412200236927
"Congo, Rep.",2023,China (bilateral),30.178267346086233
"Congo, Rep.",2023,China (private),23.181933583059113
"Congo, Rep.",2024,China (bilateral),29.856696732583256
"Congo, Rep.",2024,China (private),25.88308881705636
Cote d'Ivoire,2000,China (bilateral),0.15673133905977799
Cote d'Ivoire,2001,China (bilateral),0.17805231074806477
Cote d'Ivoire,2002,China (bilateral),0.18966117617342573
Cote d'Ivoire,2003,China (bilateral),0.20374224400105528
Cote d'Ivoire,2004,China (bilateral),0.38809430619660873
Cote d'Ivoire,2005,China (bilateral),0.44489570642027965
Cote d'Ivoire,2006,China (bilateral),0.4201395713860915
Cote d'Ivoire,2007,China (bilateral),0.5176096715161554
Cote d'Ivoire,2007,China (private),0.0
Cote d'Ivoire,2008,China (bilateral),0.6323306420576544
Cote d'Ivoire,2008,China (private),0.0
Cote d'Ivoire,2009,China (bilateral),0.5878958246451617
Cote d'Ivoire,2009,China (private),0.0
Cote d'Ivoire,2010,China (bilateral),0.9241028775622093
Cote d'Ivoire,2010,China (private),0.2763384882015293
Cote d'Ivoire,2011,China (bilateral),0.8134388511187496
Cote d'Ivoire,2011,China (private),0.5172567190656705
Cote d'Ivoire,2012,China (bilateral),2.1940699064391085
Cote d'Ivoire,2012,China (private),1.061527717426841
Cote d'Ivoire,2013,China (bilateral),5.654107074126405
Cote d'Ivoire,2013,China (private),0.9186069473474813
Cote d'Ivoire,2014,China (bilateral),7.722189772091613
Cote d'Ivoire,2014,China (private),0.8838966880730303
Cote d'Ivoire,2015,China (bilateral),8.761218856987128
Cote d'Ivoire,2015,China (private),0.599427583349921
Cote d'Ivoire,2016,China (bilateral),13.878302268967522
Cote d'Ivoire,2016,China (private),0.5079933034539862
Cote d'Ivoire,2017,China (bilateral),15.929733123865319
Cote d'Ivoire,2017,China (private),0.32561255147268453
Cote d'Ivoire,2018,China (bilateral),14.691388131544446
Cote d'Ivoire,2018,China (private),0.1927344986863867
Cote d'Ivoire,2019,China (bilateral),15.21707947245677
Cote d'Ivoire,2019,China (private),0.9531058165855057
Cote d'Ivoire,2020,China (bilateral),14.70090262739986
Cote d'Ivoire,2020,China (private),0.9421782271789247
Cote d'Ivoire,2021,China (bilateral),13.65364595932483
Cote d'Ivoire,2021,China (private),0.9201144003363706
Cote d'Ivoire,2022,China (bilateral),13.332611333620893
Cote d'Ivoire,2022,China (private),1.4912525471117803
Cote d'Ivoire,2023,China (bilateral),13.069823591291716
Cote d'Ivoire,2023,China (private),1.4326575180858674
Cote d'Ivoire,2024,China (bilateral),12.06997907685751
Cote d'Ivoire,2024,China (private),1.0818898718968215
Djibouti,2000,China (bilateral),1.7731221225056073
Djibouti,2001,China (bilateral),1.7862699060239702
Djibouti,2002,China (bilateral),1.9998160340868865
Djibouti,2003,China (bilateral),0.6933377141434558
Djibouti,2004,China (bilateral),0.453640291950306
Djibouti,2005,China (bilateral),0.27439697477628316
Djibouti,2006,China (bilateral),0.06520904589022913
Djibouti,2007,China (bilateral),3.2970299597707453
Djibouti,2008,China (bilateral),3.4830416810849654
Djibouti,2009,China (bilateral),3.5701351963174357
Djibouti,2010,China (bilateral),3.74231014144027
Djibouti,2011,China (bilateral),3.035206469613327
Djibouti,2012,China (bilateral),2.463141302265669
Djibouti,2013,China (bilateral),3.704095342232763
Djibouti,2014,China (bilateral),21.97448506850167
Djibouti,2015,China (bilateral),44.10636563283157
Djibouti,2016,China (bilateral),55.37237453887121
Djibouti,2017,China (bilateral),59.6708134489005
Djibouti,2018,China (bilateral),58.01927661843931
Djibouti,2019,China (bilateral),55.71886706777281
Djibouti,2020,China (bilateral),56.991211126836326
Djibouti,2021,China (bilateral),55.53080069941163
Djibouti,2022,China (bilateral),55.27674202229791
Djibouti,2023,China (bilateral),51.91296098298799
Djibouti,2024,China (bilateral),50.54259748598686
"Egypt, Arab Rep.",2000,China (bilateral),0.3429819575306023
"Egypt, Arab Rep.",2001,China (bilateral),0.2862793789765048
"Egypt, Arab Rep.",2002,China (bilateral),0.35691740808606626
"Egypt, Arab Rep.",2003,China (bilateral),0.37689277199540105
"Egypt, Arab Rep.",2004,China (bilateral),0.39132530459082704
"Egypt, Arab Rep.",2005,China (bilateral),0.34945461320705984
"Egypt, Arab Rep.",2006,China (bilateral),0.3805522498056125
"Egypt, Arab Rep.",2007,China (bilateral),0.3904149294934331
"Egypt, Arab Rep.",2007,China (private),0.0
"Egypt, Arab Rep.",2008,China (bilateral),0.43995926341921004
"Egypt, Arab Rep.",2008,China (private),0.0
"Egypt, Arab Rep.",2009,China (bilateral),0.4618025573067779
"Egypt, Arab Rep.",2009,China (private),0.0
"Egypt, Arab Rep.",2010,China (bilateral),0.5143841552370556
"Egypt, Arab Rep.",2010,China (private),0.0
"Egypt, Arab Rep.",2011,China (bilateral),0.5533419815399965
"Egypt, Arab Rep.",2011,China (private),0.0
"Egypt, Arab Rep.",2012,China (bilateral),1.1699225436324936
"Egypt, Arab Rep.",2013,China (bilateral),0.8912122491766754
"Egypt, Arab Rep.",2014,China (bilateral),0.9741525511946202
"Egypt, Arab Rep.",2015,China (bilateral),0.7920125677452039
"Egypt, Arab Rep.",2016,China (bilateral),3.6609278201571374
"Egypt, Arab Rep.",2017,China (bilateral),3.582102797439155
"Egypt, Arab Rep.",2018,China (bilateral),5.301936404003071
"Egypt, Arab Rep.",2019,China (bilateral),4.770690223251063
"Egypt, Arab Rep.",2019,China (private),0.0
"Egypt, Arab Rep.",2020,China (bilateral),4.006690854993833
"Egypt, Arab Rep.",2020,China (private),0.499722838842245
"Egypt, Arab Rep.",2021,China (bilateral),3.457373331090268
"Egypt, Arab Rep.",2021,China (private),0.7856848747916917
"Egypt, Arab Rep.",2022,China (bilateral),3.2375618097082945
"Egypt, Arab Rep.",2022,China (private),1.4935432713575667
"Egypt, Arab Rep.",2023,China (bilateral),3.439581450391437
"Egypt, Arab Rep.",2023,China (private),1.9826634602563311
"Egypt, Arab Rep.",2024,China (bilateral),3.3507853608001223
"Egypt, Arab Rep.",2024,China (private),2.1734422610840345
Equatorial Guinea,2019,China (bilateral),94.3601906107217
Equatorial Guinea,2020,China (bilateral),93.77988767316813
Equatorial Guinea,2021,China (bilateral),93.6760072224548
Equatorial Guinea,2022,China (bilateral),93.57947832389374
Equatorial Guinea,2023,China (bilateral),92.88308864624082
Equatorial Guinea,2024,China (bilateral),92.58764606821816
Eritrea,2000,China (bilateral),0.9263641326123314
Eritrea,2001,China (bilateral),0.6991860588425429
Eritrea,2002,China (bilateral),1.060313295769383
Eritrea,2003,China (bilateral),0.8572736993646631
Eritrea,2004,China (bilateral),0.7368939792216753
Eritrea,2005,China (bilateral),0.7358778488488357
Eritrea,2006,China (bilateral),0.7036976302403937
Eritrea,2007,China (bilateral),1.8394443954936606
Eritrea,2008,China (bilateral),9.28716925095955
Eritrea,2009,China (bilateral),13.153451278097684
Eritrea,2010,China (bilateral),13.410004438421971
Eritrea,2011,China (bilateral),13.410847766323778
Eritrea,2012,China (bilateral),10.107919501796388
Eritrea,2013,China (bilateral),6.415681465166746
Eritrea,2014,China (bilateral),6.660994281298817
Eritrea,2015,China (bilateral),6.2579547869864225
Eritrea,2016,China (bilateral),5.4631026139146535
Eritrea,2017,China (bilateral),4.869880949789553
Eritrea,2018,China (bilateral),4.159611226258077
Eritrea,2019,China (bilateral),3.61560366236079
Eritrea,2020,China (bilateral),3.167791365884994
Eritrea,2021,China (bilateral),2.7623794659084844
Eritrea,2022,China (bilateral),1.9819732197840438
Eritrea,2023,China (bilateral),1.248872387188727
Eritrea,2024,China (bilateral),0.5856086312266336
Eswatini,2000,China (bilateral),1.524765414640832
Eswatini,2001,China (bilateral),1.4900437385799972
Eswatini,2002,China (bilateral),1.1962156588404997
Eswatini,2003,China (bilateral),0.9647473245155018
Eswatini,2004,China (bilateral),0.8253816815457764
Eswatini,2005,China (bilateral),0.7541578096655496
Eswatini,2006,China (bilateral),0.6803133758245256
Eswatini,2007,China (bilateral),0.5795420405676319
Eswatini,2008,China (bilateral),0.4846660020813224
Eswatini,2009,China (bilateral),0.4251186909004222
Eswatini,2010,China (bilateral),0.37445212253054017
Eswatini,2011,China (bilateral),0.3644232260202336
Eswatini,2012,China (bilateral),0.3424119041714635
Eswatini,2013,China (bilateral),0.3123861695593927
Eswatini,2014,China (bilateral),0.25235605672777645
Eswatini,2015,China (bilateral),0.1813580380872364
Eswatini,2016,China (bilateral),8.870054742046166
Eswatini,2017,China (bilateral),13.366604677633992
Eswatini,2018,China (bilateral),25.068403532651256
Eswatini,2019,China (bilateral),29.433272282239365
Eswatini,2020,China (bilateral),32.37911847556758
Eswatini,2021,China (bilateral),29.963295919424194
Eswatini,2022,China (bilateral),24.066913590398222
Eswatini,2023,China (bilateral),22.846924230252245
Eswatini,2024,China (bilateral),24.56778655513962
Ethiopia,2000,China (bilateral),1.1560811468739416
Ethiopia,2001,China (bilateral),0.8326400065711085
Ethiopia,2002,China (bilateral),0.5419496642996479
Ethiopia,2003,China (bilateral),0.39978395073742795
Ethiopia,2004,China (bilateral),0.6783722949100878
Ethiopia,2005,China (bilateral),0.723610524820994
Ethiopia,2006,China (bilateral),0.690668385547562
Ethiopia,2006,China (private),0.0
Ethiopia,2007,China (bilateral),0.935404509251584
Ethiopia,2007,China (private),0.0
Ethiopia,2008,China (bilateral),0.9223802694460649
Ethiopia,2008,China (private),0.0
Ethiopia,2009,China (bilateral),5.753888136785194
Ethiopia,2009,China (private),20.318236349139703
Ethiopia,2010,China (bilateral),8.447834529282149
Ethiopia,2010,China (private),18.916141852774253
Ethiopia,2011,China (bilateral),10.675096371806806
Ethiopia,2011,China (private),15.93055824270944
Ethiopia,2012,China (bilateral),13.77568651730271
Ethiopia,2012,China (private),13.367926708419011
Ethiopia,2013,China (bilateral),15.719679771168785
Ethiopia,2013,China (private),11.380929561845237
Ethiopia,2014,China (bilateral),22.209775565985744
Ethiopia,2014,China (private),11.519874014983483
Ethiopia,2015,China (bilateral),24.159759751198948
Ethiopia,2015,China (private),13.134100822132572
Ethiopia,2016,China (bilateral),25.249234757200956
Ethiopia,2016,China (private),11.9947261923692
Ethiopia,2017,China (bilateral),24.922584131407827
Ethiopia,2017,China (private),9.687845252701962
Ethiopia,2018,China (bilateral),22.45817627438847
Ethiopia,2018,China (private),7.543754279472896
Ethiopia,2019,China (bilateral),21.715028756120333
Ethiopia,2019,China (private),6.482169298195983
Ethiopia,2020,China (bilateral),20.25242223000509
Ethiopia,2020,China (private),5.321329654002455
Ethiopia,2021,China (bilateral),19.941742036503808
Ethiopia,2021,China (private),4.6541700849595715
Ethiopia,2022,China (bilateral),19.451250893911816
Ethiopia,2022,China (private),4.03834284854972
Ethiopia,2023,China (bilateral),17.208641314465122
Ethiopia,2023,China (private),3.425810809522561
Ethiopia,2024,China (bilateral),17.794135734356882
Ethiopia,2024,China (private),4.1232037842421025
Gabon,2000,China (bilateral),1.0387979206526259
Gabon,2001,China (bilateral),1.2184587580361304
Gabon,2002,China (bilateral),1.6037284503599214
Gabon,2003,China (bilateral),2.347003450443229
Gabon,2004,China (bilateral),2.2222994217968703
Gabon,2005,China (bilateral),2.5102108028669106
Gabon,2006,China (bilateral),2.502705166436607
Gabon,2007,China (bilateral),2.275893707621776
Gabon,2008,China (bilateral),6.483691195955767
Gabon,2009,China (bilateral),8.617599305897318
Gabon,2009,China (private),0.0
Gabon,2010,China (bilateral),12.782346336945235
Gabon,2010,China (private),0.0
Gabon,2011,China (bilateral),14.050726821884915
Gabon,2011,China (private),0.0
Gabon,2012,China (bilateral),15.930348030813926
Gabon,2012,China (private),0.0
Gabon,2013,China (bilateral),15.609057606336016
Gabon,2013,China (private),0.0
Gabon,2014,China (bilateral),18.539694714376566
Gabon,2015,China (bilateral),18.712526116782723
Gabon,2015,China (private),0.0
Gabon,2016,China (bilateral),18.81751092370595
Gabon,2016,China (private),2.4809727115055034
Gabon,2017,China (bilateral),15.885182192480041
Gabon,2017,China (private),2.638063230608467
Gabon,2018,China (bilateral),16.945177650749592
Gabon,2018,China (private),2.5048876785385734
Gabon,2019,China (bilateral),17.736312858777143
Gabon,2019,China (private),1.9357614086584929
Gabon,2020,China (bilateral),16.541221220340592
Gabon,2020,China (private),1.8236742066231004
Gabon,2021,China (bilateral),15.917291364906866
Gabon,2021,China (private),1.8814312546737002
Gabon,2022,China (bilateral),14.56888705537983
Gabon,2022,China (private),1.6507989367593967
Gabon,2023,China (bilateral),13.618330371742864
Gabon,2023,China (private),1.3279097502942083
Gabon,2024,China (bilateral),14.452751645098868
Gabon,2024,China (private),1.4538943786100802
"Gambia, The",2000,China (bilateral),4.228792368374121
"Gambia, The",2001,China (bilateral),4.080066866724181
"Gambia, The",2002,China (bilateral),3.4992354008109023
"Gambia, The",2003,China (bilateral),3.121192527910164
"Gambia, The",2004,China (bilateral),2.836519775330984
"Gambia, The",2005,China (bilateral),2.902847798175827
"Gambia, The",2006,China (bilateral),2.6953499736717417
"Gambia, The",2007,China (bilateral),1.237493411649079
"Gambia, The",2008,China (bilateral),3.650670132291054
"Gambia, The",2009,China (bilateral),3.1460757462216846
"Gambia, The",2010,China (bilateral),3.160415559019236
"Gambia, The",2011,China (bilateral),3.210258888761117
"Gambia, The",2012,China (bilateral),3.115807977650044
"Gambia, The",2013,China (bilateral),3.027769204956896
"Gambia, The",2014,China (bilateral),0.0
"Gambia, The",2017,China (bilateral),0.0
"Gambia, The",2018,China (bilateral),0.0
"Gambia, The",2019,China (bilateral),3.3458664375709457
"Gambia, The",2020,China (bilateral),3.2195805062682625
"Gambia, The",2021,China (bilateral),3.2426212616430563
"Gambia, The",2022,China (bilateral),2.810339626735899
"Gambia, The",2023,China (bilateral),2.493585649528875
"Gambia, The",2024,China (bilateral),2.374516813606366
Ghana,2000,China (bilateral),0.4982331169410441
Ghana,2001,China (bilateral),0.5270042838823286
Ghana,2002,China (bilateral),0.9935624895201707
Ghana,2003,China (bilateral),0.8821881565511376
Ghana,2004,China (bilateral),0.8119696782148215
Ghana,2005,China (bilateral),0.8078616170204614
Ghana,2006,China (bilateral),2.163097368153238
Ghana,2007,China (bilateral),3.189107449457161
Ghana,2008,China (bilateral),4.790773922757826
Ghana,2009,China (bilateral),7.927325366893053
Ghana,2010,China (bilateral),10.990956205402064
Ghana,2011,China (bilateral),12.22759334037842
Ghana,2012,China (bilateral),17.404104797895382
Ghana,2012,China (private),0.2110542854788464
Ghana,2013,China (bilateral),19.55798355989886
Ghana,2013,China (private),0.15704176723166774
Ghana,2014,China (bilateral),18.30468238644466
Ghana,2014,China (private),0.13215263412942957
Ghana,2015,China (bilateral),15.837858344581326
Ghana,2015,China (private),0.6130833548202985
Ghana,2016,China (bilateral),13.526306729948903
Ghana,2016,China (private),0.6430863915231948
Ghana,2017,China (bilateral),11.56266804949936
Ghana,2017,China (private),0.6278346572950431
Ghana,2018,China (bilateral),9.662939658042825
Ghana,2018,China (private),0.8307194154931987
Ghana,2019,China (bilateral),7.70909314679189
Ghana,2019,China (private),1.5845798770923454
Ghana,2020,China (bilateral),6.478377995278484
Ghana,2020,China (private),1.213594090763963
Ghana,2021,China (bilateral),5.987393130008495
Ghana,2021,China (private),1.0008231220057429
Ghana,2022,China (bilateral),5.862339606657755
Ghana,2022,China (private),0.9283111021478191
Ghana,2023,China (bilateral),5.618078951890962
Ghana,2023,China (private),0.8734417722988516
Ghana,2024,China (bilateral),6.274976382087795
Ghana,2024,China (private),0.9738954290361611
Guinea,2000,China (bilateral),1.325565127906778
Guinea,2001,China (bilateral),1.305858883219367
Guinea,2002,China (bilateral),1.154556722015374
Guinea,2003,China (bilateral),0.9911863600476164
Guinea,2004,China (bilateral),0.9875475886251703
Guinea,2005,China (bilateral),1.265783881315887
Guinea,2006,China (bilateral),1.9467087576151514
Guinea,2007,China (bilateral),1.5239403027390026
Guinea,2008,China (bilateral),1.9231705396948338
Guinea,2009,China (bilateral),1.9534320987524638
Guinea,2010,China (bilateral),2.0763286765395312
Guinea,2011,China (bilateral),2.08179036380035
Guinea,2012,China (bilateral),5.904169288629108
Guinea,2013,China (bilateral),19.00184687517323
Guinea,2014,China (bilateral),25.304592408590093
Guinea,2015,China (bilateral),32.13006199726215
Guinea,2016,China (bilateral),31.11076585137581
Guinea,2017,China (bilateral),30.80087505839223
Guinea,2018,China (bilateral),30.31901838788639
Guinea,2018,China (private),0.0
Guinea,2019,China (bilateral),43.09438802909839
Guinea,2019,China (private),1.5446190279117038
Guinea,2020,China (bilateral),39.05223041975299
Guinea,2020,China (private),6.165788987627546
Guinea,2021,China (bilateral),36.39508926645569
Guinea,2021,China (private),7.325631636634032
Guinea,2022,China (bilateral),33.96346358811461
Guinea,2022,China (private),10.185647123737922
Guinea,2023,China (bilateral),30.57761943215438
Guinea,2023,China (private),14.479765766875172
Guinea,2024,China (bilateral),27.884528958767817
Guinea,2024,China (private),12.419405525035627
Guinea-Bissau,2000,China (bilateral),2.0104962404216566
Guinea-Bissau,2001,China (bilateral),0.0
Kenya,2000,China (bilateral),0.17376669147375623
Kenya,2000,China (private),0.01687094756136763
Kenya,2001,China (bilateral),0.17268186529396506
Kenya,2001,China (private),0.14071514037915633
Kenya,2002,China (bilateral),0.1619017911369747
Kenya,2002,China (private),0.10769881200364288
Kenya,2003,China (bilateral),0.14776386565556499
Kenya,2003,China (private),0.09056127378983489
Kenya,2004,China (bilateral),0.19624842098548498
Kenya,2004,China (private),0.08681200196777555
Kenya,2005,China (bilateral),0.40298265637697134
Kenya,2005,China (private),0.09340920818828992
Kenya,2006,China (bilateral),0.6259098746249876
Kenya,2006,China (private),0.05253045433098111
Kenya,2007,China (bilateral),0.7136115912694663
Kenya,2007,China (private),0.04234184807369261
Kenya,2008,China (bilateral),0.9474924540287724
Kenya,2008,China (private),0.0441926127819206
Kenya,2009,China (bilateral),2.5315031294065755
Kenya,2009,China (private),0.04204495392661959
Kenya,2010,China (bilateral),3.91407823547836
Kenya,2010,China (private),0.04174692437225516
Kenya,2011,China (bilateral),6.223915132005517
Kenya,2011,China (private),0.0100769667473548
Kenya,2012,China (bilateral),7.884278240593293
Kenya,2012,China (private),0.0
Kenya,2013,China (bilateral),9.546852335897622
Kenya,2014,China (bilateral),16.76333603362199
Kenya,2015,China (bilateral),20.642528813752964
Kenya,2016,China (bilateral),25.209495779871023
Kenya,2017,China (bilateral),25.984225603942352
Kenya,2018,China (bilateral),25.48977494119577
Kenya,2019,China (bilateral),24.244785018891605
Kenya,2020,China (bilateral),21.642954091087198
Kenya,2021,China (bilateral),20.915447718176924
Kenya,2022,China (bilateral),19.082064251596833
Kenya,2023,China (bilateral),16.744099258465276
Kenya,2024,China (bilateral),15.083747871985711
Lesotho,2000,China (bilateral),0.6891006052063829
Lesotho,2001,China (bilateral),1.8340100706533473
Lesotho,2002,China (bilateral),1.3455972037980921
Lesotho,2003,China (bilateral),1.257357126340105
Lesotho,2004,China (bilateral),1.0046606100755755
Lesotho,2005,China (bilateral),1.2012228898531623
Lesotho,2006,China (bilateral),1.2524818629998447
Lesotho,2007,China (bilateral),0.2131807263162953
Lesotho,2008,China (bilateral),2.484838408795788
Lesotho,2009,China (bilateral),3.986903848097017
Lesotho,2010,China (bilateral),4.173332234905884
Lesotho,2011,China (bilateral),4.456896004850543
Lesotho,2012,China (bilateral),5.45783080815525
Lesotho,2013,China (bilateral),5.644146606386642
Lesotho,2014,China (bilateral),5.543080170692305
Lesotho,2015,China (bilateral),5.191556948564924
Lesotho,2016,China (bilateral),6.414774718478841
Lesotho,2017,China (bilateral),6.040908806139609
Lesotho,2018,China (bilateral),5.397718570683495
Lesotho,2019,China (bilateral),8.355472156271821
Lesotho,2020,China (bilateral),12.320244889884584
Lesotho,2021,China (bilateral),14.975859642110922
Lesotho,2022,China (bilateral),16.79727584753053
Lesotho,2023,China (bilateral),18.309904617351943
Lesotho,2024,China (bilateral),17.87099496952721
Liberia,2000,China (bilateral),1.471973497312717
Liberia,2001,China (bilateral),1.5087765796275823
Liberia,2002,China (bilateral),1.4396559039393324
Liberia,2003,China (bilateral),1.3636734065388343
Liberia,2004,China (bilateral),1.3082783334535213
Liberia,2005,China (bilateral),1.3780027579519023
Liberia,2006,China (bilateral),1.3496147239102148
Liberia,2007,China (bilateral),1.5727115108713021
Liberia,2008,China (bilateral),0.5919594160869978
Liberia,2009,China (bilateral),0.0
Liberia,2010,China (bilateral),0.0
Liberia,2011,China (bilateral),3.1281179878400414
Liberia,2012,China (bilateral),2.78621009569461
Liberia,2013,China (bilateral),2.5670990571966663
Liberia,2014,China (bilateral),1.954716975790865
Liberia,2015,China (bilateral),1.2579381135538261
Liberia,2016,China (bilateral),0.9706272961622562
Liberia,2017,China (bilateral),3.2492509613159366
Liberia,2018,China (bilateral),7.56559035350567
Liberia,2019,China (bilateral),6.429500214323397
Liberia,2020,China (bilateral),6.077265828461489
Liberia,2021,China (bilateral),5.798476724763531
Liberia,2022,China (bilateral),4.8490514871517965
Liberia,2023,China (bilateral),4.099302271991345
Liberia,2024,China (bilateral),3.522757991789189
Madagascar,2000,China (bilateral),0.4952742789540958
Madagascar,2001,China (bilateral),0.5609199601621522
Madagascar,2002,China (bilateral),0.5142951808329747
Madagascar,2003,China (bilateral),0.46023304276381966
Madagascar,2004,China (bilateral),0.9893438251472538
Madagascar,2005,China (bilateral),1.1111764067075374
Madagascar,2006,China (bilateral),3.0311558996247356
Madagascar,2007,China (bilateral),0.21071237736925483
Madagascar,2008,China (bilateral),1.9141371017847308
Madagascar,2009,China (bilateral),2.852693304001596
Madagascar,2010,China (bilateral),3.0573214534704394
Madagascar,2011,China (bilateral),3.045782163573135
Madagascar,2012,China (bilateral),2.9185466096226724
Madagascar,2013,China (bilateral),2.9017433428134787
Madagascar,2014,China (bilateral),2.617862394527937
Madagascar,2015,China (bilateral),2.1962737534472856
Madagascar,2016,China (bilateral),1.9095990061182944
Madagascar,2017,China (bilateral),1.666031673831772
Madagascar,2018,China (bilateral),2.674408489163794
Madagascar,2019,China (bilateral),4.344916991029041
Madagascar,2020,China (bilateral),4.428308532040034
Madagascar,2021,China (bilateral),4.961149252380784
Madagascar,2022,China (bilateral),7.935750507309651
Madagascar,2023,China (bilateral),7.370712888527222
Madagascar,2024,China (bilateral),6.661707342814808
Malawi,2009,China (bilateral),3.117251386008812
Malawi,2010,China (bilateral),6.441368886602527
Malawi,2011,China (bilateral),16.717002484106832
Malawi,2012,China (bilateral),16.843285437577503
Malawi,2013,China (bilateral),19.450559471994215
Malawi,2014,China (bilateral),17.692332840214174
Malawi,2015,China (bilateral),16.3941323881817
Malawi,2016,China (bilateral),14.41509384086411
Malawi,2017,China (bilateral),12.296783136975733
Malawi,2018,China (bilateral),11.442129455354792
Malawi,2019,China (bilateral),10.151285449789007
Malawi,2020,China (bilateral),10.396776058113694
Malawi,2021,China (bilateral),10.061544236500568
Malawi,2022,China (bilateral),8.95293869665973
Malawi,2023,China (bilateral),7.1548459179290935
Malawi,2024,China (bilateral),6.772440215554824
Mali,2000,China (bilateral),5.622334843079374
Mali,2001,China (bilateral),3.9497252808528214
Mali,2002,China (bilateral),4.525980983941342
Mali,2003,China (bilateral),4.7406001629156345
Mali,2004,China (bilateral),4.763118085454336
Mali,2005,China (bilateral),4.618736768319173
Mali,2006,China (bilateral),9.542496179595249
Mali,2007,China (bilateral),3.256724960864188
Mali,2008,China (bilateral),3.52055498417259
Mali,2009,China (bilateral),3.8658681767971723
Mali,2010,China (bilateral),3.226817745423389
Mali,2011,China (bilateral),3.194068316543587
Mali,2012,China (bilateral),7.4678529556478
Mali,2013,China (bilateral),8.84727750745947
Mali,2014,China (bilateral),11.37890717438058
Mali,2015,China (bilateral),13.2406819206076
Mali,2016,China (bilateral),14.709376900538995
Mali,2017,China (bilateral),13.88744698337645
Mali,2018,China (bilateral),12.839918791627527
Mali,2019,China (bilateral),12.24287309323708
Mali,2020,China (bilateral),11.796181928194468
Mali,2021,China (bilateral),11.368675410589022
Mali,2022,China (bilateral),10.032229212005138
Mali,2023,China (bilateral),8.753256042385717
Mali,2024,China (bilateral),8.899421846882923
Mauritania,2000,China (bilateral),3.9515489417314753
Mauritania,2001,China (bilateral),3.970116061677711
Mauritania,2002,China (bilateral),3.865126452720395
Mauritania,2003,China (bilateral),3.583135039894277
Mauritania,2004,China (bilateral),3.519670909915927
Mauritania,2005,China (bilateral),3.0132160832496235
Mauritania,2006,China (bilateral),3.7479147398969563
Mauritania,2007,China (bilateral),0.0
Mauritania,2008,China (bilateral),0.0
Mauritania,2009,China (bilateral),7.266501096053762
Mauritania,2010,China (bilateral),6.406409764261165
Mauritania,2011,China (bilateral),7.093660645089588
Mauritania,2012,China (bilateral),6.034097502069027
Mauritania,2013,China (bilateral),7.733700887169907
Mauritania,2014,China (bilateral),7.286267919283398
Mauritania,2015,China (bilateral),9.175219409239817
Mauritania,2016,China (bilateral),8.782129379412208
Mauritania,2017,China (bilateral),8.702029725519962
Mauritania,2018,China (bilateral),8.260583002321393
Mauritania,2019,China (bilateral),7.946927572413742
Mauritania,2020,China (bilateral),8.129338640589157
Mauritania,2021,China (bilateral),8.79891406394622
Mauritania,2022,China (bilateral),8.603346638622606
Mauritania,2023,China (bilateral),8.209277692305063
Mauritania,2024,China (bilateral),7.290227132726759
Mauritius,2000,China (bilateral),2.0650565759263624
Mauritius,2001,China (bilateral),2.7525220935263883
Mauritius,2002,China (bilateral),2.5925482034607876
Mauritius,2003,China (bilateral),2.6125890560497793
Mauritius,2004,China (bilateral),3.068671218096279
Mauritius,2005,China (bilateral),3.8443425878628092
Mauritius,2006,China (bilateral),4.801042487426075
Mauritius,2007,China (bilateral),4.22621230167722
Mauritius,2008,China (bilateral),4.0506450305976704
Mauritius,2009,China (bilateral),7.484795636621391
Mauritius,2010,China (bilateral),14.874205774053712
Mauritius,2011,China (bilateral),18.733387908129725
Mauritius,2012,China (bilateral),24.566564794267844
Mauritius,2013,China (bilateral),23.25502572707015
Mauritius,2014,China (bilateral),23.732658898043553
Mauritius,2015,China (bilateral),24.28680021211724
Mauritius,2016,China (bilateral),22.62248118064805
Mauritius,2017,China (bilateral),21.963126869963876
Mauritius,2018,China (bilateral),23.433969962351163
Mauritius,2019,China (bilateral),21.25357571268099
Mauritius,2020,China (bilateral),14.89271108966275
Mauritius,2021,China (bilateral),8.919341419769196
Mauritius,2022,China (bilateral),6.085441463733141
Mauritius,2023,China (bilateral),4.3911524306728875
Mauritius,2024,China (bilateral),3.6986586730115922
Morocco,2000,China (bilateral),0.03766878174960989
Morocco,2001,China (bilateral),0.0
Morocco,2002,China (bilateral),0.0
Morocco,2003,China (bilateral),0.0
Morocco,2004,China (bilateral),0.0
Morocco,2005,China (bilateral),0.0
Morocco,2006,China (bilateral),0.017746974243216074
Morocco,2007,China (bilateral),0.043612875380354695
Morocco,2008,China (bilateral),0.37711760390859445
Morocco,2009,China (bilateral),0.6343180475235084
Morocco,2010,China (bilateral),2.4973981397116503
Morocco,2011,China (bilateral),2.3628589041440176
Morocco,2012,China (bilateral),2.159208045864365
Morocco,2013,China (bilateral),1.872755776917484
Morocco,2014,China (bilateral),1.7875539009818537
Morocco,2015,China (bilateral),1.6680504493795
Morocco,2016,China (bilateral),2.0958275469424232
Morocco,2017,China (bilateral),1.787764285537739
Morocco,2018,China (bilateral),1.6572084736510746
Morocco,2019,China (bilateral),1.3176220202073732
Morocco,2020,China (bilateral),1.0134356463869165
Morocco,2021,China (bilateral),0.9569045986471387
Morocco,2022,China (bilateral),0.8866148295707653
Morocco,2023,China (bilateral),0.723711368926493
Morocco,2024,China (bilateral),0.6277202866257257
Mozambique,2000,China (bilateral),0.7061507523765332
Mozambique,2001,China (bilateral),0.724510565219169
Mozambique,2002,China (bilateral),0.6637187356413662
Mozambique,2003,China (bilateral),0.6220772895532453
Mozambique,2004,China (bilateral),0.5849926600960894
Mozambique,2005,China (bilateral),0.5755584717756952
Mozambique,2006,China (bilateral),1.0533597616182844
Mozambique,2007,China (bilateral),0.20277640355283155
Mozambique,2008,China (bilateral),0.4927218739607402
Mozambique,2009,China (bilateral),4.873703210021796
Mozambique,2010,China (bilateral),3.732218016746548
Mozambique,2011,China (bilateral),5.771248338346729
Mozambique,2012,China (bilateral),7.938970662208393
Mozambique,2013,China (bilateral),9.658242299768455
Mozambique,2014,China (bilateral),15.187504170890701
Mozambique,2015,China (bilateral),16.24090192029057
Mozambique,2016,China (bilateral),17.030825770166825
Mozambique,2017,China (bilateral),18.835809930157023
Mozambique,2018,China (bilateral),19.56231184675918
Mozambique,2019,China (bilateral),18.323664698574685
Mozambique,2020,China (bilateral),18.08547641516271
Mozambique,2021,China (bilateral),17.94353078826477
Mozambique,2022,China (bilateral),16.348010455106362
Mozambique,2023,China (bilateral),16.194857121617108
Mozambique,2024,China (bilateral),15.626363932386129
Niger,2000,China (bilateral),1.5727988924476342
Niger,2001,China (bilateral),1.4209563074022349
Niger,2002,China (bilateral),1.2509352312170792
Niger,2003,China (bilateral),1.0691661328046296
Niger,2004,China (bilateral),1.1555825739971692
Niger,2005,China (bilateral),1.1896975288061793
Niger,2006,China (bilateral),1.9413803349864822
Niger,2007,China (bilateral),1.7112441640579363
Niger,2008,China (bilateral),1.286648190664556
Niger,2009,China (bilateral),14.848215237533058
Niger,2010,China (bilateral),27.832700307273882
Niger,2011,China (bilateral),46.68955496159268
Niger,2012,China (bilateral),23.734277000528962
Niger,2013,China (bilateral),19.966843277237317
Niger,2014,China (bilateral),17.70022937133565
Niger,2015,China (bilateral),14.16649685268562
Niger,2016,China (bilateral),13.948158829956261
Niger,2017,China (bilateral),12.56780439739145
Niger,2018,China (bilateral),13.14692914199546
Niger,2019,China (bilateral),10.358971050638461
Niger,2020,China (bilateral),7.563125119786244
Niger,2021,China (bilateral),6.812121588041764
Niger,2022,China (bilateral),4.881002196702158
Niger,2023,China (bilateral),4.133829516321587
Niger,2024,China (bilateral),3.6317812386935557
Nigeria,2002,China (bilateral),0.0
Nigeria,2003,China (bilateral),0.09640163026641768
Nigeria,2004,China (bilateral),0.25368789652081125
Nigeria,2005,China (bilateral),0.663498056388858
Nigeria,2005,China (private),0.129112645569658
Nigeria,2006,China (bilateral),11.59161141554101
Nigeria,2006,China (private),1.550773839626002
Nigeria,2007,China (bilateral),16.08098024477875
Nigeria,2007,China (private),2.1463436300594423
Nigeria,2008,China (bilateral),19.550450807864117
Nigeria,2008,China (private),2.5921781337920407
Nigeria,2009,China (bilateral),14.49739040492519
Nigeria,2009,China (private),1.9603559388654799
Nigeria,2010,China (bilateral),8.10624989440661
Nigeria,2010,China (private),0.0
Nigeria,2011,China (bilateral),10.728234845845256
Nigeria,2012,China (bilateral),12.021537567570261
Nigeria,2013,China (bilateral),11.920386700268335
Nigeria,2014,China (bilateral),13.37792436381697
Nigeria,2015,China (bilateral),13.530616358819902
Nigeria,2016,China (bilateral),14.495116488262472
Nigeria,2017,China (bilateral),10.24035801856157
Nigeria,2018,China (bilateral),9.83205458680936
Nigeria,2019,China (bilateral),11.512621493274091
Nigeria,2020,China (bilateral),10.618453446118084
Nigeria,2021,China (bilateral),10.05442751455234
Nigeria,2022,China (bilateral),10.73434905515965
Nigeria,2023,China (bilateral),11.727856269678758
Nigeria,2024,China (bilateral),10.598195373653823
Rwanda,2000,China (bilateral),1.5750460107944175
Rwanda,2001,China (bilateral),1.537982115096969
Rwanda,2002,China (bilateral),1.3558845650129612
Rwanda,2003,China (bilateral),1.1763950914904444
Rwanda,2004,China (bilateral),1.0129619066275986
Rwanda,2005,China (bilateral),1.0572797159491327
Rwanda,2006,China (bilateral),4.3052505673159125
Rwanda,2007,China (bilateral),5.405986279622337
Rwanda,2008,China (bilateral),0.0
Rwanda,2009,China (bilateral),0.8623848706056978
Rwanda,2010,China (bilateral),2.687847910119171
Rwanda,2011,China (bilateral),2.953782233470578
Rwanda,2012,China (bilateral),2.9697039968515715
Rwanda,2013,China (bilateral),3.6355044387057416
Rwanda,2014,China (bilateral),4.916137579441625
Rwanda,2015,China (bilateral),5.693027275795878
Rwanda,2016,China (bilateral),5.504143697459021
Rwanda,2017,China (bilateral),5.647528378033124
Rwanda,2018,China (bilateral),4.93469873168904
Rwanda,2019,China (bilateral),4.955729668608388
Rwanda,2020,China (bilateral),5.0385284296160915
Rwanda,2021,China (bilateral),5.7556092703263175
Rwanda,2022,China (bilateral),5.411383951179154
Rwanda,2023,China (bilateral),4.764465647832559
Rwanda,2024,China (bilateral),4.3308578847075365
Sao Tome and Principe,2000,China (bilateral),6.0192895874136365
Sao Tome and Principe,2001,China (bilateral),5.915835354691505
Sao Tome and Principe,2002,China (bilateral),5.568849143634377
Sao Tome and Principe,2003,China (bilateral),5.228042144501758
Sao Tome and Principe,2004,China (bilateral),5.000715274928407
Sao Tome and Principe,2005,China (bilateral),5.385083744732737
Sao Tome and Principe,2006,China (bilateral),5.153848279691905
Sao Tome and Principe,2007,China (bilateral),12.333706640223882
Sao Tome and Principe,2008,China (bilateral),16.783920065112543
Sao Tome and Principe,2009,China (bilateral),14.315755578561545
Sao Tome and Principe,2010,China (bilateral),12.407994615863869
Sao Tome and Principe,2011,China (bilateral),10.447002747952796
Sao Tome and Principe,2012,China (bilateral),11.210390483639921
Sao Tome and Principe,2013,China (bilateral),10.441293550355194
Sao Tome and Principe,2014,China (bilateral),10.218662763419978
Sao Tome and Principe,2015,China (bilateral),8.496105523491861
Sao Tome and Principe,2016,China (bilateral),8.080465066485507
Sao Tome and Principe,2017,China (bilateral),7.266760598258962
Sao Tome and Principe,2018,China (bilateral),0.0
Senegal,2000,China (bilateral),3.113783157988483
Senegal,2001,China (bilateral),3.111602299024562
Senegal,2002,China (bilateral),2.7710494388614464
Senegal,2003,China (bilateral),2.443894746147698
Senegal,2004,China (bilateral),2.6758818617877456
Senegal,2005,China (bilateral),2.6410672384968357
Senegal,2006,China (bilateral),5.375885622676173
Senegal,2007,China (bilateral),4.85729078410766
Senegal,2008,China (bilateral),5.596790028159716
Senegal,2009,China (bilateral),5.944746174950797
Senegal,2010,China (bilateral),5.844871634881338
Senegal,2011,China (bilateral),5.823722319958812
Senegal,2012,China (bilateral),7.218288487358625
Senegal,2013,China (bilateral),7.424493298556076
Senegal,2014,China (bilateral),7.257253060449065
Senegal,2015,China (bilateral),9.458092641618304
Senegal,2016,China (bilateral),14.673699999389733
Senegal,2017,China (bilateral),13.699355824601463
Senegal,2018,China (bilateral),12.123466684734503
Senegal,2018,China (private),0.0
Senegal,2019,China (bilateral),12.430970635306476
Senegal,2019,China (private),0.0
Senegal,2020,China (bilateral),11.057144188034213
Senegal,2020,China (private),0.0
Senegal,2021,China (bilateral),11.465543381823991
Senegal,2021,China (private),0.0
Senegal,2022,China (bilateral),11.646770011812382
Senegal,2022,China (private),0.06530358271836023
Senegal,2023,China (bilateral),9.96992016151623
Senegal,2023,China (private),0.08672868127179985
Senegal,2024,China (bilateral),8.758764998760569
Senegal,2024,China (private),0.08722263439153302
Sierra Leone,2000,China (bilateral),4.441988944308465
Sierra Leone,2001,China (bilateral),2.857329899491032
Sierra Leone,2002,China (bilateral),2.524566264856209
Sierra Leone,2003,China (bilateral),2.241906895228554
Sierra Leone,2004,China (bilateral),2.1251010553440164
Sierra Leone,2005,China (bilateral),1.9884166385635762
Sierra Leone,2006,China (bilateral),1.8024486844427077
Sierra Leone,2007,China (bilateral),2.4517261557643577
Sierra Leone,2008,China (bilateral),4.615774832695836
Sierra Leone,2009,China (bilateral),4.161220309802933
Sierra Leone,2010,China (bilateral),3.886261878851243
Sierra Leone,2011,China (bilateral),3.895134700818501
Sierra Leone,2012,China (bilateral),5.696551814304562
Sierra Leone,2013,China (bilateral),5.632522099107639
Sierra Leone,2014,China (bilateral),5.411126658742251
Sierra Leone,2015,China (bilateral),5.975259147672699
Sierra Leone,2016,China (bilateral),5.430421654030134
Sierra Leone,2017,China (bilateral),4.863754302355941
Sierra Leone,2018,China (bilateral),4.1741102075594325
Sierra Leone,2019,China (bilateral),3.5520142141121585
Sierra Leone,2020,China (bilateral),4.634339947926233
Sierra Leone,2021,China (bilateral),5.499216758263548
Sierra Leone,2022,China (bilateral),5.141192671212933
Sierra Leone,2023,China (bilateral),4.680845072312215
Sierra Leone,2024,China (bilateral),4.403922447451181
South Africa,2017,China (bilateral),1.1032309151840864
South Africa,2018,China (bilateral),1.5787568295585035
South Africa,2019,China (bilateral),2.252320017417715
South Africa,2020,China (bilateral),2.934401305959995
South Africa,2021,China (bilateral),3.4705210297055604
South Africa,2022,China (bilateral),3.757941067747929
South Africa,2023,China (bilateral),3.9423921154467
South Africa,2024,China (bilateral),3.4049793200475222
Sub-Saharan Africa (excluding high income),2000,China (bilateral),1.5190214670129427
Sub-Saharan Africa (excluding high income),2000,China (private),0.0005696198511481383
Sub-Saharan Africa (excluding high income),2001,China (bilateral),1.615217838586115
Sub-Saharan Africa (excluding high income),2001,China (private),0.004312321249952341
Sub-Saharan Africa (excluding high income),2002,China (bilateral),1.5057508189280326
Sub-Saharan Africa (excluding high income),2002,China (private),0.0033290071992202112
Sub-Saharan Africa (excluding high income),2003,China (bilateral),1.4341809908894083
Sub-Saharan Africa (excluding high income),2003,China (private),0.002836835517360896
Sub-Saharan Africa (excluding high income),2004,China (bilateral),1.5320235652638265
Sub-Saharan Africa (excluding high income),2004,China (private),0.002769396486865175
Sub-Saharan Africa (excluding high income),2005,China (bilateral),1.825622981908933
Sub-Saharan Africa (excluding high income),2005,China (private),0.10111740296375892
Sub-Saharan Africa (excluding high income),2006,China (bilateral),3.293017682647191
Sub-Saharan Africa (excluding high income),2006,China (private),0.2605196598976152
Sub-Saharan Africa (excluding high income),2007,China (bilateral),3.725122727185306
Sub-Saharan Africa (excluding high income),2007,China (private),0.2713174252279117
Sub-Saharan Africa (excluding high income),2008,China (bilateral),4.424752796360332
Sub-Saharan Africa (excluding high income),2008,China (private),0.28014869089982736
Sub-Saharan Africa (excluding high income),2009,China (bilateral),5.207603823546325
Sub-Saharan Africa (excluding high income),2009,China (private),0.886675365103322
Sub-Saharan Africa (excluding high income),2010,China (bilateral),6.612235760231551
Sub-Saharan Africa (excluding high income),2010,China (private),3.306746248390624
Sub-Saharan Africa (excluding high income),2011,China (bilateral),7.326926557858742
Sub-Saharan Africa (excluding high income),2011,China (private),3.9035699359536116
Sub-Saharan Africa (excluding high income),2012,China (bilateral),8.203412102588885
Sub-Saharan Africa (excluding high income),2012,China (private),3.4247722941856256
Sub-Saharan Africa (excluding high income),2013,China (bilateral),9.976990320136881
Sub-Saharan Africa (excluding high income),2013,China (private),3.889539755709913
Sub-Saharan Africa (excluding high income),2014,China (bilateral),11.764793039727584
Sub-Saharan Africa (excluding high income),2014,China (private),4.224291690831505
Sub-Saharan Africa (excluding high income),2015,China (bilateral),13.30319731404954
Sub-Saharan Africa (excluding high income),2015,China (private),3.9950512262880467
Sub-Saharan Africa (excluding high income),2016,China (bilateral),13.425305007175051
Sub-Saharan Africa (excluding high income),2016,China (private),6.295315883145294
Sub-Saharan Africa (excluding high income),2017,China (bilateral),13.176779876703721
Sub-Saharan Africa (excluding high income),2017,China (private),5.7135850303290825
Sub-Saharan Africa (excluding high income),2018,China (bilateral),13.711972865067246
Sub-Saharan Africa (excluding high income),2018,China (private),5.5058086990227455
Sub-Saharan Africa (excluding high income),2019,China (bilateral),13.341647462061415
Sub-Saharan Africa (excluding high income),2019,China (private),5.4985845105273805
Sub-Saharan Africa (excluding high income),2020,China (bilateral),13.018073207761807
Sub-Saharan Africa (excluding high income),2020,China (private),5.050313392115506
Sub-Saharan Africa (excluding high income),2021,China (bilateral),12.835608825480419
Sub-Saharan Africa (excluding high income),2021,China (private),4.836083331721473
Sub-Saharan Africa (excluding high income),2022,China (bilateral),12.345307180423456
Sub-Saharan Africa (excluding high income),2022,China (private),4.637615841471021
Sub-Saharan Africa (excluding high income),2023,China (bilateral),11.536608705102882
Sub-Saharan Africa (excluding high income),2023,China (private),4.008460904421806
Sub-Saharan Africa (excluding high income),2024,China (bilateral),10.695923167523562
Sub-Saharan Africa (excluding high income),2024,China (private),3.3420921316969596
Sudan,2000,China (bilateral),9.925807412896363
Sudan,2000,China (private),0.0007971230069450831
Sudan,2001,China (bilateral),10.957277759440629
Sudan,2001,China (private),0.0008039409564430355
Sudan,2002,China (bilateral),10.276971107256717
Sudan,2002,China (private),0.0007589143446443411
Sudan,2003,China (bilateral),10.030134881165045
Sudan,2003,China (private),0.0007209790714167199
Sudan,2004,China (bilateral),10.055914058576114
Sudan,2004,China (private),0.0006910599397307814
Sudan,2005,China (bilateral),10.338727648443964
Sudan,2005,China (private),0.0007162993227163129
Sudan,2006,China (bilateral),10.932555411051448
Sudan,2006,China (private),0.000674128961569728
Sudan,2007,China (bilateral),10.174162070037823
Sudan,2007,China (private),0.0006272567202898968
Sudan,2008,China (bilateral),11.530636108919696
Sudan,2008,China (private),0.0006086597977509072
Sudan,2009,China (bilateral),13.878943357690929
Sudan,2009,China (private),0.0005829171000305106
Sudan,2010,China (bilateral),16.099482238118757
Sudan,2010,China (private),0.000553364685346598
Sudan,2011,China (bilateral),11.000155319577527
Sudan,2011,China (private),0.0
Sudan,2012,China (bilateral),10.511905633103652
Sudan,2013,China (bilateral),10.233060681810885
Sudan,2014,China (bilateral),10.448807449856451
Sudan,2015,China (bilateral),9.905617278694288
Sudan,2016,China (bilateral),9.481772870985115
Sudan,2017,China (bilateral),8.889490529549429
Sudan,2018,China (bilateral),8.43934084190966
Sudan,2019,China (bilateral),7.420590442289061
Sudan,2020,China (bilateral),6.951486746610619
Sudan,2021,China (bilateral),7.128446783971418
Sudan,2022,China (bilateral),6.8231984451531185
Sudan,2023,China (bilateral),6.400310522191482
Sudan,2024,China (bilateral),6.158082630573174
Tanzania,2000,China (bilateral),2.7643499162034386
Tanzania,2001,China (bilateral),2.419785209814149
Tanzania,2002,China (bilateral),2.232877544236199
Tanzania,2003,China (bilateral),2.298668789786644
Tanzania,2004,China (bilateral),2.1142674259015646
Tanzania,2005,China (bilateral),2.2202445611954533
Tanzania,2006,China (bilateral),6.140244270548827
Tanzania,2007,China (bilateral),5.486350949280646
Tanzania,2008,China (bilateral),5.0933819668023
Tanzania,2009,China (bilateral),4.692955235876303
Tanzania,2010,China (bilateral),4.169489451379562
Tanzania,2011,China (bilateral),5.163402483050547
Tanzania,2011,China (private),1.3023890728430703
Tanzania,2012,China (bilateral),7.471688955062862
Tanzania,2012,China (private),2.1224263464613027
Tanzania,2013,China (bilateral),11.934122752881667
Tanzania,2013,China (private),1.633467541218633
Tanzania,2014,China (bilateral),16.78907451427488
Tanzania,2014,China (private),1.4783367608104399
Tanzania,2015,China (bilateral),18.741855651980014
Tanzania,2015,China (private),1.5097771887051665
Tanzania,2016,China (bilateral),18.48990565534781
Tanzania,2016,China (private),1.7470649160253298
Tanzania,2017,China (bilateral),16.99662018056078
Tanzania,2017,China (private),1.5125890751024025
Tanzania,2018,China (bilateral),15.210813600508466
Tanzania,2018,China (private),1.1974703980244907
Tanzania,2019,China (bilateral),12.861873178762288
Tanzania,2019,China (private),1.702886887527032
Tanzania,2020,China (bilateral),11.175556333178037
Tanzania,2020,China (private),1.4845872630365706
Tanzania,2021,China (bilateral),9.630782333589226
Tanzania,2021,China (private),1.037982404717359
Tanzania,2022,China (bilateral),8.024090955876096
Tanzania,2022,China (private),0.7111564827970926
Tanzania,2023,China (bilateral),6.508883978994557
Tanzania,2023,China (private),0.43403603593104084
Tanzania,2024,China (bilateral),5.624407724384237
Tanzania,2024,China (private),0.23279089876768333
Togo,2000,China (bilateral),2.0579343533781542
Togo,2001,China (bilateral),2.2910399523778207
Togo,2002,China (bilateral),2.064552938695989
Togo,2003,China (bilateral),1.8415008336015033
Togo,2004,China (bilateral),1.72534337201123
Togo,2005,China (bilateral),1.5450592584648652
Togo,2006,China (bilateral),0.8299726787915095
Togo,2007,China (bilateral),0.8335196245375429
Togo,2008,China (bilateral),0.9956846913968962
Togo,2009,China (bilateral),2.4595830714958167
Togo,2010,China (bilateral),7.187794241018613
Togo,2011,China (bilateral),19.49358757745092
Togo,2012,China (bilateral),35.58028993741831
Togo,2013,China (bilateral),32.806209731027344
Togo,2014,China (bilateral),41.80564727572727
Togo,2015,China (bilateral),44.924069137114714
Togo,2016,China (bilateral),46.799280592392826
Togo,2017,China (bilateral),45.83646640714878
Togo,2018,China (bilateral),45.86994000992036
Togo,2019,China (bilateral),37.85628757014387
Togo,2020,China (bilateral),29.431537581823243
Togo,2021,China (bilateral),28.01795872100398
Togo,2022,China (bilateral),23.940873203545944
Togo,2023,China (bilateral),18.550096799313447
Togo,2024,China (bilateral),13.610768955504218
Tunisia,2000,China (bilateral),0.22279731074289427
Tunisia,2001,China (bilateral),0.2044409944718092
Tunisia,2002,China (bilateral),0.1520580860954986
Tunisia,2003,China (bilateral),0.11151850084400534
Tunisia,2004,China (bilateral),0.09111034632542242
Tunisia,2005,China (bilateral),0.21868395523392087
Tunisia,2006,China (bilateral),0.2972883339278262
Tunisia,2007,China (bilateral),0.3412801328680608
Tunisia,2008,China (bilateral),0.3521283416092265
Tunisia,2009,China (bilateral),0.31371803701011036
Tunisia,2010,China (bilateral),0.29163202772612845
Tunisia,2011,China (bilateral),0.24999539649959426
Tunisia,2012,China (bilateral),0.4628050671389246
Tunisia,2013,China (bilateral),0.630158053766266
Tunisia,2014,China (bilateral),0.5707613531164604
Tunisia,2015,China (bilateral),0.5239115332041703
Tunisia,2016,China (bilateral),0.4615096000387839
Tunisia,2017,China (bilateral),0.3548302021704837
Tunisia,2018,China (bilateral),0.3043087440089043
Tunisia,2019,China (bilateral),0.2494676810762572
Tunisia,2020,China (bilateral),0.20220388556068608
Tunisia,2021,China (bilateral),0.20132918828999602
Tunisia,2022,China (bilateral),0.1906438566754048
Tunisia,2023,China (bilateral),0.16819419889991175
Tunisia,2024,China (bilateral),0.14960545007561968
Uganda,2000,China (bilateral),0.5590444613684349
Uganda,2001,China (bilateral),0.5457654231409802
Uganda,2002,China (bilateral),0.5059736007957916
Uganda,2003,China (bilateral),0.43460054030055134
Uganda,2004,China (bilateral),0.4083113450098542
Uganda,2005,China (bilateral),0.439529853790017
Uganda,2006,China (bilateral),1.7389722924708486
Uganda,2007,China (bilateral),1.5820579028848862
Uganda,2008,China (bilateral),1.832654984141944
Uganda,2009,China (bilateral),2.495276533747619
Uganda,2010,China (bilateral),3.479735571953296
Uganda,2011,China (bilateral),3.339383816787256
Uganda,2012,China (bilateral),8.116592635536565
Uganda,2013,China (bilateral),8.30687528270538
Uganda,2014,China (bilateral),9.480121181942648
Uganda,2015,China (bilateral),15.659825050799695
Uganda,2016,China (bilateral),20.16977327097268
Uganda,2017,China (bilateral),22.408536714868188
Uganda,2018,China (bilateral),25.222664973422543
Uganda,2019,China (bilateral),24.814267572993263
Uganda,2020,China (bilateral),22.028401930070192
Uganda,2021,China (bilateral),20.366660034707603
Uganda,2022,China (bilateral),21.137310609542336
Uganda,2023,China (bilateral),18.296815970627623
Uganda,2024,China (bilateral),18.20961751834896
Zambia,2000,China (bilateral),2.721569866134321
Zambia,2001,China (bilateral),4.304003434541956
Zambia,2002,China (bilateral),3.9544163294823886
Zambia,2003,China (bilateral),3.6984268849604143
Zambia,2004,China (bilateral),2.974654889118921
Zambia,2005,China (bilateral),4.46395257351648
Zambia,2006,China (bilateral),18.955020608859257
Zambia,2006,China (private),0.0
Zambia,2007,China (bilateral),21.942747826016213
Zambia,2007,China (private),1.9384086081538612
Zambia,2008,China (bilateral),20.53573756908999
Zambia,2008,China (private),3.9968478110875956
Zambia,2009,China (bilateral),19.01465921994819
Zambia,2009,China (private),4.823883950477034
Zambia,2010,China (bilateral),25.007688043411758
Zambia,2010,China (private),4.269687109269368
Zambia,2011,China (bilateral),43.38760305185361
Zambia,2011,China (private),2.576414134980819
Zambia,2012,China (bilateral),34.74372279717882
Zambia,2012,China (private),5.225329975350344
Zambia,2013,China (bilateral),33.38178428988421
Zambia,2013,China (private),7.125266744857717
Zambia,2014,China (bilateral),30.37317253875879
Zambia,2014,China (private),5.644201007810945
Zambia,2015,China (bilateral),27.387664723642253
Zambia,2015,China (private),4.042010973551463
Zambia,2016,China (bilateral),30.56698602817286
Zambia,2016,China (private),3.6416908383198825
Zambia,2017,China (bilateral),27.184906031286054
Zambia,2017,China (private),5.479509037389042
Zambia,2018,China (bilateral),26.21169432888272
Zambia,2018,China (private),6.01070284995254
Zambia,2019,China (bilateral),26.130376548927885
Zambia,2019,China (private),11.628069110413533
Zambia,2020,China (bilateral),24.871092277497866
Zambia,2020,China (private),12.292726494921528
Zambia,2021,China (bilateral),24.786170569034063
Zambia,2021,China (private),12.187633616407982
Zambia,2022,China (bilateral),23.467874572195484
Zambia,2022,China (private),11.489503003366199
Zambia,2023,China (bilateral),23.35313087859586
Zambia,2023,China (private),11.606690229690766
Zambia,2024,China (bilateral),23.078298339620414
Zambia,2024,China (private),11.365785891274466
Zimbabwe,2000,China (bilateral),1.7397483570114871
Zimbabwe,2000,China (private),0.0
Zimbabwe,2001,China (bilateral),1.7820232245662024
Zimbabwe,2001,China (private),0.0
Zimbabwe,2002,China (bilateral),2.1401237887509783
Zimbabwe,2003,China (bilateral),2.0916522980123204
Zimbabwe,2004,China (bilateral),3.5589876541008274
Zimbabwe,2005,China (bilateral),3.4548506175584297
Zimbabwe,2006,China (bilateral),3.775101231658535
Zimbabwe,2007,China (bilateral),7.828020892405661
Zimbabwe,2008,China (bilateral),8.735209065749181
Zimbabwe,2009,China (bilateral),9.658017575037997
Zimbabwe,2010,China (bilateral),9.949793129999327
Zimbabwe,2011,China (bilateral),12.066851927741821
Zimbabwe,2012,China (bilateral),15.581860649048032
Zimbabwe,2013,China (bilateral),16.697462912684056
Zimbabwe,2014,China (bilateral),19.015695918428804
Zimbabwe,2015,China (bilateral),22.118550406543935
Zimbabwe,2016,China (bilateral),24.928075840165764
Zimbabwe,2017,China (bilateral),26.863524942321725
Zimbabwe,2018,China (bilateral),31.679663116774996
Zimbabwe,2019,China (bilateral),32.28204778914137
Zimbabwe,2020,China (bilateral),32.510442512781836
Zimbabwe,2021,China (bilateral),35.46560493211836
Zimbabwe,2022,China (bilateral),39.09699464292055
Zimbabwe,2023,China (bilateral),36.36144836338677
Zimbabwe,2024,China (bilateral),37.76886286877822
Africa (excluding high income),2000,Other creditors,98.87561186545616
Africa (excluding high income),2001,Other creditors,98.83050407599528
Africa (excluding high income),2002,Other creditors,98.88081299176336
Africa (excluding high income),2003,Other creditors,98.92355791926252
Africa (excluding high income),2004,Other creditors,98.8492939228561
Africa (excluding high income),2005,Other creditors,98.56421104000212
Africa (excluding high income),2006,Other creditors,97.52714013726329
Africa (excluding high income),2007,Other creditors,97.22878002521269
Africa (excluding high income),2008,Other creditors,96.65624419613526
Africa (excluding high income),2009,Other creditors,95.64171099534144
Africa (excluding high income),2010,Other creditors,92.8101086734297
Africa (excluding high income),2011,Other creditors,91.70636058601123
Africa (excluding high income),2012,Other creditors,91.26791125048996
Africa (excluding high income),2013,Other creditors,89.80177212403119
Africa (excluding high income),2014,Other creditors,87.78047417361
Africa (excluding high income),2015,Other creditors,86.94627631928455
Africa (excluding high income),2016,Other creditors,84.62826222280772
Africa (excluding high income),2017,Other creditors,85.27091602388107
Africa (excluding high income),2018,Other creditors,84.81995277318072
Africa (excluding high income),2019,Other creditors,85.03408755358832
Africa (excluding high income),2020,Other creditors,85.80163211954309
Africa (excluding high income),2021,Other creditors,86.10293293026348
Africa (excluding high income),2022,Other creditors,86.47119399202943
Africa (excluding high income),2023,Other creditors,87.46860575198852
Africa (excluding high income),2024,Other creditors,88.3862285647173
Algeria,2000,Other creditors,99.69155277606764
Algeria,2001,Other creditors,99.84279707141037
Algeria,2002,Other creditors,99.84103317649296
Algeria,2003,Other creditors,99.84173160371431
Algeria,2004,Other creditors,99.83270288884817
Algeria,2005,Other creditors,99.81866799751742
Algeria,2006,Other creditors,99.33940227147819
Algeria,2007,Other creditors,98.40334638886638
Algeria,2008,Other creditors,98.26082370476065
Algeria,2009,Other creditors,97.50165465097344
Algeria,2010,Other creditors,97.30267350705066
Algeria,2011,Other creditors,96.77693543245303
Algeria,2012,Other creditors,95.2213135387187
Algeria,2013,Other creditors,94.36286809762
Algeria,2014,Other creditors,93.28468633971511
Algeria,2015,Other creditors,92.06156118818039
Algeria,2016,Other creditors,96.00976566446775
Algeria,2017,Other creditors,95.73274648168021
Algeria,2018,Other creditors,95.417650165172
Algeria,2019,Other creditors,95.1038018220034
Algeria,2020,Other creditors,94.83533936146407
Algeria,2021,Other creditors,94.25309079969468
Algeria,2022,Other creditors,93.72045197396022
Algeria,2023,Other creditors,93.23156169882856
Algeria,2024,Other creditors,92.46814951684685
Angola,2000,Other creditors,99.23683129976892
Angola,2001,Other creditors,99.11637513123218
Angola,2002,Other creditors,99.28251347321138
Angola,2003,Other creditors,99.29135880264826
Angola,2004,Other creditors,99.00975198775197
Angola,2005,Other creditors,97.83968287120119
Angola,2006,Other creditors,92.21839938382513
Angola,2007,Other creditors,88.20718752899009
Angola,2008,Other creditors,88.73377278071588
Angola,2009,Other creditors,88.54477765106145
Angola,2010,Other creditors,68.23011238563849
Angola,2011,Other creditors,64.38505298976676
Angola,2012,Other creditors,68.3859652887926
Angola,2013,Other creditors,64.95407406442962
Angola,2014,Other creditors,67.57899063707589
Angola,2015,Other creditors,69.85871929773842
Angola,2016,Other creditors,54.1106165925597
Angola,2017,Other creditors,51.34779693546124
Angola,2018,Other creditors,51.31362620844677
Angola,2019,Other creditors,52.82449887473949
Angola,2020,Other creditors,53.43027078833369
Angola,2021,Other creditors,52.91355047153701
Angola,2022,Other creditors,56.54838530125205
Angola,2023,Other creditors,60.703709352053934
Angola,2024,Other creditors,68.76605242031815
Benin,2000,Other creditors,97.06238327020166
Benin,2001,Other creditors,96.92252171696636
Benin,2002,Other creditors,96.76522646140022
Benin,2003,Other creditors,97.05321277033516
Benin,2004,Other creditors,97.43273640661674
Benin,2005,Other creditors,95.58034324410062
Benin,2006,Other creditors,83.10662875139076
Benin,2007,Other creditors,83.89400374868632
Benin,2008,Other creditors,85.24918320085156
Benin,2009,Other creditors,88.45341796536349
Benin,2010,Other creditors,89.61495538875812
Benin,2011,Other creditors,89.1534094630159
Benin,2012,Other creditors,88.96667227305747
Benin,2013,Other creditors,91.31426268569226
Benin,2014,Other creditors,88.64041982304578
Benin,2015,Other creditors,87.09610919977618
Benin,2016,Other creditors,88.13540780932925
Benin,2017,Other creditors,88.50660567331755
Benin,2018,Other creditors,89.04670421719024
Benin,2019,Other creditors,91.6158649026378
Benin,2020,Other creditors,92.83820637395547
Benin,2021,Other creditors,93.9560855278497
Benin,2022,Other creditors,94.8020209483445
Benin,2023,Other creditors,96.09470704258614
Benin,2024,Other creditors,95.9013396852886
Botswana,2000,Other creditors,93.21546254550431
Botswana,2001,Other creditors,92.55093695210222
Botswana,2002,Other creditors,94.37049133451451
Botswana,2003,Other creditors,93.60525755439951
Botswana,2004,Other creditors,90.77925532496589
Botswana,2005,Other creditors,88.17153593306094
Botswana,2006,Other creditors,86.17258759598924
Botswana,2007,Other creditors,79.81706658160141
Botswana,2008,Other creditors,79.54890180884644
Botswana,2009,Other creditors,94.01669937317864
Botswana,2010,Other creditors,94.152193863198
Botswana,2011,Other creditors,96.97538526742815
Botswana,2012,Other creditors,97.20338104174846
Botswana,2013,Other creditors,97.3596628498915
Botswana,2014,Other creditors,96.96951088949025
Botswana,2015,Other creditors,97.42226181859301
Botswana,2016,Other creditors,97.95300498267792
Botswana,2017,Other creditors,98.17874044363602
Botswana,2018,Other creditors,98.6958437641054
Botswana,2019,Other creditors,98.99011247034328
Botswana,2020,Other creditors,99.29463887021396
Botswana,2021,Other creditors,99.74285631636623
Botswana,2022,Other creditors,100.0
Botswana,2023,Other creditors,100.0
Botswana,2024,Other creditors,100.0
Burkina Faso,2000,Other creditors,97.19800918028054
Burkina Faso,2001,Other creditors,97.34004625227112
Burkina Faso,2002,Other creditors,97.57106344326814
Burkina Faso,2003,Other creditors,97.97803799419702
Burkina Faso,2004,Other creditors,96.77555589265083
Burkina Faso,2005,Other creditors,97.06089244617078
Burkina Faso,2006,Other creditors,94.8100543193924
Burkina Faso,2007,Other creditors,96.05868346057838
Burkina Faso,2008,Other creditors,95.9568508719812
Burkina Faso,2009,Other creditors,96.67258578977909
Burkina Faso,2010,Other creditors,97.19124383672323
Burkina Faso,2011,Other creditors,97.48323888437893
Burkina Faso,2012,Other creditors,97.83202415151408
Burkina Faso,2013,Other creditors,98.07294491556408
Burkina Faso,2014,Other creditors,98.35561609634351
Burkina Faso,2015,Other creditors,96.78018810342907
Burkina Faso,2016,Other creditors,97.26874838275278
Burkina Faso,2017,Other creditors,97.66378003838406
Burkina Faso,2018,Other creditors,97.97295696816201
Burkina Faso,2019,Other creditors,98.30812579180572
Burkina Faso,2020,Other creditors,97.80133010844332
Burkina Faso,2021,Other creditors,97.21153941105956
Burkina Faso,2022,Other creditors,97.29416960291584
Burkina Faso,2023,Other creditors,97.78235730653418
Burkina Faso,2024,Other creditors,98.06992450201459
Burundi,2000,Other creditors,98.11382104030024
Burundi,2001,Other creditors,99.7096059952197
Burundi,2002,Other creditors,98.90532209836961
Burundi,2003,Other creditors,99.03442848073347
Burundi,2004,Other creditors,99.05054938919042
Burundi,2005,Other creditors,98.94591828969946
Burundi,2006,Other creditors,98.95918602763167
Burundi,2007,Other creditors,100.0
Burundi,2008,Other creditors,100.0
Burundi,2009,Other creditors,100.0
Burundi,2010,Other creditors,100.0
Burundi,2011,Other creditors,100.0
Burundi,2012,Other creditors,100.0
Burundi,2013,Other creditors,100.0
Burundi,2014,Other creditors,100.0
Burundi,2015,Other creditors,97.3735479303275
Burundi,2016,Other creditors,96.65369386287671
Burundi,2017,Other creditors,96.51589773284199
Burundi,2018,Other creditors,96.74424904933288
Burundi,2019,Other creditors,91.18546788971894
Burundi,2020,Other creditors,91.51089466779027
Burundi,2021,Other creditors,91.94525502390033
Burundi,2022,Other creditors,92.38543649204468
Burundi,2023,Other creditors,93.01186652045413
Burundi,2024,Other creditors,93.80557362012217
Cabo Verde,2000,Other creditors,98.09379723322355
Cabo Verde,2001,Other creditors,100.0
Cabo Verde,2002,Other creditors,100.0
Cabo Verde,2003,Other creditors,100.0
Cabo Verde,2004,Other creditors,100.0
Cabo Verde,2005,Other creditors,100.0
Cabo Verde,2006,Other creditors,100.0
Cabo Verde,2007,Other creditors,100.0
Cabo Verde,2008,Other creditors,100.0
Cabo Verde,2009,Other creditors,97.64864018224227
Cabo Verde,2010,Other creditors,97.42732196528124
Cabo Verde,2011,Other creditors,97.06859445088305
Cabo Verde,2012,Other creditors,97.42382226934257
Cabo Verde,2013,Other creditors,97.78686720367216
Cabo Verde,2014,Other creditors,97.94989722843968
Cabo Verde,2015,Other creditors,98.20127779171843
Cabo Verde,2016,Other creditors,98.44626714462771
Cabo Verde,2017,Other creditors,98.04080888040545
Cabo Verde,2018,Other creditors,98.13639149351229
Cabo Verde,2019,Other creditors,98.33736255109459
Cabo Verde,2020,Other creditors,98.44625194245155
Cabo Verde,2021,Other creditors,98.34277348282573
Cabo Verde,2022,Other creditors,98.5472040887581
Cabo Verde,2023,Other creditors,98.73036883168368
Cabo Verde,2024,Other creditors,98.87816588872077
Cameroon,2000,Other creditors,99.6443666227441
Cameroon,2001,Other creditors,99.6260012302287
Cameroon,2002,Other creditors,99.47624760296789
Cameroon,2003,Other creditors,99.52459446032063
Cameroon,2004,Other creditors,99.47101576806985
Cameroon,2005,Other creditors,99.10427047493503
Cameroon,2006,Other creditors,98.20920020149387
Cameroon,2007,Other creditors,97.65072671519441
Cameroon,2008,Other creditors,94.9306076575875
Cameroon,2009,Other creditors,94.53997581511241
Cameroon,2010,Other creditors,90.8616472983379
Cameroon,2011,Other creditors,88.534111469114
Cameroon,2012,Other creditors,80.61951761021756
Cameroon,2013,Other creditors,69.12492972573277
Cameroon,2014,Other creditors,58.75430047469151
Cameroon,2015,Other creditors,62.6664139016554
Cameroon,2016,Other creditors,62.11373893171199
Cameroon,2017,Other creditors,61.829032562574106
Cameroon,2018,Other creditors,65.79286867904564
Cameroon,2019,Other creditors,65.31643377294685
Cameroon,2020,Other creditors,66.88614410255042
Cameroon,2021,Other creditors,69.9533984959097
Cameroon,2022,Other creditors,68.02541028484424
Cameroon,2023,Other creditors,70.68973049959901
Cameroon,2024,Other creditors,73.59339793583507
Central African Republic,2000,Other creditors,99.07764149020298
Central African Republic,2001,Other creditors,99.03023390022604
Central African Republic,2002,Other creditors,98.76550765917298
Central African Republic,2003,Other creditors,98.84195358823334
Central African Republic,2004,Other creditors,98.95775650248636
Central African Republic,2005,Other creditors,98.8580161020874
Central African Republic,2006,Other creditors,98.80897382871518
Central African Republic,2007,Other creditors,98.7095803620023
Central African Republic,2008,Other creditors,98.70394569456434
Central African Republic,2009,Other creditors,95.71619192578133
Central African Republic,2010,Other creditors,87.22610339055709
Central African Republic,2011,Other creditors,83.47783075410386
Central African Republic,2012,Other creditors,81.64445495444099
Central African Republic,2013,Other creditors,76.72101676059985
Central African Republic,2014,Other creditors,81.1452115875856
Central African Republic,2015,Other creditors,74.8180443961362
Central African Republic,2016,Other creditors,75.94876557145524
Central African Republic,2017,Other creditors,73.58071493124983
Central African Republic,2018,Other creditors,83.6927159878675
Central African Republic,2019,Other creditors,85.59178868127944
Central African Republic,2020,Other creditors,90.3341088740288
Central African Republic,2021,Other creditors,94.92748077210209
Central African Republic,2022,Other creditors,95.49445526152935
Central African Republic,2023,Other creditors,95.702488022293
Central African Republic,2024,Other creditors,95.62872380200267
Chad,2000,Other creditors,97.77647694118778
Chad,2001,Other creditors,98.02553612079586
Chad,2002,Other creditors,98.30544798295256
Chad,2003,Other creditors,98.95598951203999
Chad,2004,Other creditors,99.03952600110178
Chad,2005,Other creditors,99.0215223650528
Chad,2006,Other creditors,100.0
Chad,2007,Other creditors,100.0
Chad,2008,Other creditors,97.39340311023773
Chad,2009,Other creditors,97.4009721631782
Chad,2010,Other creditors,97.71145707994764
Chad,2011,Other creditors,94.02419705258595
Chad,2012,Other creditors,92.37200976197076
Chad,2013,Other creditors,93.8304608124845
Chad,2014,Other creditors,93.30309675274879
Chad,2015,Other creditors,91.08716456702895
Chad,2016,Other creditors,90.67011581152163
Chad,2017,Other creditors,91.12701512292567
Chad,2018,Other creditors,91.25798624226829
Chad,2019,Other creditors,91.34337839742277
Chad,2020,Other creditors,88.82061720898392
Chad,2021,Other creditors,88.02642148037182
Chad,2022,Other creditors,87.70377400076377
Chad,2023,Other creditors,89.63704559771811
Chad,2024,Other creditors,91.47749342002021
Comoros,2000,Other creditors,99.40119069317612
Comoros,2001,Other creditors,99.44348468630287
Comoros,2002,Other creditors,99.49581754112668
Comoros,2003,Other creditors,99.5375420199841
Comoros,2004,Other creditors,99.5511098484862
Comoros,2005,Other creditors,99.51188345490925
Comoros,2006,Other creditors,99.49978234495654
Comoros,2007,Other creditors,99.5020163490364
Comoros,2008,Other creditors,100.0
Comoros,2009,Other creditors,100.0
Comoros,2010,Other creditors,100.0
Comoros,2011,Other creditors,100.0
Comoros,2012,Other creditors,100.0
Comoros,2013,Other creditors,100.0
Comoros,2014,Other creditors,100.0
Comoros,2015,Other creditors,100.0
Comoros,2016,Other creditors,79.82431291375985
Comoros,2017,Other creditors,80.54539733078782
Comoros,2018,Other creditors,67.50380341365596
Comoros,2019,Other creditors,67.97368351105442
Comoros,2020,Other creditors,64.41967338963818
Comoros,2021,Other creditors,61.640885965838756
Comoros,2022,Other creditors,65.93581511684427
Comoros,2023,Other creditors,68.93671194479995
Comoros,2024,Other creditors,72.26356731234176
"Congo, Dem. Rep.",2000,Other creditors,99.21601106057524
"Congo, Dem. Rep.",2001,Other creditors,99.18559335242958
"Congo, Dem. Rep.",2002,Other creditors,99.30163439017004
"Congo, Dem. Rep.",2003,Other creditors,99.28176725616117
"Congo, Dem. Rep.",2004,Other creditors,99.31348751955868
"Congo, Dem. Rep.",2005,Other creditors,99.28451485151258
"Congo, Dem. Rep.",2006,Other creditors,99.34435597620137
"Congo, Dem. Rep.",2007,Other creditors,99.4040821458882
"Congo, Dem. Rep.",2008,Other creditors,99.41472603831042
"Congo, Dem. Rep.",2009,Other creditors,99.45859638725707
"Congo, Dem. Rep.",2010,Other creditors,82.84695990657224
"Congo, Dem. Rep.",2011,Other creditors,76.494442802275
"Congo, Dem. Rep.",2012,Other creditors,74.0090559273191
"Congo, Dem. Rep.",2013,Other creditors,63.33116042854934
"Congo, Dem. Rep.",2014,Other creditors,59.174838622648295
"Congo, Dem. Rep.",2015,Other creditors,55.84902736458602
"Congo, Dem. Rep.",2016,Other creditors,53.488432753191496
"Congo, Dem. Rep.",2017,Other creditors,54.728675706522075
"Congo, Dem. Rep.",2018,Other creditors,42.868655628748584
"Congo, Dem. Rep.",2019,Other creditors,44.79032508172935
"Congo, Dem. Rep.",2020,Other creditors,41.50870128750858
"Congo, Dem. Rep.",2021,Other creditors,42.18073214479405
"Congo, Dem. Rep.",2022,Other creditors,47.104969851918014
"Congo, Dem. Rep.",2023,Other creditors,52.53418546407528
"Congo, Dem. Rep.",2024,Other creditors,55.576186457909905
"Congo, Rep.",2000,Other creditors,99.05165988090833
"Congo, Rep.",2001,Other creditors,98.95491888996911
"Congo, Rep.",2002,Other creditors,98.98056999084086
"Congo, Rep.",2003,Other creditors,99.03816878886383
"Congo, Rep.",2004,Other creditors,99.1611095443993
"Congo, Rep.",2005,Other creditors,96.65045909827454
"Congo, Rep.",2006,Other creditors,94.5535495225368
"Congo, Rep.",2007,Other creditors,93.63827457722435
"Congo, Rep.",2008,Other creditors,93.51563074892985
"Congo, Rep.",2009,Other creditors,93.04011458857912
"Congo, Rep.",2010,Other creditors,53.46436649097437
"Congo, Rep.",2011,Other creditors,50.514151160379974
"Congo, Rep.",2012,Other creditors,46.07427499696431
"Congo, Rep.",2013,Other creditors,41.86691181992341
"Congo, Rep.",2014,Other creditors,48.926424726511236
"Congo, Rep.",2015,Other creditors,54.513071436133146
"Congo, Rep.",2016,Other creditors,55.705138834502634
"Congo, Rep.",2017,Other creditors,57.11315760933597
"Congo, Rep.",2018,Other creditors,56.09462632755628
"Congo, Rep.",2019,Other creditors,49.03225383493233
"Congo, Rep.",2020,Other creditors,51.18526200630447
"Congo, Rep.",2021,Other creditors,50.12895180768855
"Congo, Rep.",2022,Other creditors,48.63922793677745
"Congo, Rep.",2023,Other creditors,46.63979907085465
"Congo, Rep.",2024,Other creditors,44.26021445036039
Cote d'Ivoire,2000,Other creditors,99.84326866094023
Cote d'Ivoire,2001,Other creditors,99.82194768925193
Cote d'Ivoire,2002,Other creditors,99.81033882382656
Cote d'Ivoire,2003,Other creditors,99.79625775599894
Cote d'Ivoire,2004,Other creditors,99.6119056938034
Cote d'Ivoire,2005,Other creditors,99.55510429357972
Cote d'Ivoire,2006,Other creditors,99.57986042861391
Cote d'Ivoire,2007,Other creditors,99.48239032848385
Cote d'Ivoire,2008,Other creditors,99.36766935794235
Cote d'Ivoire,2009,Other creditors,99.41210417535484
Cote d'Ivoire,2010,Other creditors,98.79955863423628
Cote d'Ivoire,2011,Other creditors,98.66930442981558
Cote d'Ivoire,2012,Other creditors,96.74440237613405
Cote d'Ivoire,2013,Other creditors,93.42728597852611
Cote d'Ivoire,2014,Other creditors,91.39391353983535
Cote d'Ivoire,2015,Other creditors,90.63935355966295
Cote d'Ivoire,2016,Other creditors,85.6137044275785
Cote d'Ivoire,2017,Other creditors,83.744654324662
Cote d'Ivoire,2018,Other creditors,85.11587736976917
Cote d'Ivoire,2019,Other creditors,83.82981471095773
Cote d'Ivoire,2020,Other creditors,84.35691914542122
Cote d'Ivoire,2021,Other creditors,85.42623964033879
Cote d'Ivoire,2022,Other creditors,85.17613611926733
Cote d'Ivoire,2023,Other creditors,85.49751889062243
Cote d'Ivoire,2024,Other creditors,86.84813105124567
Djibouti,2000,Other creditors,98.22687787749439
Djibouti,2001,Other creditors,98.21373009397603
Djibouti,2002,Other creditors,98.00018396591312
Djibouti,2003,Other creditors,99.30666228585655
Djibouti,2004,Other creditors,99.54635970804969
Djibouti,2005,Other creditors,99.72560302522372
Djibouti,2006,Other creditors,99.93479095410977
Djibouti,2007,Other creditors,96.70297004022926
Djibouti,2008,Other creditors,96.51695831891503
Djibouti,2009,Other creditors,96.42986480368256
Djibouti,2010,Other creditors,96.25768985855973
Djibouti,2011,Other creditors,96.96479353038667
Djibouti,2012,Other creditors,97.53685869773433
Djibouti,2013,Other creditors,96.29590465776724
Djibouti,2014,Other creditors,78.02551493149834
Djibouti,2015,Other creditors,55.893634367168445
Djibouti,2016,Other creditors,44.62762546112878
Djibouti,2017,Other creditors,40.3291865510995
Djibouti,2018,Other creditors,41.9807233815607
Djibouti,2019,Other creditors,44.28113293222719
Djibouti,2020,Other creditors,43.00878887316367
Djibouti,2021,Other creditors,44.46919930058837
Djibouti,2022,Other creditors,44.72325797770208
Djibouti,2023,Other creditors,48.087039017012
Djibouti,2024,Other creditors,49.45740251401313
"Egypt, Arab Rep.",2000,Other creditors,99.6570180424694
"Egypt, Arab Rep.",2001,Other creditors,99.7137206210235
"Egypt, Arab Rep.",2002,Other creditors,99.64308259191394
"Egypt, Arab Rep.",2003,Other creditors,99.6231072280046
"Egypt, Arab Rep.",2004,Other creditors,99.60867469540918
"Egypt, Arab Rep.",2005,Other creditors,99.65054538679293
"Egypt, Arab Rep.",2006,Other creditors,99.6194477501944
"Egypt, Arab Rep.",2007,Other creditors,99.60958507050657
"Egypt, Arab Rep.",2008,Other creditors,99.56004073658079
"Egypt, Arab Rep.",2009,Other creditors,99.53819744269322
"Egypt, Arab Rep.",2010,Other creditors,99.48561584476295
"Egypt, Arab Rep.",2011,Other creditors,99.44665801846
"Egypt, Arab Rep.",2012,Other creditors,98.8300774563675
"Egypt, Arab Rep.",2013,Other creditors,99.10878775082331
"Egypt, Arab Rep.",2014,Other creditors,99.0258474488054
"Egypt, Arab Rep.",2015,Other creditors,99.2079874322548
"Egypt, Arab Rep.",2016,Other creditors,96.33907217984287
"Egypt, Arab Rep.",2017,Other creditors,96.41789720256084
"Egypt, Arab Rep.",2018,Other creditors,94.69806359599693
"Egypt, Arab Rep.",2019,Other creditors,95.22930977674893
"Egypt, Arab Rep.",2020,Other creditors,95.49358630616392
"Egypt, Arab Rep.",2021,Other creditors,95.75694179411803
"Egypt, Arab Rep.",2022,Other creditors,95.26889491893414
"Egypt, Arab Rep.",2023,Other creditors,94.57775508935222
"Egypt, Arab Rep.",2024,Other creditors,94.47577237811583
Equatorial Guinea,2019,Other creditors,5.6398093892783
Equatorial Guinea,2020,Other creditors,6.2201123268318534
Equatorial Guinea,2021,Other creditors,6.323992777545199
Equatorial Guinea,2022,Other creditors,6.420521676106253
Equatorial Guinea,2023,Other creditors,7.116911353759177
Equatorial Guinea,2024,Other creditors,7.412353931781826
Eritrea,2000,Other creditors,99.07363586738767
Eritrea,2001,Other creditors,99.30081394115746
Eritrea,2002,Other creditors,98.93968670423062
Eritrea,2003,Other creditors,99.14272630063533
Eritrea,2004,Other creditors,99.26310602077831
Eritrea,2005,Other creditors,99.26412215115116
Eritrea,2006,Other creditors,99.29630236975962
Eritrea,2007,Other creditors,98.16055560450634
Eritrea,2008,Other creditors,90.71283074904044
Eritrea,2009,Other creditors,86.84654872190232
Eritrea,2010,Other creditors,86.58999556157802
Eritrea,2011,Other creditors,86.58915223367623
Eritrea,2012,Other creditors,89.89208049820361
Eritrea,2013,Other creditors,93.58431853483326
Eritrea,2014,Other creditors,93.33900571870119
Eritrea,2015,Other creditors,93.74204521301357
Eritrea,2016,Other creditors,94.53689738608534
Eritrea,2017,Other creditors,95.13011905021045
Eritrea,2018,Other creditors,95.8403887737419
Eritrea,2019,Other creditors,96.38439633763922
Eritrea,2020,Other creditors,96.832208634115
Eritrea,2021,Other creditors,97.2376205340915
Eritrea,2022,Other creditors,98.01802678021596
Eritrea,2023,Other creditors,98.75112761281127
Eritrea,2024,Other creditors,99.41439136877335
Eswatini,2000,Other creditors,98.47523458535917
Eswatini,2001,Other creditors,98.50995626142
Eswatini,2002,Other creditors,98.8037843411595
Eswatini,2003,Other creditors,99.0352526754845
Eswatini,2004,Other creditors,99.17461831845422
Eswatini,2005,Other creditors,99.24584219033446
Eswatini,2006,Other creditors,99.31968662417547
Eswatini,2007,Other creditors,99.42045795943237
Eswatini,2008,Other creditors,99.51533399791867
Eswatini,2009,Other creditors,99.57488130909958
Eswatini,2010,Other creditors,99.62554787746946
Eswatini,2011,Other creditors,99.63557677397976
Eswatini,2012,Other creditors,99.65758809582854
Eswatini,2013,Other creditors,99.6876138304406
Eswatini,2014,Other creditors,99.74764394327222
Eswatini,2015,Other creditors,99.81864196191277
Eswatini,2016,Other creditors,91.12994525795384
Eswatini,2017,Other creditors,86.63339532236601
Eswatini,2018,Other creditors,74.93159646734875
Eswatini,2019,Other creditors,70.56672771776064
Eswatini,2020,Other creditors,67.62088152443243
Eswatini,2021,Other creditors,70.03670408057582
Eswatini,2022,Other creditors,75.93308640960178
Eswatini,2023,Other creditors,77.15307576974776
Eswatini,2024,Other creditors,75.43221344486038
Ethiopia,2000,Other creditors,98.84391885312607
Ethiopia,2001,Other creditors,99.16735999342889
Ethiopia,2002,Other creditors,99.45805033570035
Ethiopia,2003,Other creditors,99.60021604926257
Ethiopia,2004,Other creditors,99.32162770508992
Ethiopia,2005,Other creditors,99.27638947517899
Ethiopia,2006,Other creditors,99.30933161445245
Ethiopia,2007,Other creditors,99.06459549074842
Ethiopia,2008,Other creditors,99.07761973055392
Ethiopia,2009,Other creditors,73.9278755140751
Ethiopia,2010,Other creditors,72.6360236179436
Ethiopia,2011,Other creditors,73.39434538548376
Ethiopia,2012,Other creditors,72.85638677427826
Ethiopia,2013,Other creditors,72.89939066698598
Ethiopia,2014,Other creditors,66.27035041903078
Ethiopia,2015,Other creditors,62.706139426668486
Ethiopia,2016,Other creditors,62.75603905042985
Ethiopia,2017,Other creditors,65.38957061589021
Ethiopia,2018,Other creditors,69.99806944613863
Ethiopia,2019,Other creditors,71.80280194568368
Ethiopia,2020,Other creditors,74.42624811599245
Ethiopia,2021,Other creditors,75.40408787853661
Ethiopia,2022,Other creditors,76.51040625753846
Ethiopia,2023,Other creditors,79.36554787601231
Ethiopia,2024,Other creditors,78.08266048140102
Gabon,2000,Other creditors,98.96120207934736
Gabon,2001,Other creditors,98.78154124196386
Gabon,2002,Other creditors,98.39627154964008
Gabon,2003,Other creditors,97.65299654955678
Gabon,2004,Other creditors,97.77770057820312
Gabon,2005,Other creditors,97.48978919713309
Gabon,2006,Other creditors,97.49729483356339
Gabon,2007,Other creditors,97.72410629237824
Gabon,2008,Other creditors,93.51630880404423
Gabon,2009,Other creditors,91.38240069410269
Gabon,2010,Other creditors,87.21765366305478
Gabon,2011,Other creditors,85.94927317811509
Gabon,2012,Other creditors,84.06965196918607
Gabon,2013,Other creditors,84.39094239366398
Gabon,2014,Other creditors,81.46030528562342
Gabon,2015,Other creditors,81.28747388321727
Gabon,2016,Other creditors,78.70151636478856
Gabon,2017,Other creditors,81.47675457691149
Gabon,2018,Other creditors,80.54993467071185
Gabon,2019,Other creditors,80.32792573256437
Gabon,2020,Other creditors,81.6351045730363
Gabon,2021,Other creditors,82.20127738041944
Gabon,2022,Other creditors,83.78031400786077
Gabon,2023,Other creditors,85.05375987796292
Gabon,2024,Other creditors,84.09335397629107
"Gambia, The",2000,Other creditors,95.77120763162587
"Gambia, The",2001,Other creditors,95.91993313327582
"Gambia, The",2002,Other creditors,96.5007645991891
"Gambia, The",2003,Other creditors,96.87880747208983
"Gambia, The",2004,Other creditors,97.16348022466902
"Gambia, The",2005,Other creditors,97.09715220182417
"Gambia, The",2006,Other creditors,97.30465002632826
"Gambia, The",2007,Other creditors,98.76250658835093
"Gambia, The",2008,Other creditors,96.34932986770896
"Gambia, The",2009,Other creditors,96.85392425377832
"Gambia, The",2010,Other creditors,96.83958444098076
"Gambia, The",2011,Other creditors,96.7897411112389
"Gambia, The",2012,Other creditors,96.88419202234996
"Gambia, The",2013,Other creditors,96.9722307950431
"Gambia, The",2014,Other creditors,100.0
"Gambia, The",2015,Other creditors,100.0
"Gambia, The",2016,Other creditors,100.0
"Gambia, The",2017,Other creditors,100.0
"Gambia, The",2018,Other creditors,100.0
"Gambia, The",2019,Other creditors,96.65413356242905
"Gambia, The",2020,Other creditors,96.78041949373173
"Gambia, The",2021,Other creditors,96.75737873835695
"Gambia, The",2022,Other creditors,97.1896603732641
"Gambia, The",2023,Other creditors,97.50641435047113
"Gambia, The",2024,Other creditors,97.62548318639362
Ghana,2000,Other creditors,99.50176688305896
Ghana,2001,Other creditors,99.47299571611768
Ghana,2002,Other creditors,99.00643751047984
Ghana,2003,Other creditors,99.11781184344886
Ghana,2004,Other creditors,99.18803032178516
Ghana,2005,Other creditors,99.19213838297955
Ghana,2006,Other creditors,97.83690263184675
Ghana,2007,Other creditors,96.81089255054283
Ghana,2008,Other creditors,95.20922607724216
Ghana,2009,Other creditors,92.07267463310696
Ghana,2010,Other creditors,89.00904379459794
Ghana,2011,Other creditors,87.77240665962157
Ghana,2012,Other creditors,82.38484091662576
Ghana,2013,Other creditors,80.28497467286948
Ghana,2014,Other creditors,81.5631649794259
Ghana,2015,Other creditors,83.54905830059838
Ghana,2016,Other creditors,85.83060687852789
Ghana,2017,Other creditors,87.8094972932056
Ghana,2018,Other creditors,89.50634092646398
Ghana,2019,Other creditors,90.70632697611576
Ghana,2020,Other creditors,92.30802791395755
Ghana,2021,Other creditors,93.01178374798576
Ghana,2022,Other creditors,93.20934929119443
Ghana,2023,Other creditors,93.50847927581019
Ghana,2024,Other creditors,92.75112818887604
Guinea,2000,Other creditors,98.67443487209323
Guinea,2001,Other creditors,98.69414111678063
Guinea,2002,Other creditors,98.84544327798463
Guinea,2003,Other creditors,99.0088136399524
Guinea,2004,Other creditors,99.01245241137482
Guinea,2005,Other creditors,98.73421611868412
Guinea,2006,Other creditors,98.05329124238486
Guinea,2007,Other creditors,98.47605969726101
Guinea,2008,Other creditors,98.07682946030518
Guinea,2009,Other creditors,98.04656790124753
Guinea,2010,Other creditors,97.92367132346047
Guinea,2011,Other creditors,97.91820963619965
Guinea,2012,Other creditors,94.0958307113709
Guinea,2013,Other creditors,80.99815312482677
Guinea,2014,Other creditors,74.6954075914099
Guinea,2015,Other creditors,67.86993800273785
Guinea,2016,Other creditors,68.88923414862418
Guinea,2017,Other creditors,69.19912494160778
Guinea,2018,Other creditors,69.68098161211361
Guinea,2019,Other creditors,55.36099294298992
Guinea,2020,Other creditors,54.78198059261946
Guinea,2021,Other creditors,56.27927909691029
Guinea,2022,Other creditors,55.850889288147464
Guinea,2023,Other creditors,54.942614800970446
Guinea,2024,Other creditors,59.69606551619655
Guinea-Bissau,2000,Other creditors,97.98950375957834
Guinea-Bissau,2001,Other creditors,100.0
Guinea-Bissau,2002,Other creditors,100.0
Guinea-Bissau,2003,Other creditors,100.0
Guinea-Bissau,2004,Other creditors,100.0
Guinea-Bissau,2005,Other creditors,100.0
Guinea-Bissau,2006,Other creditors,100.0
Guinea-Bissau,2007,Other creditors,100.0
Guinea-Bissau,2008,Other creditors,100.0
Guinea-Bissau,2009,Other creditors,100.0
Guinea-Bissau,2010,Other creditors,100.0
Guinea-Bissau,2011,Other creditors,100.0
Guinea-Bissau,2012,Other creditors,100.0
Guinea-Bissau,2013,Other creditors,100.0
Guinea-Bissau,2014,Other creditors,100.0
Guinea-Bissau,2015,Other creditors,100.0
Guinea-Bissau,2016,Other creditors,100.0
Guinea-Bissau,2017,Other creditors,100.0
Guinea-Bissau,2018,Other creditors,100.0
Guinea-Bissau,2019,Other creditors,100.0
Guinea-Bissau,2020,Other creditors,100.0
Guinea-Bissau,2021,Other creditors,100.0
Guinea-Bissau,2022,Other creditors,100.0
Guinea-Bissau,2023,Other creditors,100.0
Guinea-Bissau,2024,Other creditors,100.0
Kenya,2000,Other creditors,99.80936236096488
Kenya,2001,Other creditors,99.68660299432688
Kenya,2002,Other creditors,99.73039939685938
Kenya,2003,Other creditors,99.7616748605546
Kenya,2004,Other creditors,99.71693957704673
Kenya,2005,Other creditors,99.50360813543475
Kenya,2006,Other creditors,99.32155967104404
Kenya,2007,Other creditors,99.24404656065684
Kenya,2008,Other creditors,99.00831493318931
Kenya,2009,Other creditors,97.4264519166668
Kenya,2010,Other creditors,96.04417484014938
Kenya,2011,Other creditors,93.76600790124712
Kenya,2012,Other creditors,92.11572175940671
Kenya,2013,Other creditors,90.45314766410239
Kenya,2014,Other creditors,83.23666396637802
Kenya,2015,Other creditors,79.35747118624704
Kenya,2016,Other creditors,74.79050422012897
Kenya,2017,Other creditors,74.01577439605764
Kenya,2018,Other creditors,74.51022505880422
Kenya,2019,Other creditors,75.75521498110838
Kenya,2020,Other creditors,78.35704590891281
Kenya,2021,Other creditors,79.08455228182308
Kenya,2022,Other creditors,80.91793574840317
Kenya,2023,Other creditors,83.25590074153473
Kenya,2024,Other creditors,84.91625212801428
Lesotho,2000,Other creditors,99.31089939479361
Lesotho,2001,Other creditors,98.16598992934665
Lesotho,2002,Other creditors,98.65440279620191
Lesotho,2003,Other creditors,98.74264287365989
Lesotho,2004,Other creditors,98.99533938992442
Lesotho,2005,Other creditors,98.79877711014683
Lesotho,2006,Other creditors,98.74751813700016
Lesotho,2007,Other creditors,99.78681927368372
Lesotho,2008,Other creditors,97.51516159120422
Lesotho,2009,Other creditors,96.01309615190297
Lesotho,2010,Other creditors,95.82666776509411
Lesotho,2011,Other creditors,95.54310399514947
Lesotho,2012,Other creditors,94.54216919184475
Lesotho,2013,Other creditors,94.35585339361336
Lesotho,2014,Other creditors,94.4569198293077
Lesotho,2015,Other creditors,94.80844305143508
Lesotho,2016,Other creditors,93.58522528152116
Lesotho,2017,Other creditors,93.95909119386039
Lesotho,2018,Other creditors,94.6022814293165
Lesotho,2019,Other creditors,91.64452784372817
Lesotho,2020,Other creditors,87.67975511011542
Lesotho,2021,Other creditors,85.02414035788908
Lesotho,2022,Other creditors,83.20272415246947
Lesotho,2023,Other creditors,81.69009538264805
Lesotho,2024,Other creditors,82.1290050304728
Liberia,2000,Other creditors,98.52802650268728
Liberia,2001,Other creditors,98.49122342037242
Liberia,2002,Other creditors,98.56034409606067
Liberia,2003,Other creditors,98.63632659346116
Liberia,2004,Other creditors,98.69172166654648
Liberia,2005,Other creditors,98.6219972420481
Liberia,2006,Other creditors,98.65038527608978
Liberia,2007,Other creditors,98.4272884891287
Liberia,2008,Other creditors,99.408040583913
Liberia,2009,Other creditors,100.0
Liberia,2010,Other creditors,100.0
Liberia,2011,Other creditors,96.87188201215996
Liberia,2012,Other creditors,97.21378990430539
Liberia,2013,Other creditors,97.43290094280333
Liberia,2014,Other creditors,98.04528302420914
Liberia,2015,Other creditors,98.74206188644618
Liberia,2016,Other creditors,99.02937270383774
Liberia,2017,Other creditors,96.75074903868406
Liberia,2018,Other creditors,92.43440964649433
Liberia,2019,Other creditors,93.5704997856766
Liberia,2020,Other creditors,93.92273417153851
Liberia,2021,Other creditors,94.20152327523647
Liberia,2022,Other creditors,95.15094851284822
Liberia,2023,Other creditors,95.90069772800865
Liberia,2024,Other creditors,96.47724200821081
Madagascar,2000,Other creditors,99.5047257210459
Madagascar,2001,Other creditors,99.43908003983785
Madagascar,2002,Other creditors,99.48570481916703
Madagascar,2003,Other creditors,99.53976695723618
Madagascar,2004,Other creditors,99.01065617485276
Madagascar,2005,Other creditors,98.88882359329247
Madagascar,2006,Other creditors,96.96884410037526
Madagascar,2007,Other creditors,99.78928762263075
Madagascar,2008,Other creditors,98.08586289821527
Madagascar,2009,Other creditors,97.14730669599841
Madagascar,2010,Other creditors,96.94267854652956
Madagascar,2011,Other creditors,96.95421783642686
Madagascar,2012,Other creditors,97.08145339037732
Madagascar,2013,Other creditors,97.09825665718654
Madagascar,2014,Other creditors,97.38213760547205
Madagascar,2015,Other creditors,97.80372624655273
Madagascar,2016,Other creditors,98.0904009938817
Madagascar,2017,Other creditors,98.33396832616823
Madagascar,2018,Other creditors,97.32559151083619
Madagascar,2019,Other creditors,95.65508300897096
Madagascar,2020,Other creditors,95.57169146795997
Madagascar,2021,Other creditors,95.03885074761922
Madagascar,2022,Other creditors,92.06424949269035
Madagascar,2023,Other creditors,92.62928711147278
Madagascar,2024,Other creditors,93.33829265718519
Malawi,2000,Other creditors,100.0
Malawi,2001,Other creditors,100.0
Malawi,2002,Other creditors,100.0
Malawi,2003,Other creditors,100.0
Malawi,2004,Other creditors,100.0
Malawi,2005,Other creditors,100.0
Malawi,2006,Other creditors,100.0
Malawi,2007,Other creditors,100.0
Malawi,2008,Other creditors,100.0
Malawi,2009,Other creditors,96.8827486139912
Malawi,2010,Other creditors,93.55863111339747
Malawi,2011,Other creditors,83.28299751589316
Malawi,2012,Other creditors,83.1567145624225
Malawi,2013,Other creditors,80.54944052800579
Malawi,2014,Other creditors,82.30766715978582
Malawi,2015,Other creditors,83.60586761181831
Malawi,2016,Other creditors,85.5849061591359
Malawi,2017,Other creditors,87.70321686302425
Malawi,2018,Other creditors,88.55787054464521
Malawi,2019,Other creditors,89.848714550211
Malawi,2020,Other creditors,89.6032239418863
Malawi,2021,Other creditors,89.93845576349943
Malawi,2022,Other creditors,91.04706130334026
Malawi,2023,Other creditors,92.8451540820709
Malawi,2024,Other creditors,93.22755978444518
Mali,2000,Other creditors,94.37766515692061
Mali,2001,Other creditors,96.05027471914718
Mali,2002,Other creditors,95.47401901605866
Mali,2003,Other creditors,95.25939983708437
Mali,2004,Other creditors,95.23688191454566
Mali,2005,Other creditors,95.38126323168083
Mali,2006,Other creditors,90.45750382040477
Mali,2007,Other creditors,96.74327503913581
Mali,2008,Other creditors,96.47944501582741
Mali,2009,Other creditors,96.13413182320284
Mali,2010,Other creditors,96.77318225457661
Mali,2011,Other creditors,96.80593168345641
Mali,2012,Other creditors,92.5321470443522
Mali,2013,Other creditors,91.15272249254053
Mali,2014,Other creditors,88.62109282561941
Mali,2015,Other creditors,86.7593180793924
Mali,2016,Other creditors,85.290623099461
Mali,2017,Other creditors,86.11255301662355
Mali,2018,Other creditors,87.16008120837247
Mali,2019,Other creditors,87.7571269067629
Mali,2020,Other creditors,88.20381807180553
Mali,2021,Other creditors,88.63132458941098
Mali,2022,Other creditors,89.96777078799487
Mali,2023,Other creditors,91.24674395761429
Mali,2024,Other creditors,91.10057815311707
Mauritania,2000,Other creditors,96.04845105826853
Mauritania,2001,Other creditors,96.02988393832229
Mauritania,2002,Other creditors,96.13487354727961
Mauritania,2003,Other creditors,96.41686496010571
Mauritania,2004,Other creditors,96.48032909008407
Mauritania,2005,Other creditors,96.98678391675037
Mauritania,2006,Other creditors,96.25208526010304
Mauritania,2007,Other creditors,100.0
Mauritania,2008,Other creditors,100.0
Mauritania,2009,Other creditors,92.73349890394624
Mauritania,2010,Other creditors,93.59359023573883
Mauritania,2011,Other creditors,92.9063393549104
Mauritania,2012,Other creditors,93.96590249793097
Mauritania,2013,Other creditors,92.26629911283008
Mauritania,2014,Other creditors,92.71373208071661
Mauritania,2015,Other creditors,90.82478059076018
Mauritania,2016,Other creditors,91.21787062058779
Mauritania,2017,Other creditors,91.29797027448004
Mauritania,2018,Other creditors,91.7394169976786
Mauritania,2019,Other creditors,92.05307242758626
Mauritania,2020,Other creditors,91.87066135941085
Mauritania,2021,Other creditors,91.20108593605377
Mauritania,2022,Other creditors,91.3966533613774
Mauritania,2023,Other creditors,91.79072230769494
Mauritania,2024,Other creditors,92.70977286727324
Mauritius,2000,Other creditors,97.93494342407362
Mauritius,2001,Other creditors,97.2474779064736
Mauritius,2002,Other creditors,97.4074517965392
Mauritius,2003,Other creditors,97.38741094395023
Mauritius,2004,Other creditors,96.93132878190372
Mauritius,2005,Other creditors,96.1556574121372
Mauritius,2006,Other creditors,95.19895751257394
Mauritius,2007,Other creditors,95.77378769832279
Mauritius,2008,Other creditors,95.94935496940232
Mauritius,2009,Other creditors,92.5152043633786
Mauritius,2010,Other creditors,85.1257942259463
Mauritius,2011,Other creditors,81.26661209187027
Mauritius,2012,Other creditors,75.43343520573215
Mauritius,2013,Other creditors,76.74497427292985
Mauritius,2014,Other creditors,76.26734110195645
Mauritius,2015,Other creditors,75.71319978788277
Mauritius,2016,Other creditors,77.37751881935195
Mauritius,2017,Other creditors,78.03687313003613
Mauritius,2018,Other creditors,76.56603003764883
Mauritius,2019,Other creditors,78.746424287319
Mauritius,2020,Other creditors,85.10728891033725
Mauritius,2021,Other creditors,91.0806585802308
Mauritius,2022,Other creditors,93.91455853626685
Mauritius,2023,Other creditors,95.60884756932711
Mauritius,2024,Other creditors,96.3013413269884
Morocco,2000,Other creditors,99.96233121825038
Morocco,2001,Other creditors,100.0
Morocco,2002,Other creditors,100.0
Morocco,2003,Other creditors,100.0
Morocco,2004,Other creditors,100.0
Morocco,2005,Other creditors,100.0
Morocco,2006,Other creditors,99.98225302575678
Morocco,2007,Other creditors,99.95638712461964
Morocco,2008,Other creditors,99.6228823960914
Morocco,2009,Other creditors,99.36568195247649
Morocco,2010,Other creditors,97.50260186028835
Morocco,2011,Other creditors,97.63714109585598
Morocco,2012,Other creditors,97.84079195413564
Morocco,2013,Other creditors,98.12724422308253
Morocco,2014,Other creditors,98.21244609901815
Morocco,2015,Other creditors,98.33194955062051
Morocco,2016,Other creditors,97.90417245305757
Morocco,2017,Other creditors,98.21223571446227
Morocco,2018,Other creditors,98.34279152634893
Morocco,2019,Other creditors,98.68237797979262
Morocco,2020,Other creditors,98.98656435361308
Morocco,2021,Other creditors,99.04309540135287
Morocco,2022,Other creditors,99.11338517042924
Morocco,2023,Other creditors,99.27628863107351
Morocco,2024,Other creditors,99.37227971337428
Mozambique,2000,Other creditors,99.29384924762346
Mozambique,2001,Other creditors,99.27548943478084
Mozambique,2002,Other creditors,99.33628126435863
Mozambique,2003,Other creditors,99.37792271044675
Mozambique,2004,Other creditors,99.41500733990392
Mozambique,2005,Other creditors,99.4244415282243
Mozambique,2006,Other creditors,98.94664023838172
Mozambique,2007,Other creditors,99.79722359644717
Mozambique,2008,Other creditors,99.50727812603925
Mozambique,2009,Other creditors,95.1262967899782
Mozambique,2010,Other creditors,96.26778198325346
Mozambique,2011,Other creditors,94.22875166165328
Mozambique,2012,Other creditors,92.0610293377916
Mozambique,2013,Other creditors,90.34175770023155
Mozambique,2014,Other creditors,84.81249582910931
Mozambique,2015,Other creditors,83.75909807970943
Mozambique,2016,Other creditors,82.96917422983317
Mozambique,2017,Other creditors,81.16419006984297
Mozambique,2018,Other creditors,80.43768815324081
Mozambique,2019,Other creditors,81.67633530142531
Mozambique,2020,Other creditors,81.91452358483728
Mozambique,2021,Other creditors,82.05646921173523
Mozambique,2022,Other creditors,83.65198954489364
Mozambique,2023,Other creditors,83.8051428783829
Mozambique,2024,Other creditors,84.37363606761387
Niger,2000,Other creditors,98.42720110755238
Niger,2001,Other creditors,98.57904369259776
Niger,2002,Other creditors,98.74906476878293
Niger,2003,Other creditors,98.93083386719537
Niger,2004,Other creditors,98.84441742600283
Niger,2005,Other creditors,98.81030247119382
Niger,2006,Other creditors,98.05861966501351
Niger,2007,Other creditors,98.28875583594206
Niger,2008,Other creditors,98.71335180933545
Niger,2009,Other creditors,85.15178476246695
Niger,2010,Other creditors,72.16729969272612
Niger,2011,Other creditors,53.31044503840733
Niger,2012,Other creditors,76.26572299947104
Niger,2013,Other creditors,80.03315672276268
Niger,2014,Other creditors,82.29977062866435
Niger,2015,Other creditors,85.83350314731439
Niger,2016,Other creditors,86.05184117004374
Niger,2017,Other creditors,87.43219560260856
Niger,2018,Other creditors,86.85307085800454
Niger,2019,Other creditors,89.64102894936154
Niger,2020,Other creditors,92.43687488021376
Niger,2021,Other creditors,93.18787841195824
Niger,2022,Other creditors,95.11899780329783
Niger,2023,Other creditors,95.86617048367843
Niger,2024,Other creditors,96.36821876130645
Nigeria,2000,Other creditors,100.0
Nigeria,2001,Other creditors,100.0
Nigeria,2002,Other creditors,100.0
Nigeria,2003,Other creditors,99.90359836973359
Nigeria,2004,Other creditors,99.7463121034792
Nigeria,2005,Other creditors,99.20738929804149
Nigeria,2006,Other creditors,86.85761474483299
Nigeria,2007,Other creditors,81.77267612516181
Nigeria,2008,Other creditors,77.85737105834384
Nigeria,2009,Other creditors,83.54225365620933
Nigeria,2010,Other creditors,91.8937501055934
Nigeria,2011,Other creditors,89.27176515415475
Nigeria,2012,Other creditors,87.97846243242974
Nigeria,2013,Other creditors,88.07961329973166
Nigeria,2014,Other creditors,86.62207563618301
Nigeria,2015,Other creditors,86.4693836411801
Nigeria,2016,Other creditors,85.50488351173753
Nigeria,2017,Other creditors,89.75964198143842
Nigeria,2018,Other creditors,90.16794541319064
Nigeria,2019,Other creditors,88.48737850672592
Nigeria,2020,Other creditors,89.38154655388192
Nigeria,2021,Other creditors,89.94557248544767
Nigeria,2022,Other creditors,89.26565094484035
Nigeria,2023,Other creditors,88.27214373032123
Nigeria,2024,Other creditors,89.40180462634618
Rwanda,2000,Other creditors,98.42495398920559
Rwanda,2001,Other creditors,98.46201788490305
Rwanda,2002,Other creditors,98.64411543498703
Rwanda,2003,Other creditors,98.82360490850955
Rwanda,2004,Other creditors,98.98703809337239
Rwanda,2005,Other creditors,98.94272028405086
Rwanda,2006,Other creditors,95.69474943268409
Rwanda,2007,Other creditors,94.59401372037766
Rwanda,2008,Other creditors,100.0
Rwanda,2009,Other creditors,99.13761512939429
Rwanda,2010,Other creditors,97.31215208988083
Rwanda,2011,Other creditors,97.04621776652942
Rwanda,2012,Other creditors,97.03029600314844
Rwanda,2013,Other creditors,96.36449556129426
Rwanda,2014,Other creditors,95.08386242055839
Rwanda,2015,Other creditors,94.30697272420412
Rwanda,2016,Other creditors,94.49585630254099
Rwanda,2017,Other creditors,94.35247162196688
Rwanda,2018,Other creditors,95.06530126831095
Rwanda,2019,Other creditors,95.04427033139162
Rwanda,2020,Other creditors,94.9614715703839
Rwanda,2021,Other creditors,94.24439072967368
Rwanda,2022,Other creditors,94.58861604882084
Rwanda,2023,Other creditors,95.23553435216743
Rwanda,2024,Other creditors,95.66914211529247
Sao Tome and Principe,2000,Other creditors,93.98071041258635
Sao Tome and Principe,2001,Other creditors,94.0841646453085
Sao Tome and Principe,2002,Other creditors,94.43115085636562
Sao Tome and Principe,2003,Other creditors,94.77195785549824
Sao Tome and Principe,2004,Other creditors,94.9992847250716
Sao Tome and Principe,2005,Other creditors,94.61491625526726
Sao Tome and Principe,2006,Other creditors,94.84615172030809
Sao Tome and Principe,2007,Other creditors,87.66629335977612
Sao Tome and Principe,2008,Other creditors,83.21607993488746
Sao Tome and Principe,2009,Other creditors,85.68424442143845
Sao Tome and Principe,2010,Other creditors,87.59200538413612
Sao Tome and Principe,2011,Other creditors,89.5529972520472
Sao Tome and Principe,2012,Other creditors,88.78960951636007
Sao Tome and Principe,2013,Other creditors,89.5587064496448
Sao Tome and Principe,2014,Other creditors,89.78133723658001
Sao Tome and Principe,2015,Other creditors,91.50389447650814
Sao Tome and Principe,2016,Other creditors,91.91953493351448
Sao Tome and Principe,2017,Other creditors,92.73323940174105
Sao Tome and Principe,2018,Other creditors,100.0
Sao Tome and Principe,2019,Other creditors,100.0
Sao Tome and Principe,2020,Other creditors,100.0
Sao Tome and Principe,2021,Other creditors,100.0
Sao Tome and Principe,2022,Other creditors,100.0
Sao Tome and Principe,2023,Other creditors,100.0
Sao Tome and Principe,2024,Other creditors,100.0
Senegal,2000,Other creditors,96.88621684201152
Senegal,2001,Other creditors,96.88839770097543
Senegal,2002,Other creditors,97.22895056113855
Senegal,2003,Other creditors,97.5561052538523
Senegal,2004,Other creditors,97.32411813821224
Senegal,2005,Other creditors,97.35893276150317
Senegal,2006,Other creditors,94.62411437732383
Senegal,2007,Other creditors,95.14270921589234
Senegal,2008,Other creditors,94.40320997184028
Senegal,2009,Other creditors,94.0552538250492
Senegal,2010,Other creditors,94.15512836511867
Senegal,2011,Other creditors,94.17627768004118
Senegal,2012,Other creditors,92.78171151264138
Senegal,2013,Other creditors,92.57550670144393
Senegal,2014,Other creditors,92.74274693955093
Senegal,2015,Other creditors,90.5419073583817
Senegal,2016,Other creditors,85.32630000061026
Senegal,2017,Other creditors,86.30064417539853
Senegal,2018,Other creditors,87.8765333152655
Senegal,2019,Other creditors,87.56902936469352
Senegal,2020,Other creditors,88.94285581196579
Senegal,2021,Other creditors,88.53445661817601
Senegal,2022,Other creditors,88.28792640546924
Senegal,2023,Other creditors,89.94335115721196
Senegal,2024,Other creditors,91.15401236684791
Sierra Leone,2000,Other creditors,95.55801105569154
Sierra Leone,2001,Other creditors,97.14267010050897
Sierra Leone,2002,Other creditors,97.4754337351438
Sierra Leone,2003,Other creditors,97.75809310477143
Sierra Leone,2004,Other creditors,97.87489894465598
Sierra Leone,2005,Other creditors,98.01158336143642
Sierra Leone,2006,Other creditors,98.19755131555729
Sierra Leone,2007,Other creditors,97.54827384423564
Sierra Leone,2008,Other creditors,95.38422516730417
Sierra Leone,2009,Other creditors,95.83877969019707
Sierra Leone,2010,Other creditors,96.11373812114876
Sierra Leone,2011,Other creditors,96.1048652991815
Sierra Leone,2012,Other creditors,94.30344818569544
Sierra Leone,2013,Other creditors,94.36747790089235
Sierra Leone,2014,Other creditors,94.58887334125775
Sierra Leone,2015,Other creditors,94.0247408523273
Sierra Leone,2016,Other creditors,94.56957834596986
Sierra Leone,2017,Other creditors,95.13624569764407
Sierra Leone,2018,Other creditors,95.82588979244058
Sierra Leone,2019,Other creditors,96.44798578588785
Sierra Leone,2020,Other creditors,95.36566005207376
Sierra Leone,2021,Other creditors,94.50078324173646
Sierra Leone,2022,Other creditors,94.85880732878707
Sierra Leone,2023,Other creditors,95.31915492768779
Sierra Leone,2024,Other creditors,95.59607755254882
"Somalia, Fed. Rep.",2000,Other creditors,100.0
"Somalia, Fed. Rep.",2001,Other creditors,100.0
"Somalia, Fed. Rep.",2002,Other creditors,100.0
"Somalia, Fed. Rep.",2003,Other creditors,100.0
"Somalia, Fed. Rep.",2004,Other creditors,100.0
"Somalia, Fed. Rep.",2005,Other creditors,100.0
"Somalia, Fed. Rep.",2006,Other creditors,100.0
"Somalia, Fed. Rep.",2007,Other creditors,100.0
"Somalia, Fed. Rep.",2008,Other creditors,100.0
"Somalia, Fed. Rep.",2009,Other creditors,100.0
"Somalia, Fed. Rep.",2010,Other creditors,100.0
"Somalia, Fed. Rep.",2011,Other creditors,100.0
"Somalia, Fed. Rep.",2012,Other creditors,100.0
"Somalia, Fed. Rep.",2013,Other creditors,100.0
"Somalia, Fed. Rep.",2014,Other creditors,100.0
"Somalia, Fed. Rep.",2015,Other creditors,100.0
"Somalia, Fed. Rep.",2016,Other creditors,100.0
"Somalia, Fed. Rep.",2017,Other creditors,100.0
"Somalia, Fed. Rep.",2018,Other creditors,100.0
"Somalia, Fed. Rep.",2019,Other creditors,100.0
"Somalia, Fed. Rep.",2020,Other creditors,100.0
"Somalia, Fed. Rep.",2021,Other creditors,100.0
"Somalia, Fed. Rep.",2022,Other creditors,100.0
"Somalia, Fed. Rep.",2023,Other creditors,100.0
"Somalia, Fed. Rep.",2024,Other creditors,100.0
South Africa,2000,Other creditors,100.0
South Africa,2001,Other creditors,100.0
South Africa,2002,Other creditors,100.0
South Africa,2003,Other creditors,100.0
South Africa,2004,Other creditors,100.0
South Africa,2005,Other creditors,100.0
South Africa,2006,Other creditors,100.0
South Africa,2007,Other creditors,100.0
South Africa,2008,Other creditors,100.0
South Africa,2009,Other creditors,100.0
South Africa,2010,Other creditors,100.0
South Africa,2011,Other creditors,100.0
South Africa,2012,Other creditors,100.0
South Africa,2013,Other creditors,100.0
South Africa,2014,Other creditors,100.0
South Africa,2015,Other creditors,100.0
South Africa,2016,Other creditors,100.0
South Africa,2017,Other creditors,98.89676908481592
South Africa,2018,Other creditors,98.4212431704415
South Africa,2019,Other creditors,97.74767998258228
South Africa,2020,Other creditors,97.06559869404
South Africa,2021,Other creditors,96.52947897029443
South Africa,2022,Other creditors,96.24205893225208
South Africa,2023,Other creditors,96.05760788455329
South Africa,2024,Other creditors,96.59502067995248
Sub-Saharan Africa (excluding high income),2000,Other creditors,98.48040891313592
Sub-Saharan Africa (excluding high income),2001,Other creditors,98.38046984016394
Sub-Saharan Africa (excluding high income),2002,Other creditors,98.49092017387275
Sub-Saharan Africa (excluding high income),2003,Other creditors,98.56298217359323
Sub-Saharan Africa (excluding high income),2004,Other creditors,98.46520703824932
Sub-Saharan Africa (excluding high income),2005,Other creditors,98.07325961512731
Sub-Saharan Africa (excluding high income),2006,Other creditors,96.44646265745519
Sub-Saharan Africa (excluding high income),2007,Other creditors,96.00355984758677
Sub-Saharan Africa (excluding high income),2008,Other creditors,95.29509851273984
Sub-Saharan Africa (excluding high income),2009,Other creditors,93.90572081135036
Sub-Saharan Africa (excluding high income),2010,Other creditors,90.08101799137782
Sub-Saharan Africa (excluding high income),2011,Other creditors,88.76950350618765
Sub-Saharan Africa (excluding high income),2012,Other creditors,88.37181560322549
Sub-Saharan Africa (excluding high income),2013,Other creditors,86.1334699241532
Sub-Saharan Africa (excluding high income),2014,Other creditors,84.01091526944091
Sub-Saharan Africa (excluding high income),2015,Other creditors,82.70175145966242
Sub-Saharan Africa (excluding high income),2016,Other creditors,80.27937910967965
Sub-Saharan Africa (excluding high income),2017,Other creditors,81.10963509296721
Sub-Saharan Africa (excluding high income),2018,Other creditors,80.78221843591001
Sub-Saharan Africa (excluding high income),2019,Other creditors,81.15976802741119
Sub-Saharan Africa (excluding high income),2020,Other creditors,81.9316134001227
Sub-Saharan Africa (excluding high income),2021,Other creditors,82.32830784279811
Sub-Saharan Africa (excluding high income),2022,Other creditors,83.01707697810552
Sub-Saharan Africa (excluding high income),2023,Other creditors,84.45493039047531
Sub-Saharan Africa (excluding high income),2024,Other creditors,85.96198470077948
Sudan,2000,Other creditors,90.07339546409669
Sudan,2001,Other creditors,89.04191829960293
Sudan,2002,Other creditors,89.72226997839866
Sudan,2003,Other creditors,89.96914413976353
Sudan,2004,Other creditors,89.94339488148415
Sudan,2005,Other creditors,89.66055605223332
Sudan,2006,Other creditors,89.06677045998698
Sudan,2007,Other creditors,89.8252106732419
Sudan,2008,Other creditors,88.46875523128256
Sudan,2009,Other creditors,86.12047372520905
Sudan,2010,Other creditors,83.89996439719589
Sudan,2011,Other creditors,88.99984468042247
Sudan,2012,Other creditors,89.48809436689635
Sudan,2013,Other creditors,89.76693931818912
Sudan,2014,Other creditors,89.55119255014354
Sudan,2015,Other creditors,90.0943827213057
Sudan,2016,Other creditors,90.51822712901489
Sudan,2017,Other creditors,91.11050947045057
Sudan,2018,Other creditors,91.56065915809035
Sudan,2019,Other creditors,92.57940955771093
Sudan,2020,Other creditors,93.04851325338939
Sudan,2021,Other creditors,92.87155321602859
Sudan,2022,Other creditors,93.17680155484688
Sudan,2023,Other creditors,93.59968947780851
Sudan,2024,Other creditors,93.84191736942682
Tanzania,2000,Other creditors,97.23565008379656
Tanzania,2001,Other creditors,97.58021479018585
Tanzania,2002,Other creditors,97.7671224557638
Tanzania,2003,Other creditors,97.70133121021335
Tanzania,2004,Other creditors,97.88573257409844
Tanzania,2005,Other creditors,97.77975543880456
Tanzania,2006,Other creditors,93.85975572945118
Tanzania,2007,Other creditors,94.51364905071935
Tanzania,2008,Other creditors,94.9066180331977
Tanzania,2009,Other creditors,95.3070447641237
Tanzania,2010,Other creditors,95.83051054862044
Tanzania,2011,Other creditors,93.53420844410638
Tanzania,2012,Other creditors,90.40588469847583
Tanzania,2013,Other creditors,86.43240970589969
Tanzania,2014,Other creditors,81.73258872491469
Tanzania,2015,Other creditors,79.74836715931482
Tanzania,2016,Other creditors,79.76302942862687
Tanzania,2017,Other creditors,81.49079074433683
Tanzania,2018,Other creditors,83.59171600146703
Tanzania,2019,Other creditors,85.43523993371068
Tanzania,2020,Other creditors,87.3398564037854
Tanzania,2021,Other creditors,89.33123526169342
Tanzania,2022,Other creditors,91.26475256132682
Tanzania,2023,Other creditors,93.0570799850744
Tanzania,2024,Other creditors,94.14280137684807
Togo,2000,Other creditors,97.94206564662186
Togo,2001,Other creditors,97.70896004762217
Togo,2002,Other creditors,97.935447061304
Togo,2003,Other creditors,98.1584991663985
Togo,2004,Other creditors,98.27465662798876
Togo,2005,Other creditors,98.45494074153514
Togo,2006,Other creditors,99.1700273212085
Togo,2007,Other creditors,99.16648037546246
Togo,2008,Other creditors,99.00431530860311
Togo,2009,Other creditors,97.54041692850419
Togo,2010,Other creditors,92.81220575898138
Togo,2011,Other creditors,80.50641242254909
Togo,2012,Other creditors,64.41971006258169
Togo,2013,Other creditors,67.19379026897265
Togo,2014,Other creditors,58.19435272427273
Togo,2015,Other creditors,55.07593086288528
Togo,2016,Other creditors,53.20071940760718
Togo,2017,Other creditors,54.16353359285123
Togo,2018,Other creditors,54.13005999007964
Togo,2019,Other creditors,62.14371242985612
Togo,2020,Other creditors,70.56846241817675
Togo,2021,Other creditors,71.98204127899602
Togo,2022,Other creditors,76.05912679645405
Togo,2023,Other creditors,81.44990320068655
Togo,2024,Other creditors,86.38923104449579
Tunisia,2000,Other creditors,99.77720268925711
Tunisia,2001,Other creditors,99.79555900552819
Tunisia,2002,Other creditors,99.8479419139045
Tunisia,2003,Other creditors,99.88848149915599
Tunisia,2004,Other creditors,99.90888965367458
Tunisia,2005,Other creditors,99.78131604476607
Tunisia,2006,Other creditors,99.70271166607216
Tunisia,2007,Other creditors,99.65871986713194
Tunisia,2008,Other creditors,99.64787165839077
Tunisia,2009,Other creditors,99.68628196298988
Tunisia,2010,Other creditors,99.70836797227388
Tunisia,2011,Other creditors,99.75000460350041
Tunisia,2012,Other creditors,99.53719493286107
Tunisia,2013,Other creditors,99.36984194623373
Tunisia,2014,Other creditors,99.42923864688355
Tunisia,2015,Other creditors,99.47608846679584
Tunisia,2016,Other creditors,99.53849039996122
Tunisia,2017,Other creditors,99.64516979782952
Tunisia,2018,Other creditors,99.69569125599111
Tunisia,2019,Other creditors,99.75053231892375
Tunisia,2020,Other creditors,99.79779611443932
Tunisia,2021,Other creditors,99.79867081171001
Tunisia,2022,Other creditors,99.80935614332459
Tunisia,2023,Other creditors,99.83180580110009
Tunisia,2024,Other creditors,99.85039454992439
Uganda,2000,Other creditors,99.44095553863157
Uganda,2001,Other creditors,99.45423457685901
Uganda,2002,Other creditors,99.4940263992042
Uganda,2003,Other creditors,99.56539945969945
Uganda,2004,Other creditors,99.59168865499014
Uganda,2005,Other creditors,99.56047014620998
Uganda,2006,Other creditors,98.26102770752915
Uganda,2007,Other creditors,98.41794209711512
Uganda,2008,Other creditors,98.16734501585806
Uganda,2009,Other creditors,97.50472346625237
Uganda,2010,Other creditors,96.52026442804672
Uganda,2011,Other creditors,96.66061618321274
Uganda,2012,Other creditors,91.88340736446344
Uganda,2013,Other creditors,91.69312471729462
Uganda,2014,Other creditors,90.51987881805734
Uganda,2015,Other creditors,84.3401749492003
Uganda,2016,Other creditors,79.83022672902732
Uganda,2017,Other creditors,77.59146328513182
Uganda,2018,Other creditors,74.77733502657746
Uganda,2019,Other creditors,75.18573242700674
Uganda,2020,Other creditors,77.9715980699298
Uganda,2021,Other creditors,79.6333399652924
Uganda,2022,Other creditors,78.86268939045766
Uganda,2023,Other creditors,81.70318402937238
Uganda,2024,Other creditors,81.79038248165105
Zambia,2000,Other creditors,97.27843013386568
Zambia,2001,Other creditors,95.69599656545805
Zambia,2002,Other creditors,96.04558367051762
Zambia,2003,Other creditors,96.3015731150396
Zambia,2004,Other creditors,97.02534511088108
Zambia,2005,Other creditors,95.53604742648352
Zambia,2006,Other creditors,81.04497939114074
Zambia,2007,Other creditors,76.11884356582992
Zambia,2008,Other creditors,75.46741461982242
Zambia,2009,Other creditors,76.16145682957477
Zambia,2010,Other creditors,70.72262484731887
Zambia,2011,Other creditors,54.035982813165575
Zambia,2012,Other creditors,60.03094722747083
Zambia,2013,Other creditors,59.49294896525807
Zambia,2014,Other creditors,63.98262645343026
Zambia,2015,Other creditors,68.57032430280627
Zambia,2016,Other creditors,65.79132313350726
Zambia,2017,Other creditors,67.3355849313249
Zambia,2018,Other creditors,67.77760282116475
Zambia,2019,Other creditors,62.24155434065859
Zambia,2020,Other creditors,62.83618122758061
Zambia,2021,Other creditors,63.02619581455796
Zambia,2022,Other creditors,65.0426224244383
Zambia,2023,Other creditors,65.04017889171337
Zambia,2024,Other creditors,65.55591576910511
Zimbabwe,2000,Other creditors,98.26025164298851
Zimbabwe,2001,Other creditors,98.2179767754338
Zimbabwe,2002,Other creditors,97.85987621124903
Zimbabwe,2003,Other creditors,97.90834770198768
Zimbabwe,2004,Other creditors,96.44101234589917
Zimbabwe,2005,Other creditors,96.54514938244156
Zimbabwe,2006,Other creditors,96.22489876834148
Zimbabwe,2007,Other creditors,92.17197910759434
Zimbabwe,2008,Other creditors,91.26479093425081
Zimbabwe,2009,Other creditors,90.341982424962
Zimbabwe,2010,Other creditors,90.05020687000066
Zimbabwe,2011,Other creditors,87.93314807225818
Zimbabwe,2012,Other creditors,84.41813935095196
Zimbabwe,2013,Other creditors,83.30253708731593
Zimbabwe,2014,Other creditors,80.9843040815712
Zimbabwe,2015,Other creditors,77.88144959345607
Zimbabwe,2016,Other creditors,75.07192415983425
Zimbabwe,2017,Other creditors,73.13647505767827
Zimbabwe,2018,Other creditors,68.32033688322501
Zimbabwe,2019,Other creditors,67.71795221085863
Zimbabwe,2020,Other creditors,67.48955748721815
Zimbabwe,2021,Other creditors,64.53439506788163
Zimbabwe,2022,Other creditors,60.903005357079444
Zimbabwe,2023,Other creditors,63.63855163661323
Zimbabwe,2024,Other creditors,62.23113713122177
