debtor_name,year,category,value
Africa (excluding high income),2000,bilateral (China),2669942630.4
Africa (excluding high income),2000,bilateral (excl. China),121006993017.5
Africa (excluding high income),2000,multilateral,72306961938.2
Africa (excluding high income),2000,private (China),931387.9
Africa (excluding high income),2000,private (excl. China),41555388344.6
Africa (excluding high income),2001,bilateral (China),2641111398.6
Africa (excluding high income),2001,bilateral (excl. China),112121996335.1
Africa (excluding high income),2001,multilateral,71718870864.3
Africa (excluding high income),2001,private (China),7224373.7
Africa (excluding high income),2001,private (excl. China),39961844692.6
Africa (excluding high income),2002,bilateral (China),2745848181.7000003
Africa (excluding high income),2002,bilateral (excl. China),117551539866.5
Africa (excluding high income),2002,multilateral,79900455957.7
Africa (excluding high income),2002,private (China),6078769.6
Africa (excluding high income),2002,private (excl. China),45682325996.8
Africa (excluding high income),2003,bilateral (China),2868803004.5
Africa (excluding high income),2003,bilateral (excl. China),125973296181.6
Africa (excluding high income),2003,multilateral,89374697681.20001
Africa (excluding high income),2003,private (China),5533815.2
Africa (excluding high income),2003,private (excl. China),48799636512.5
Africa (excluding high income),2004,bilateral (China),3130233739.0
Africa (excluding high income),2004,bilateral (excl. China),124010716466.9
Africa (excluding high income),2004,multilateral,96330809421.9
Africa (excluding high income),2004,private (China),6153942.9
Africa (excluding high income),2004,private (excl. China),49084102412.1
Africa (excluding high income),2005,bilateral (China),3308596748.9
Africa (excluding high income),2005,bilateral (excl. China),97279888774.6
Africa (excluding high income),2005,multilateral,92148929300.3
Africa (excluding high income),2005,private (China),175345966.1
Africa (excluding high income),2005,private (excl. China),49737295176.9
Africa (excluding high income),2006,bilateral (China),4185445005.0
Africa (excluding high income),2006,bilateral (excl. China),70968398115.9
Africa (excluding high income),2006,multilateral,62215493861.2
Africa (excluding high income),2006,private (China),316957248.8
Africa (excluding high income),2006,private (excl. China),44386386944.7
Africa (excluding high income),2007,bilateral (China),5112183350.3
Africa (excluding high income),2007,bilateral (excl. China),74044656277.09999
Africa (excluding high income),2007,multilateral,71074263313.2
Africa (excluding high income),2007,private (China),352801967.7
Africa (excluding high income),2007,private (excl. China),46621129976.0
Africa (excluding high income),2008,bilateral (China),6423202019.400001
Africa (excluding high income),2008,bilateral (excl. China),71683908939.90001
Africa (excluding high income),2008,multilateral,73677500512.0
Africa (excluding high income),2008,private (China),385737741.3
Africa (excluding high income),2008,private (excl. China),51461140647.7
Africa (excluding high income),2009,bilateral (China),8244042417.5
Africa (excluding high income),2009,bilateral (excl. China),75329743591.0
Africa (excluding high income),2009,multilateral,81372893616.5
Africa (excluding high income),2009,private (China),1332573405.8
Africa (excluding high income),2009,private (excl. China),53454128878.1
Africa (excluding high income),2010,bilateral (China),11348768741.4
Africa (excluding high income),2010,bilateral (excl. China),64255121903.7
Africa (excluding high income),2010,multilateral,86057858418.0
Africa (excluding high income),2010,private (China),5297447609.1
Africa (excluding high income),2010,private (excl. China),64563306164.3
Africa (excluding high income),2011,bilateral (China),13854226776.7
Africa (excluding high income),2011,bilateral (excl. China),64138577201.6
Africa (excluding high income),2011,multilateral,92756648310.2
Africa (excluding high income),2011,private (China),7092837891.5
Africa (excluding high income),2011,private (excl. China),74725534662.6
Africa (excluding high income),2012,bilateral (China),17599754170.0
Africa (excluding high income),2012,bilateral (excl. China),61458935325.1
Africa (excluding high income),2012,multilateral,99028231927.5
Africa (excluding high income),2012,private (China),7100470813.0
Africa (excluding high income),2012,private (excl. China),97679922693.9
Africa (excluding high income),2013,bilateral (China),23871917299.8
Africa (excluding high income),2013,bilateral (excl. China),69694981436.4
Africa (excluding high income),2013,multilateral,109971568107.2
Africa (excluding high income),2013,private (China),9115983821.7
Africa (excluding high income),2013,private (excl. China),110812543039.1
Africa (excluding high income),2014,bilateral (China),31552237339.3
Africa (excluding high income),2014,bilateral (excl. China),66632597930.299995
Africa (excluding high income),2014,multilateral,113267136652.0
Africa (excluding high income),2014,private (China),11145083832.8
Africa (excluding high income),2014,private (excl. China),126821749678.2
Africa (excluding high income),2015,bilateral (China),37131906544.8
Africa (excluding high income),2015,bilateral (excl. China),71605002650.1
Africa (excluding high income),2015,multilateral,117490585230.8
Africa (excluding high income),2015,private (China),10915662948.7
Africa (excluding high income),2015,private (excl. China),130932425261.7
Africa (excluding high income),2016,bilateral (China),44259463330.9
Africa (excluding high income),2016,bilateral (excl. China),75640467831.6
Africa (excluding high income),2016,multilateral,129024504375.1
Africa (excluding high income),2016,private (China),19408154686.1
Africa (excluding high income),2016,private (excl. China),145853619168.1
Africa (excluding high income),2017,bilateral (China),51375819746.4
Africa (excluding high income),2017,bilateral (excl. China),81333655352.1
Africa (excluding high income),2017,multilateral,153828159840.5
Africa (excluding high income),2017,private (China),20840414739.7
Africa (excluding high income),2017,private (excl. China),182918798402.2
Africa (excluding high income),2018,bilateral (China),59394125651.0
Africa (excluding high income),2018,bilateral (excl. China),83595828015.2
Africa (excluding high income),2018,multilateral,161140704141.2
Africa (excluding high income),2018,private (China),21875774415.0
Africa (excluding high income),2018,private (excl. China),209366737911.19998
Africa (excluding high income),2019,bilateral (China),64562036514.7
Africa (excluding high income),2019,bilateral (excl. China),85425500283.7
Africa (excluding high income),2019,multilateral,177662014517.7
Africa (excluding high income),2019,private (China),24091113092.6
Africa (excluding high income),2019,private (excl. China),240626489446.7
Africa (excluding high income),2020,bilateral (China),67131369867.8
Africa (excluding high income),2020,bilateral (excl. China),91890526217.7
Africa (excluding high income),2020,multilateral,206594991451.2
Africa (excluding high income),2020,private (China),24248511723.9
Africa (excluding high income),2020,private (excl. China),253728867073.9
Africa (excluding high income),2021,bilateral (China),67686120665.8
Africa (excluding high income),2021,bilateral (excl. China),89965049344.0
Africa (excluding high income),2021,multilateral,213587506711.9
Africa (excluding high income),2021,private (China),24239396720.0
Africa (excluding high income),2021,private (excl. China),265996156512.8
Africa (excluding high income),2022,bilateral (China),65675542274.2
Africa (excluding high income),2022,bilateral (excl. China),89082649664.8
Africa (excluding high income),2022,multilateral,225448142404.8
Africa (excluding high income),2022,private (China),24299047369.6
Africa (excluding high income),2022,private (excl. China),260553970832.5
Africa (excluding high income),2023,bilateral (China),64699445713.6
Africa (excluding high income),2023,bilateral (excl. China),93459851238.5
Africa (excluding high income),2023,multilateral,249110220932.4
Africa (excluding high income),2023,private (China),22744258610.0
Africa (excluding high income),2023,private (excl. China),267783312903.40002
Africa (excluding high income),2024,bilateral (China),62153310834.0
Africa (excluding high income),2024,bilateral (excl. China),86543308047.0
Africa (excluding high income),2024,multilateral,264506654092.0
Africa (excluding high income),2024,private (China),20064353175.1
Africa (excluding high income),2024,private (excl. China),274664887138.0
Algeria,2000,bilateral (China),72034637.1
Algeria,2000,bilateral (excl. China),13318191619.2
Algeria,2000,multilateral,4113849925.6
Algeria,2000,private (China),0.0
Algeria,2000,private (excl. China),5849882457.0
Algeria,2001,bilateral (China),32293435.8
Algeria,2001,bilateral (excl. China),12277158636.3
Algeria,2001,multilateral,3962520840.3
Algeria,2001,private (China),514000.0
Algeria,2001,private (excl. China),4596994397.1
Algeria,2002,bilateral (China),33546606.8
Algeria,2002,bilateral (excl. China),12873299361.8
Algeria,2002,multilateral,3880460780.0
Algeria,2002,private (China),343000.0
Algeria,2002,private (excl. China),4531016657.6
Algeria,2003,bilateral (China),34468878.6
Algeria,2003,bilateral (excl. China),13308002560.9
Algeria,2003,multilateral,4115465671.5
Algeria,2003,private (China),171000.0
Algeria,2003,private (excl. China),4428686355.2
Algeria,2004,bilateral (China),33391328.0
Algeria,2004,bilateral (excl. China),12771321788.599998
Algeria,2004,multilateral,3508202162.6000004
Algeria,2004,private (China),791000.0
Algeria,2004,private (excl. China),4118402658.3999996
Algeria,2005,bilateral (China),27344934.2
Algeria,2005,bilateral (excl. China),10120289287.1
Algeria,2005,multilateral,2442600449.1
Algeria,2005,private (China),791000.0
Algeria,2005,private (excl. China),2925228391.1
Algeria,2006,bilateral (China),25506662.1
Algeria,2006,bilateral (excl. China),2059713371.3
Algeria,2006,multilateral,144282474.5
Algeria,2006,private (China),0.0
Algeria,2006,private (excl. China),1631646418.1
Algeria,2007,bilateral (China),64328764.7
Algeria,2007,bilateral (excl. China),2236692970.1
Algeria,2007,multilateral,135596394.7
Algeria,2007,private (excl. China),1592356236.1000001
Algeria,2008,bilateral (China),57302813.3
Algeria,2008,bilateral (excl. China),2144417085.9
Algeria,2008,multilateral,12887200.2
Algeria,2008,private (excl. China),1080217781.6
Algeria,2009,bilateral (China),76497918.6
Algeria,2009,bilateral (excl. China),2109699004.4
Algeria,2009,multilateral,11321675.0
Algeria,2009,private (excl. China),864424725.0
Algeria,2010,bilateral (China),71804410.5
Algeria,2010,bilateral (excl. China),1904517085.7
Algeria,2010,multilateral,9671075.0
Algeria,2010,private (excl. China),676065977.8
Algeria,2011,bilateral (China),72693682.7
Algeria,2011,bilateral (excl. China),1653353937.4
Algeria,2011,multilateral,8328000.0
Algeria,2011,private (excl. China),521045615.7
Algeria,2012,bilateral (China),78776400.9
Algeria,2012,bilateral (excl. China),1208828515.1
Algeria,2012,multilateral,7182000.0
Algeria,2012,private (excl. China),353707948.4
Algeria,2013,bilateral (China),81927000.6
Algeria,2013,bilateral (excl. China),1119827360.1000001
Algeria,2013,multilateral,1930000.0
Algeria,2013,private (excl. China),249661099.7
Algeria,2014,bilateral (China),75546597.0
Algeria,2014,bilateral (excl. China),873101722.8
Algeria,2014,multilateral,1519000.0
Algeria,2014,private (excl. China),174822529.1
Algeria,2015,bilateral (China),69083247.6
Algeria,2015,bilateral (excl. China),681526563.6
Algeria,2015,multilateral,1117000.0
Algeria,2015,private (excl. China),118510388.3
Algeria,2016,bilateral (China),65947947.7
Algeria,2016,bilateral (excl. China),564429044.9
Algeria,2016,multilateral,949411856.7
Algeria,2016,private (excl. China),72944853.9
Algeria,2017,bilateral (China),73221928.8
Algeria,2017,bilateral (excl. China),529667285.0
Algeria,2017,multilateral,1079371273.2
Algeria,2017,private (excl. China),33642458.2
Algeria,2018,bilateral (China),69782169.3
Algeria,2018,bilateral (excl. China),411616573.8
Algeria,2018,multilateral,1030860274.1
Algeria,2018,private (excl. China),10587815.0
Algeria,2019,bilateral (China),68457576.9
Algeria,2019,bilateral (excl. China),317130056.5
Algeria,2019,multilateral,1007009542.9
Algeria,2019,private (excl. China),5581051.2
Algeria,2020,bilateral (China),74185779.1
Algeria,2020,bilateral (excl. China),264129197.39999998
Algeria,2020,multilateral,1094936736.2
Algeria,2020,private (excl. China),3159782.5
Algeria,2021,bilateral (China),71282621.7
Algeria,2021,bilateral (excl. China),184225201.6
Algeria,2021,multilateral,983973251.0
Algeria,2021,private (excl. China),883428.0
Algeria,2022,bilateral (China),66292156.8
Algeria,2022,bilateral (excl. China),128949975.10000001
Algeria,2022,multilateral,860383842.0
Algeria,2022,private (excl. China),57596.4
Algeria,2023,bilateral (China),67194660.3
Algeria,2023,bilateral (excl. China),99100153.60000001
Algeria,2023,multilateral,826469799.0
Algeria,2023,private (excl. China),0.0
Algeria,2024,bilateral (China),64137564.0
Algeria,2024,bilateral (excl. China),70296097.5
Algeria,2024,multilateral,717117549.5
Angola,2000,bilateral (China),61701000.0
Angola,2000,bilateral (excl. China),2308263230.0
Angola,2000,multilateral,294230256.2
Angola,2000,private (excl. China),5420649661.8
Angola,2001,bilateral (China),61701000.0
Angola,2001,bilateral (excl. China),1263256974.6
Angola,2001,multilateral,276207759.0
Angola,2001,private (excl. China),5381548558.5
Angola,2002,bilateral (China),54101000.0
Angola,2002,bilateral (excl. China),1693434355.0
Angola,2002,multilateral,315729509.2
Angola,2002,private (excl. China),5477085787.7
Angola,2003,bilateral (China),54101000.0
Angola,2003,bilateral (excl. China),1890833454.4
Angola,2003,multilateral,349231670.0
Angola,2003,private (excl. China),5340303929.3
Angola,2004,bilateral (China),81011000.0
Angola,2004,bilateral (excl. China),2854847704.1
Angola,2004,multilateral,379423474.8
Angola,2004,private (excl. China),4865597661.1
Angola,2005,bilateral (China),182010000.0
Angola,2005,bilateral (excl. China),2632870370.9
Angola,2005,multilateral,371006318.6
Angola,2005,private (China),23914000.0
Angola,2005,private (excl. China),6322318333.9
Angola,2006,bilateral (China),556493000.0
Angola,2006,bilateral (excl. China),1598688255.5
Angola,2006,multilateral,402364533.6
Angola,2006,private (China),16387000.0
Angola,2006,private (excl. China),4788048739.6
Angola,2007,bilateral (China),1074852000.0
Angola,2007,bilateral (excl. China),1615320653.4
Angola,2007,multilateral,424212826.1
Angola,2007,private (China),14860000.0
Angola,2007,private (excl. China),6111230468.7
Angola,2008,bilateral (China),1438256000.0
Angola,2008,bilateral (excl. China),2026588903.9
Angola,2008,multilateral,428724314.1
Angola,2008,private (China),2118000.0
Angola,2008,private (excl. China),8889196061.6
Angola,2009,bilateral (China),1573891000.0
Angola,2009,bilateral (excl. China),2678722582.4
Angola,2009,multilateral,448363996.5
Angola,2009,private (China),0.0
Angola,2009,private (excl. China),9038528753.3
Angola,2010,bilateral (China),1559148000.0
Angola,2010,bilateral (excl. China),2742209222.8
Angola,2010,multilateral,444794285.3
Angola,2010,private (China),3416666000.0
Angola,2010,private (excl. China),7499227194.1
Angola,2011,bilateral (China),1463243000.0
Angola,2011,bilateral (excl. China),2902339107.2
Angola,2011,multilateral,453756726.2
Angola,2011,private (China),5032678000.0
Angola,2011,private (excl. China),8387294313.5
Angola,2012,bilateral (China),1600053000.0
Angola,2012,bilateral (excl. China),3408510958.3
Angola,2012,multilateral,490715491.9
Angola,2012,private (China),4705920000.0
Angola,2012,private (excl. China),9741552230.2
Angola,2013,bilateral (China),2124269000.0
Angola,2013,bilateral (excl. China),3863859553.1
Angola,2013,multilateral,537276863.3
Angola,2013,private (China),6691231000.0
Angola,2013,private (excl. China),11937499948.0
Angola,2014,bilateral (China),2292521000.0
Angola,2014,bilateral (excl. China),4559304265.1
Angola,2014,multilateral,1146622399.6
Angola,2014,private (China),8244986000.0
Angola,2014,private (excl. China),16258660523.8
Angola,2015,bilateral (China),2581684000.0
Angola,2015,bilateral (excl. China),4490526959.7
Angola,2015,multilateral,1601708191.9
Angola,2015,private (China),7320286000.0
Angola,2015,private (excl. China),16857650407.6
Angola,2016,bilateral (China),3304503000.0
Angola,2016,bilateral (excl. China),3882237684.2000003
Angola,2016,multilateral,2017769843.0
Angola,2016,private (China),15523883000.0
Angola,2016,private (excl. China),16301545430.2
Angola,2017,bilateral (China),3503446000.0
Angola,2017,bilateral (excl. China),3537093049.9
Angola,2017,multilateral,2238336218.3
Angola,2017,private (China),16885811000.0
Angola,2017,private (excl. China),15743502294.099998
Angola,2018,bilateral (China),5023633000.0
Angola,2018,bilateral (excl. China),3169271362.9
Angola,2018,multilateral,2267746471.2
Angola,2018,private (China),17897170000.0
Angola,2018,private (excl. China),18720655575.2
Angola,2019,bilateral (China),4577959000.0
Angola,2019,bilateral (excl. China),2218306498.3
Angola,2019,multilateral,2846582835.2
Angola,2019,private (China),17876132000.0
Angola,2019,private (excl. China),20077951261.1
Angola,2020,bilateral (China),4625869000.0
Angola,2020,bilateral (excl. China),2230450598.0
Angola,2020,multilateral,3068692278.3999996
Angola,2020,private (China),17440535000.0
Angola,2020,private (excl. China),20018031197.9
Angola,2021,bilateral (China),4569259000.0
Angola,2021,bilateral (excl. China),2124471698.0
Angola,2021,multilateral,3857238588.1
Angola,2021,private (China),17394460000.0
Angola,2021,private (excl. China),18700090221.0
Angola,2022,bilateral (China),4039806000.0
Angola,2022,bilateral (excl. China),1917958388.4
Angola,2022,multilateral,4559036930.8
Angola,2022,private (China),16885037000.0
Angola,2022,private (excl. China),20754813959.6
Angola,2023,bilateral (China),3250803000.0
Angola,2023,bilateral (excl. China),1621480986.7
Angola,2023,multilateral,5216385695.7
Angola,2023,private (China),14612036000.0
Angola,2023,private (excl. China),20756101322.7
Angola,2024,bilateral (China),2596005403.6
Angola,2024,bilateral (excl. China),1520785440.4
Angola,2024,multilateral,6198577952.0
Angola,2024,private (China),11805826000.0
Angola,2024,private (excl. China),23988351129.5
Benin,2000,bilateral (China),36599903.8
Benin,2000,bilateral (excl. China),228030061.20000002
Benin,2000,multilateral,978426982.2
Benin,2000,private (excl. China),2847715.2
Benin,2001,bilateral (China),40313285.3
Benin,2001,bilateral (excl. China),240448129.0
Benin,2001,multilateral,1026486846.1
Benin,2001,private (excl. China),2697142.7
Benin,2002,bilateral (China),47106786.1
Benin,2002,bilateral (excl. China),254499680.2
Benin,2002,multilateral,1151446333.3
Benin,2002,private (excl. China),3209456.1
Benin,2003,bilateral (China),40126741.3
Benin,2003,bilateral (excl. China),30110173.1
Benin,2003,multilateral,1287609306.9
Benin,2003,private (excl. China),3865302.9
Benin,2004,bilateral (China),38835498.1
Benin,2004,bilateral (excl. China),34069566.4
Benin,2004,multilateral,1435645888.6
Benin,2004,private (excl. China),4168590.0
Benin,2005,bilateral (China),64114719.2
Benin,2005,bilateral (excl. China),33766073.2
Benin,2005,multilateral,1352791120.4
Benin,2005,private (excl. China),0.0
Benin,2006,bilateral (China),101779322.3
Benin,2006,bilateral (excl. China),34552781.0
Benin,2006,multilateral,466148720.7
Benin,2007,bilateral (China),123488686.1
Benin,2007,bilateral (excl. China),35071274.0
Benin,2007,multilateral,608164955.1
Benin,2008,bilateral (China),128612244.8
Benin,2008,bilateral (excl. China),34971547.599999994
Benin,2008,multilateral,708315347.5
Benin,2009,bilateral (China),113461709.2
Benin,2009,bilateral (excl. China),49774470.2
Benin,2009,multilateral,819407072.6
Benin,2010,bilateral (China),115507582.4
Benin,2010,bilateral (excl. China),59538606.300000004
Benin,2010,multilateral,937203076.7
Benin,2011,bilateral (China),129307865.0
Benin,2011,bilateral (excl. China),61351118.0
Benin,2011,multilateral,1001493192.0
Benin,2012,bilateral (China),143434873.6
Benin,2012,bilateral (excl. China),60728546.3
Benin,2012,multilateral,1095851200.8
Benin,2013,bilateral (China),138526687.5
Benin,2013,bilateral (excl. China),74396000.2
Benin,2013,multilateral,1381952709.6
Benin,2014,bilateral (China),200114423.8
Benin,2014,bilateral (excl. China),100823124.89999999
Benin,2014,multilateral,1460698186.8
Benin,2014,private (excl. China),0.0
Benin,2015,bilateral (China),245432173.3
Benin,2015,bilateral (excl. China),111389507.7
Benin,2015,multilateral,1545179638.6
Benin,2015,private (excl. China),0.0
Benin,2016,bilateral (China),239395522.3
Benin,2016,bilateral (excl. China),113648339.5
Benin,2016,multilateral,1664686865.5
Benin,2016,private (excl. China),0.0
Benin,2017,bilateral (China),288556422.4
Benin,2017,bilateral (excl. China),131326311.10000001
Benin,2017,multilateral,2049626469.4
Benin,2017,private (excl. China),41119199.8
Benin,2018,bilateral (China),317500948.5
Benin,2018,bilateral (excl. China),134076774.8
Benin,2018,multilateral,2032362249.5
Benin,2018,private (excl. China),414739610.0
Benin,2019,bilateral (China),302100758.6
Benin,2019,bilateral (excl. China),137035604.8
Benin,2019,multilateral,2099810928.6999998
Benin,2019,private (China),0.0
Benin,2019,private (excl. China),1064295679.1999999
Benin,2020,bilateral (China),319764648.2
Benin,2020,bilateral (excl. China),258888125.60000002
Benin,2020,multilateral,2626726150.2
Benin,2020,private (China),0.0
Benin,2020,private (excl. China),1259489304.5
Benin,2021,bilateral (China),341042006.8
Benin,2021,bilateral (excl. China),318644935.6
Benin,2021,multilateral,2675295514.5
Benin,2021,private (China),11703155.8
Benin,2021,private (excl. China),2489683585.2
Benin,2022,bilateral (China),296961065.1
Benin,2022,bilateral (excl. China),421757313.9
Benin,2022,multilateral,2894850643.9
Benin,2022,private (China),17012270.0
Benin,2022,private (excl. China),2409714983.4
Benin,2023,bilateral (China),267340836.5
Benin,2023,bilateral (excl. China),487202721.3
Benin,2023,multilateral,3436603811.1
Benin,2023,private (China),18259020.0
Benin,2023,private (excl. China),3103741680.0
Benin,2024,bilateral (China),293856587.1
Benin,2024,bilateral (excl. China),714704429.5
Benin,2024,multilateral,4052625051.0
Benin,2024,private (China),71765134.2
Benin,2024,private (excl. China),3787566558.3
Botswana,2000,bilateral (China),29699668.4
Botswana,2000,bilateral (excl. China),82778357.2
Botswana,2000,multilateral,297399643.1
Botswana,2000,private (excl. China),27877574.0
Botswana,2001,bilateral (China),28222622.3
Botswana,2001,bilateral (excl. China),71312271.6
Botswana,2001,multilateral,259995900.4
Botswana,2001,private (excl. China),19344000.0
Botswana,2002,bilateral (China),26595145.7
Botswana,2002,bilateral (excl. China),103204567.10000001
Botswana,2002,multilateral,325527210.5
Botswana,2002,private (excl. China),17097000.0
Botswana,2003,bilateral (China),30992062.1
Botswana,2003,bilateral (excl. China),105852235.0
Botswana,2003,multilateral,332968809.0
Botswana,2003,private (excl. China),14836000.0
Botswana,2004,bilateral (China),44999698.0
Botswana,2004,bilateral (excl. China),101333044.10000001
Botswana,2004,multilateral,327691980.1
Botswana,2004,private (excl. China),14002000.0
Botswana,2005,bilateral (China),48769795.0
Botswana,2005,bilateral (excl. China),89874540.8
Botswana,2005,multilateral,261953436.7
Botswana,2005,private (excl. China),11711000.0
Botswana,2006,bilateral (China),49526169.5
Botswana,2006,bilateral (excl. China),54041328.7
Botswana,2006,multilateral,245208309.39999998
Botswana,2006,private (excl. China),9398000.0
Botswana,2007,bilateral (China),79985214.8
Botswana,2007,bilateral (excl. China),68862450.5
Botswana,2007,multilateral,240352571.7
Botswana,2007,private (excl. China),7101000.0
Botswana,2008,bilateral (China),81148567.5
Botswana,2008,bilateral (excl. China),67394154.0
Botswana,2008,multilateral,246250481.2
Botswana,2008,private (excl. China),2000000.0
Botswana,2009,bilateral (China),83482909.1
Botswana,2009,bilateral (excl. China),59659429.6
Botswana,2009,multilateral,1250622821.8999999
Botswana,2009,private (excl. China),1500000.0
Botswana,2010,bilateral (China),79441936.2
Botswana,2010,bilateral (excl. China),58888792.0
Botswana,2010,multilateral,1219160547.7
Botswana,2010,private (excl. China),1000000.0
Botswana,2011,bilateral (China),57468139.5
Botswana,2011,bilateral (excl. China),53820022.5
Botswana,2011,multilateral,1787977032.7
Botswana,2011,private (excl. China),750000.0
Botswana,2012,bilateral (China),54072278.0
Botswana,2012,bilateral (excl. China),42887207.800000004
Botswana,2012,multilateral,1836528014.8999999
Botswana,2012,private (excl. China),0.0
Botswana,2013,bilateral (China),47859203.0
Botswana,2013,bilateral (excl. China),31439710.7
Botswana,2013,multilateral,1733318198.4
Botswana,2014,bilateral (China),57822846.9
Botswana,2014,bilateral (excl. China),30702209.900000002
Botswana,2014,multilateral,1779551725.1000001
Botswana,2014,private (excl. China),39960000.0
Botswana,2015,bilateral (China),45337595.3
Botswana,2015,bilateral (excl. China),23972385.4
Botswana,2015,multilateral,1658423060.4
Botswana,2015,private (excl. China),31080000.0
Botswana,2016,bilateral (China),34085297.4
Botswana,2016,bilateral (excl. China),32491577.5
Botswana,2016,multilateral,1576361394.2
Botswana,2016,private (excl. China),22200000.0
Botswana,2017,bilateral (China),28093863.3
Botswana,2017,bilateral (excl. China),28978381.099999998
Botswana,2017,multilateral,1472159074.1
Botswana,2017,private (excl. China),13320000.0
Botswana,2018,bilateral (China),18821975.8
Botswana,2018,bilateral (excl. China),34893986.0
Botswana,2018,multilateral,1385074172.9
Botswana,2018,private (excl. China),4440000.0
Botswana,2019,bilateral (China),13465722.0
Botswana,2019,bilateral (excl. China),34707704.9
Botswana,2019,multilateral,1285214856.9
Botswana,2019,private (excl. China),0.0
Botswana,2020,bilateral (China),9056756.8
Botswana,2020,bilateral (excl. China),35230590.5
Botswana,2020,multilateral,1239701295.9
Botswana,2021,bilateral (China),3811848.6
Botswana,2021,bilateral (excl. China),32051152.700000003
Botswana,2021,multilateral,1446517800.8
Botswana,2022,bilateral (China),0.0
Botswana,2022,bilateral (excl. China),29045804.9
Botswana,2022,multilateral,1529321777.4
Botswana,2023,bilateral (China),0.0
Botswana,2023,bilateral (excl. China),134182357.1
Botswana,2023,multilateral,1429415277.6
Botswana,2024,bilateral (excl. China),119734636.1
Botswana,2024,multilateral,1732199323.2
Burkina Faso,2000,bilateral (China),34678016.5
Burkina Faso,2000,bilateral (excl. China),171961173.3
Burkina Faso,2000,multilateral,1027774550.5999999
Burkina Faso,2000,private (excl. China),3206891.9000000004
Burkina Faso,2001,bilateral (China),35223321.8
Burkina Faso,2001,bilateral (excl. China),206646011.8
Burkina Faso,2001,multilateral,1082324334.1
Burkina Faso,2001,private (excl. China),14387.8
Burkina Faso,2002,bilateral (China),34345283.3
Burkina Faso,2002,bilateral (excl. China),126541463.0
Burkina Faso,2002,multilateral,1253104991.8
Burkina Faso,2002,private (excl. China),13218.3
Burkina Faso,2003,bilateral (China),32453982.3
Burkina Faso,2003,bilateral (excl. China),127149220.6
Burkina Faso,2003,multilateral,1445458650.6
Burkina Faso,2003,private (excl. China),11941.5
Burkina Faso,2004,bilateral (China),57753484.8
Burkina Faso,2004,bilateral (excl. China),129587422.4
Burkina Faso,2004,multilateral,1603764972.8
Burkina Faso,2004,private (excl. China),8584.3
Burkina Faso,2005,bilateral (China),55024006.8
Burkina Faso,2005,bilateral (excl. China),124957446.8
Burkina Faso,2005,multilateral,1692147976.1999998
Burkina Faso,2005,private (excl. China),3719.2
Burkina Faso,2006,bilateral (China),52199111.3
Burkina Faso,2006,bilateral (excl. China),161475237.0
Burkina Faso,2006,multilateral,779913200.8
Burkina Faso,2006,private (excl. China),12186201.0
Burkina Faso,2007,bilateral (China),50180990.2
Burkina Faso,2007,bilateral (excl. China),213974409.2
Burkina Faso,2007,multilateral,983539807.4000001
Burkina Faso,2007,private (excl. China),25508548.8
Burkina Faso,2008,bilateral (China),61559088.8
Burkina Faso,2008,bilateral (excl. China),235594811.29999998
Burkina Faso,2008,multilateral,1203895954.5
Burkina Faso,2008,private (excl. China),21503156.7
Burkina Faso,2009,bilateral (China),58043688.8
Burkina Faso,2009,bilateral (excl. China),249115507.4
Burkina Faso,2009,multilateral,1409834374.4
Burkina Faso,2009,private (excl. China),27414703.6
Burkina Faso,2010,bilateral (China),55285934.5
Burkina Faso,2010,bilateral (excl. China),252935498.10000002
Burkina Faso,2010,multilateral,1618981434.7
Burkina Faso,2010,private (excl. China),41139391.2
Burkina Faso,2011,bilateral (China),53075691.4
Burkina Faso,2011,bilateral (excl. China),265311171.79999998
Burkina Faso,2011,multilateral,1752290670.3
Burkina Faso,2011,private (excl. China),38211191.4
Burkina Faso,2012,bilateral (China),49585869.8
Burkina Faso,2012,bilateral (excl. China),287601233.40000004
Burkina Faso,2012,multilateral,1913919845.3
Burkina Faso,2012,private (excl. China),36089647.1
Burkina Faso,2013,bilateral (China),44940980.6
Burkina Faso,2013,bilateral (excl. China),288765539.09999996
Burkina Faso,2013,multilateral,1966313946.6
Burkina Faso,2013,private (excl. China),32086226.6
Burkina Faso,2014,bilateral (China),38126713.0
Burkina Faso,2014,bilateral (excl. China),262115969.4
Burkina Faso,2014,multilateral,1991512186.9
Burkina Faso,2014,private (excl. China),26846821.9
Burkina Faso,2015,bilateral (China),76851897.5
Burkina Faso,2015,bilateral (excl. China),245350643.3
Burkina Faso,2015,multilateral,2042694083.1
Burkina Faso,2015,private (excl. China),21947700.2
Burkina Faso,2016,bilateral (China),70297719.7
Burkina Faso,2016,bilateral (excl. China),286089567.1
Burkina Faso,2016,multilateral,2199246543.7
Burkina Faso,2016,private (excl. China),18194199.7
Burkina Faso,2017,bilateral (China),67192066.8
Burkina Faso,2017,bilateral (excl. China),283647840.6
Burkina Faso,2017,multilateral,2509661996.7
Burkina Faso,2017,private (excl. China),15600000.0
Burkina Faso,2018,bilateral (China),61736484.0
Burkina Faso,2018,bilateral (excl. China),296001052.3
Burkina Faso,2018,multilateral,2674037960.2
Burkina Faso,2018,private (excl. China),13867000.0
Burkina Faso,2019,bilateral (China),57115884.0
Burkina Faso,2019,bilateral (excl. China),294335240.9
Burkina Faso,2019,multilateral,3012310118.5
Burkina Faso,2019,private (excl. China),12133000.0
Burkina Faso,2020,bilateral (China),88648838.3
Burkina Faso,2020,bilateral (excl. China),373895957.0
Burkina Faso,2020,multilateral,3558985538.6
Burkina Faso,2020,private (excl. China),10400000.0
Burkina Faso,2021,bilateral (China),121706536.2
Burkina Faso,2021,bilateral (excl. China),359166005.5
Burkina Faso,2021,multilateral,3872949138.5
Burkina Faso,2021,private (excl. China),10828000.8
Burkina Faso,2022,bilateral (China),120132041.5
Burkina Faso,2022,bilateral (excl. China),364439741.9
Burkina Faso,2022,multilateral,3946207795.0
Burkina Faso,2022,private (excl. China),8968072.8
Burkina Faso,2023,bilateral (China),107467819.8
Burkina Faso,2023,bilateral (excl. China),352274203.7
Burkina Faso,2023,multilateral,4346536545.3
Burkina Faso,2023,private (excl. China),39759980.0
Burkina Faso,2024,bilateral (China),98843965.4
Burkina Faso,2024,bilateral (excl. China),326725433.9
Burkina Faso,2024,multilateral,4597568509.9
Burkina Faso,2024,private (excl. China),98110741.6
Burundi,2000,bilateral (China),19531068.0
Burundi,2000,bilateral (excl. China),122087738.6
Burundi,2000,multilateral,889871236.7
Burundi,2000,private (excl. China),3993249.5
Burundi,2001,bilateral (China),2860284.2
Burundi,2001,bilateral (excl. China),114486675.3
Burundi,2001,multilateral,862175582.0
Burundi,2001,private (excl. China),5444142.7
Burundi,2002,bilateral (China),12081234.3
Burundi,2002,bilateral (excl. China),131139030.2
Burundi,2002,multilateral,956863114.7
Burundi,2002,private (excl. China),3550327.3
Burundi,2003,bilateral (China),12082110.0
Burundi,2003,bilateral (excl. China),147603000.5
Burundi,2003,multilateral,1080361962.3
Burundi,2003,private (excl. China),11243977.0
Burundi,2004,bilateral (China),12082402.0
Burundi,2004,bilateral (excl. China),116972963.2
Burundi,2004,multilateral,1136722909.9
Burundi,2004,private (excl. China),6789445.9
Burundi,2005,bilateral (China),12391266.6
Burundi,2005,bilateral (excl. China),106913357.7
Burundi,2005,multilateral,1054134158.4000001
Burundi,2005,private (excl. China),2112076.3
Burundi,2006,bilateral (China),12806229.0
Burundi,2006,bilateral (excl. China),102225182.9
Burundi,2006,multilateral,1114742816.2
Burundi,2006,private (excl. China),630949.0
Burundi,2007,bilateral (China),0.0
Burundi,2007,bilateral (excl. China),107985840.0
Burundi,2007,multilateral,1166849666.5
Burundi,2007,private (excl. China),703663.8
Burundi,2008,bilateral (China),0.0
Burundi,2008,bilateral (excl. China),88915289.3
Burundi,2008,multilateral,1144848544.2
Burundi,2008,private (excl. China),0.0
Burundi,2009,bilateral (China),0.0
Burundi,2009,bilateral (excl. China),90132066.1
Burundi,2009,multilateral,302837724.2
Burundi,2010,bilateral (China),0.0
Burundi,2010,bilateral (excl. China),56671013.1
Burundi,2010,multilateral,324571117.3
Burundi,2011,bilateral (China),0.0
Burundi,2011,bilateral (excl. China),54475480.0
Burundi,2011,multilateral,308879557.6
Burundi,2012,bilateral (China),0.0
Burundi,2012,bilateral (excl. China),74947871.5
Burundi,2012,multilateral,333031406.0
Burundi,2013,bilateral (China),0.0
Burundi,2013,bilateral (excl. China),75489416.6
Burundi,2013,multilateral,319250704.2
Burundi,2014,bilateral (China),0.0
Burundi,2014,bilateral (excl. China),89765538.60000001
Burundi,2014,multilateral,314748877.9
Burundi,2015,bilateral (China),10744204.0
Burundi,2015,bilateral (excl. China),90155464.5
Burundi,2015,multilateral,308177052.3
Burundi,2016,bilateral (China),13713200.4
Burundi,2016,bilateral (excl. China),84588287.4
Burundi,2016,multilateral,311499643.3
Burundi,2017,bilateral (China),14636034.2
Burundi,2017,bilateral (excl. China),84667702.10000001
Burundi,2017,multilateral,320776763.0
Burundi,2018,bilateral (China),13906902.1
Burundi,2018,bilateral (excl. China),90719860.4
Burundi,2018,multilateral,322522067.7
Burundi,2019,bilateral (China),42247636.2
Burundi,2019,bilateral (excl. China),90291581.0
Burundi,2019,multilateral,346756061.0
Burundi,2020,bilateral (China),45198283.1
Burundi,2020,bilateral (excl. China),126066291.6
Burundi,2020,multilateral,361162357.6
Burundi,2021,bilateral (China),46377288.2
Burundi,2021,bilateral (excl. China),139784843.2
Burundi,2021,multilateral,389613865.7
Burundi,2022,bilateral (China),43420800.4
Burundi,2022,bilateral (excl. China),139026428.0
Burundi,2022,multilateral,387786381.9
Burundi,2023,bilateral (China),41786907.4
Burundi,2023,bilateral (excl. China),145175382.8
Burundi,2023,multilateral,411007218.0
Burundi,2024,bilateral (China),37242746.1
Burundi,2024,bilateral (excl. China),164950394.1
Burundi,2024,multilateral,399036801.3
Cabo Verde,2000,bilateral (China),6004301.7
Cabo Verde,2000,bilateral (excl. China),69927776.5
Cabo Verde,2000,multilateral,231603487.9
Cabo Verde,2000,private (excl. China),7452000.0
Cabo Verde,2001,bilateral (China),0.0
Cabo Verde,2001,bilateral (excl. China),82586248.6
Cabo Verde,2001,multilateral,242463297.60000002
Cabo Verde,2001,private (excl. China),16207330.1
Cabo Verde,2002,bilateral (China),0.0
Cabo Verde,2002,bilateral (excl. China),81532584.6
Cabo Verde,2002,multilateral,280795155.2
Cabo Verde,2002,private (excl. China),18256943.2
Cabo Verde,2003,bilateral (China),0.0
Cabo Verde,2003,bilateral (excl. China),76069890.0
Cabo Verde,2003,multilateral,334402106.8
Cabo Verde,2003,private (excl. China),20913792.0
Cabo Verde,2004,bilateral (China),0.0
Cabo Verde,2004,bilateral (excl. China),65010801.3
Cabo Verde,2004,multilateral,367349370.6
Cabo Verde,2004,private (excl. China),20258504.6
Cabo Verde,2005,bilateral (China),0.0
Cabo Verde,2005,bilateral (excl. China),65642874.199999996
Cabo Verde,2005,multilateral,376047191.1
Cabo Verde,2005,private (excl. China),21616600.6
Cabo Verde,2006,bilateral (China),0.0
Cabo Verde,2006,bilateral (excl. China),79266690.0
Cabo Verde,2006,multilateral,412965283.2
Cabo Verde,2006,private (excl. China),17289576.0
Cabo Verde,2007,bilateral (China),0.0
Cabo Verde,2007,bilateral (excl. China),94333316.39999999
Cabo Verde,2007,multilateral,455712843.9
Cabo Verde,2007,private (excl. China),14809326.0
Cabo Verde,2008,bilateral (China),0.0
Cabo Verde,2008,bilateral (excl. China),117937154.0
Cabo Verde,2008,multilateral,483553438.7
Cabo Verde,2008,private (excl. China),9893595.299999999
Cabo Verde,2009,bilateral (China),16405787.7
Cabo Verde,2009,bilateral (excl. China),140945168.0
Cabo Verde,2009,multilateral,533889883.6
Cabo Verde,2009,private (excl. China),6474056.4
Cabo Verde,2010,bilateral (China),22181880.8
Cabo Verde,2010,bilateral (excl. China),158409526.5
Cabo Verde,2010,multilateral,597565329.7
Cabo Verde,2010,private (excl. China),84053011.0
Cabo Verde,2011,bilateral (China),29946039.5
Cabo Verde,2011,bilateral (excl. China),200897849.20000002
Cabo Verde,2011,multilateral,620254215.5
Cabo Verde,2011,private (excl. China),170460973.8
Cabo Verde,2012,bilateral (China),31721947.9
Cabo Verde,2012,bilateral (excl. China),259105027.0
Cabo Verde,2012,multilateral,648490101.8
Cabo Verde,2012,private (excl. China),292040042.9
Cabo Verde,2013,bilateral (China),32695064.8
Cabo Verde,2013,bilateral (excl. China),322859143.9
Cabo Verde,2013,multilateral,692142994.2
Cabo Verde,2013,private (excl. China),429623311.0
Cabo Verde,2014,bilateral (China),31519529.4
Cabo Verde,2014,bilateral (excl. China),306449706.2
Cabo Verde,2014,multilateral,716956160.9
Cabo Verde,2014,private (excl. China),482535546.3
Cabo Verde,2015,bilateral (China),27661711.5
Cabo Verde,2015,bilateral (excl. China),314222832.9
Cabo Verde,2015,multilateral,735233241.0
Cabo Verde,2015,private (excl. China),460735662.6
Cabo Verde,2016,bilateral (China),23923853.9
Cabo Verde,2016,bilateral (excl. China),316926983.90000004
Cabo Verde,2016,multilateral,737202732.3
Cabo Verde,2016,private (excl. China),461712665.6
Cabo Verde,2017,bilateral (China),34821395.7
Cabo Verde,2017,bilateral (excl. China),392339330.1
Cabo Verde,2017,multilateral,811574957.9
Cabo Verde,2017,private (excl. China),538599633.5
Cabo Verde,2018,bilateral (China),32710200.0
Cabo Verde,2018,bilateral (excl. China),391419220.9
Cabo Verde,2018,multilateral,816864503.9000001
Cabo Verde,2018,private (excl. China),514213775.0
Cabo Verde,2019,bilateral (China),30179046.8
Cabo Verde,2019,bilateral (excl. China),395478125.2
Cabo Verde,2019,multilateral,882492337.9
Cabo Verde,2019,private (excl. China),506981432.8
Cabo Verde,2020,bilateral (China),31568654.5
Cabo Verde,2020,bilateral (excl. China),427538321.0
Cabo Verde,2020,multilateral,1014473082.8
Cabo Verde,2020,private (excl. China),558194291.9
Cabo Verde,2021,bilateral (China),33039055.6
Cabo Verde,2021,bilateral (excl. China),402094050.5
Cabo Verde,2021,multilateral,1043051569.6
Cabo Verde,2021,private (excl. China),515450790.4
Cabo Verde,2022,bilateral (China),27866304.0
Cabo Verde,2022,bilateral (excl. China),357026350.8
Cabo Verde,2022,multilateral,1058189100.5
Cabo Verde,2022,private (excl. China),475033775.2
Cabo Verde,2023,bilateral (China),24632398.2
Cabo Verde,2023,bilateral (excl. China),337507350.5
Cabo Verde,2023,multilateral,1112942257.4
Cabo Verde,2023,private (excl. China),465040355.0
Cabo Verde,2024,bilateral (China),20699665.8
Cabo Verde,2024,bilateral (excl. China),297076525.7
Cabo Verde,2024,multilateral,1111420407.6
Cabo Verde,2024,private (excl. China),415966209.90000004
Cameroon,2000,bilateral (China),31129586.3
Cameroon,2000,bilateral (excl. China),6986412678.3
Cameroon,2000,multilateral,1418924902.0
Cameroon,2000,private (excl. China),316813118.9
Cameroon,2001,bilateral (China),31131838.3
Cameroon,2001,bilateral (excl. China),6687235164.799999
Cameroon,2001,multilateral,1359904842.6999998
Cameroon,2001,private (excl. China),245776471.0
Cameroon,2002,bilateral (China),47308905.1
Cameroon,2002,bilateral (excl. China),7288699717.4
Cameroon,2002,multilateral,1420992049.6
Cameroon,2002,private (excl. China),275684499.0
Cameroon,2003,bilateral (China),47774475.2
Cameroon,2003,bilateral (excl. China),8328411143.0
Cameroon,2003,multilateral,1575549128.7
Cameroon,2003,private (excl. China),97469819.0
Cameroon,2004,bilateral (China),49216818.8
Cameroon,2004,bilateral (excl. China),7417318105.2
Cameroon,2004,multilateral,1737611598.3
Cameroon,2004,private (excl. China),99877270.7
Cameroon,2005,bilateral (China),57927387.4
Cameroon,2005,bilateral (excl. China),4730053727.5
Cameroon,2005,multilateral,1585444170.5
Cameroon,2005,private (excl. China),93637123.4
Cameroon,2006,bilateral (China),42827778.6
Cameroon,2006,bilateral (excl. China),1776193207.3
Cameroon,2006,multilateral,510304477.8
Cameroon,2006,private (excl. China),62219288.3
Cameroon,2007,bilateral (China),50665072.0
Cameroon,2007,bilateral (excl. China),1542156015.8
Cameroon,2007,multilateral,563626578.8
Cameroon,2007,private (excl. China),179760.6
Cameroon,2008,bilateral (China),106330337.3
Cameroon,2008,bilateral (excl. China),1379486799.0
Cameroon,2008,multilateral,611531690.0
Cameroon,2008,private (excl. China),147877.8
Cameroon,2009,bilateral (China),118312498.9
Cameroon,2009,bilateral (excl. China),1353326078.4
Cameroon,2009,multilateral,687102079.2
Cameroon,2009,private (excl. China),8145329.6
Cameroon,2010,bilateral (China),197361301.4
Cameroon,2010,bilateral (excl. China),1158976043.8
Cameroon,2010,multilateral,786539084.1
Cameroon,2010,private (excl. China),16826832.8
Cameroon,2011,bilateral (China),243461235.4
Cameroon,2011,bilateral (excl. China),1005338463.3
Cameroon,2011,multilateral,854462476.1
Cameroon,2011,private (excl. China),20090365.6
Cameroon,2012,bilateral (China),566442528.1
Cameroon,2012,bilateral (excl. China),1156873472.8
Cameroon,2012,multilateral,1122884006.8
Cameroon,2012,private (excl. China),76547304.3
Cameroon,2013,bilateral (China),1257649185.4
Cameroon,2013,bilateral (excl. China),1276258300.6
Cameroon,2013,multilateral,1372901188.1
Cameroon,2013,private (excl. China),166539740.1
Cameroon,2014,bilateral (China),1904339228.8
Cameroon,2014,bilateral (excl. China),1042896418.7
Cameroon,2014,multilateral,1498865711.2
Cameroon,2014,private (excl. China),170959936.7
Cameroon,2015,bilateral (China),2139453491.0
Cameroon,2015,bilateral (excl. China),990044406.4999999
Cameroon,2015,multilateral,1619363509.5
Cameroon,2015,private (China),0.0
Cameroon,2015,private (excl. China),981778787.5
Cameroon,2016,bilateral (China),2336034555.7
Cameroon,2016,bilateral (excl. China),1062497740.0
Cameroon,2016,multilateral,1886435540.6
Cameroon,2016,private (China),49750000.0
Cameroon,2016,private (excl. China),962510996.6
Cameroon,2017,bilateral (China),2971679556.3
Cameroon,2017,bilateral (excl. China),1437082012.9
Cameroon,2017,multilateral,2448461307.0
Cameroon,2017,private (China),79837000.0
Cameroon,2017,private (excl. China),1057279175.6
Cameroon,2018,bilateral (China),3023055114.0
Cameroon,2018,bilateral (excl. China),1566205076.6
Cameroon,2018,multilateral,3208286768.9
Cameroon,2018,private (China),108550000.0
Cameroon,2018,private (excl. China),1248734191.4
Cameroon,2019,bilateral (China),3424868962.4
Cameroon,2019,bilateral (excl. China),1758789694.9
Cameroon,2019,multilateral,3747034640.6000004
Cameroon,2019,private (China),178080000.0
Cameroon,2019,private (excl. China),1279284662.5
Cameroon,2020,bilateral (China),3602438000.5
Cameroon,2020,bilateral (excl. China),2028753604.8
Cameroon,2020,multilateral,4319369296.9
Cameroon,2020,private (China),169549000.0
Cameroon,2020,private (excl. China),1270852878.4
Cameroon,2021,bilateral (China),3575363744.7
Cameroon,2021,bilateral (excl. China),1996934644.5
Cameroon,2021,multilateral,4720413686.0
Cameroon,2021,private (China),144387000.0
Cameroon,2021,private (excl. China),1942839282.1999998
Cameroon,2022,bilateral (China),3674905128.7
Cameroon,2022,bilateral (excl. China),1716696514.8
Cameroon,2022,multilateral,5042321676.4
Cameroon,2022,private (China),119225000.0
Cameroon,2022,private (excl. China),1312930846.4
Cameroon,2023,bilateral (China),3460746856.0
Cameroon,2023,bilateral (excl. China),1629167601.2
Cameroon,2023,multilateral,5629739746.4
Cameroon,2023,private (China),94061000.0
Cameroon,2023,private (excl. China),1314483945.0
Cameroon,2024,bilateral (China),3236293722.7
Cameroon,2024,bilateral (excl. China),1412238091.5
Cameroon,2024,multilateral,6069177261.5
Cameroon,2024,private (China),68899000.0
Cameroon,2024,private (excl. China),1729931215.0
Central African Republic,2000,bilateral (China),7354242.7
Central African Republic,2000,bilateral (excl. China),174098245.6
Central African Republic,2000,multilateral,583322393.0
Central African Republic,2000,private (excl. China),32555291.5
Central African Republic,2001,bilateral (China),7354774.7
Central African Republic,2001,bilateral (excl. China),168020023.5
Central African Republic,2001,multilateral,550520727.1
Central African Republic,2001,private (excl. China),32511548.5
Central African Republic,2002,bilateral (China),11964669.7
Central African Republic,2002,bilateral (excl. China),338249887.9
Central African Republic,2002,multilateral,585159967.4
Central African Republic,2002,private (excl. China),33823039.4
Central African Republic,2003,bilateral (China),10395809.9
Central African Republic,2003,bilateral (excl. China),198039836.4
Central African Republic,2003,multilateral,655015728.4
Central African Republic,2003,private (excl. China),34250979.4
Central African Republic,2004,bilateral (China),9703860.3
Central African Republic,2004,bilateral (excl. China),201305647.3
Central African Republic,2004,multilateral,685596560.0
Central African Republic,2004,private (excl. China),34448942.4
Central African Republic,2005,bilateral (China),9951921.9
Central African Republic,2005,bilateral (excl. China),199162393.5
Central African Republic,2005,multilateral,628260144.9
Central African Republic,2005,private (excl. China),34084578.5
Central African Republic,2006,bilateral (China),10285194.7
Central African Republic,2006,bilateral (excl. China),206807623.1
Central African Republic,2006,multilateral,612105827.9
Central African Republic,2006,private (excl. China),34358759.5
Central African Republic,2007,bilateral (China),10994989.5
Central African Republic,2007,bilateral (excl. China),203875131.6
Central African Republic,2007,multilateral,602508896.7
Central African Republic,2007,private (excl. China),34668577.9
Central African Republic,2008,bilateral (China),10591548.9
Central African Republic,2008,bilateral (excl. China),200802030.4
Central African Republic,2008,multilateral,571313345.2
Central African Republic,2008,private (excl. China),34507975.8
Central African Republic,2009,bilateral (China),12369877.9
Central African Republic,2009,bilateral (excl. China),190300377.2
Central African Republic,2009,multilateral,49753036.8
Central African Republic,2009,private (excl. China),36335627.4
Central African Republic,2010,bilateral (China),47952407.6
Central African Republic,2010,bilateral (excl. China),231824860.89999998
Central African Republic,2010,multilateral,56399266.2
Central African Republic,2010,private (excl. China),39217200.4
Central African Republic,2011,bilateral (China),51876874.7
Central African Republic,2011,bilateral (excl. China),184700442.8
Central African Republic,2011,multilateral,47778701.7
Central African Republic,2011,private (excl. China),29627416.8
Central African Republic,2012,bilateral (China),61504738.1
Central African Republic,2012,bilateral (excl. China),186996648.0
Central African Republic,2012,multilateral,56901456.199999996
Central African Republic,2012,private (excl. China),29671588.599999998
Central African Republic,2013,bilateral (China),82689269.8
Central African Republic,2013,bilateral (excl. China),186065510.1
Central African Republic,2013,multilateral,57470140.0
Central African Republic,2013,private (excl. China),28985051.9
Central African Republic,2014,bilateral (China),79847033.9
Central African Republic,2014,bilateral (excl. China),233762519.79999998
Central African Republic,2014,multilateral,83608484.0
Central African Republic,2014,private (excl. China),26266077.6
Central African Republic,2015,bilateral (China),113750905.2
Central African Republic,2015,bilateral (excl. China),223707309.7
Central African Republic,2015,multilateral,88203714.89999999
Central African Republic,2015,private (excl. China),26054001.2
Central African Republic,2016,bilateral (China),107568563.1
Central African Republic,2016,bilateral (excl. China),223474490.1
Central African Republic,2016,multilateral,90252371.3
Central African Republic,2016,private (excl. China),25952152.0
Central African Republic,2017,bilateral (China),112369003.1
Central African Republic,2017,bilateral (excl. China),177297072.1
Central African Republic,2017,multilateral,109393347.3
Central African Republic,2017,private (excl. China),26270039.699999996
Central African Republic,2018,bilateral (China),72495257.4
Central African Republic,2018,bilateral (excl. China),181677553.4
Central African Republic,2018,multilateral,164223181.5
Central African Republic,2018,private (excl. China),26161527.8
Central African Republic,2019,bilateral (China),64332331.4
Central African Republic,2019,bilateral (excl. China),191535423.7
Central African Republic,2019,multilateral,164470684.1
Central African Republic,2019,private (excl. China),26159255.599999998
Central African Republic,2020,bilateral (China),41423434.2
Central African Republic,2020,bilateral (excl. China),195414287.5
Central African Republic,2020,multilateral,188844320.9
Central African Republic,2020,private (excl. China),2870624.3
Central African Republic,2021,bilateral (China),21976642.0
Central African Republic,2021,bilateral (excl. China),219075829.4
Central African Republic,2021,multilateral,187230435.3
Central African Republic,2021,private (excl. China),4966155.8
Central African Republic,2022,bilateral (China),20040080.2
Central African Republic,2022,bilateral (excl. China),239218809.9
Central African Republic,2022,multilateral,181525997.0
Central African Republic,2022,private (excl. China),4002177.8
Central African Republic,2023,bilateral (China),19597961.9
Central African Republic,2023,bilateral (excl. China),251727699.79999998
Central African Republic,2023,multilateral,181651792.8
Central African Republic,2023,private (excl. China),3052965.0
Central African Republic,2024,bilateral (China),19180184.1
Central African Republic,2024,bilateral (excl. China),247554351.2
Central African Republic,2024,multilateral,170464186.7
Central African Republic,2024,private (excl. China),1578953.7
Chad,2000,bilateral (China),21913526.0
Chad,2000,bilateral (excl. China),128609671.5
Chad,2000,multilateral,834274616.8
Chad,2000,private (excl. China),733948.6
Chad,2001,bilateral (China),19281192.5
Chad,2001,bilateral (excl. China),119257180.7
Chad,2001,multilateral,837922641.4
Chad,2001,private (excl. China),66978.8
Chad,2002,bilateral (China),19280229.2
Chad,2002,bilateral (excl. China),121626253.60000001
Chad,2002,multilateral,996791175.8
Chad,2002,private (excl. China),79701.2
Chad,2003,bilateral (China),14661245.7
Chad,2003,bilateral (excl. China),134385746.2
Chad,2003,multilateral,1235176791.7
Chad,2003,private (excl. China),20095988.0
Chad,2004,bilateral (China),14661499.3
Chad,2004,bilateral (excl. China),130962049.0
Chad,2004,multilateral,1360758741.9
Chad,2004,private (excl. China),20103519.6
Chad,2005,bilateral (China),14929797.7
Chad,2005,bilateral (excl. China),118903560.0
Chad,2005,multilateral,1371895988.7
Chad,2005,private (excl. China),20089657.2
Chad,2006,bilateral (China),0.0
Chad,2006,bilateral (excl. China),157209620.5
Chad,2006,multilateral,1485570786.3000002
Chad,2006,private (excl. China),19600092.0
Chad,2007,bilateral (China),0.0
Chad,2007,bilateral (excl. China),165611666.4
Chad,2007,multilateral,1567106669.8
Chad,2007,private (excl. China),19611879.6
Chad,2008,bilateral (China),45436748.4
Chad,2008,bilateral (excl. China),170951067.8
Chad,2008,multilateral,1507150840.9
Chad,2008,private (excl. China),19605769.2
Chad,2009,bilateral (China),45479335.7
Chad,2009,bilateral (excl. China),164258243.5
Chad,2009,multilateral,1521512442.5
Chad,2009,private (excl. China),18609485.6
Chad,2010,bilateral (China),46889127.1
Chad,2010,bilateral (excl. China),456633656.09999996
Chad,2010,multilateral,1528740787.1
Chad,2010,private (excl. China),16600215.0
Chad,2011,bilateral (China),132778174.6
Chad,2011,bilateral (excl. China),535858529.6
Chad,2011,multilateral,1541697817.8000002
Chad,2011,private (excl. China),11595748.6
Chad,2012,bilateral (China),171810766.4
Chad,2012,bilateral (excl. China),527955652.0
Chad,2012,multilateral,1542883603.0
Chad,2012,private (excl. China),9722635.6
Chad,2013,bilateral (China),173926445.2
Chad,2013,bilateral (excl. China),533669417.00000006
Chad,2013,multilateral,1504295499.6
Chad,2013,private (excl. China),607224295.2
Chad,2014,bilateral (China),242569780.5
Chad,2014,bilateral (excl. China),459287783.2
Chad,2014,multilateral,1381560298.6
Chad,2014,private (excl. China),1538700772.9
Chad,2015,bilateral (China),237203754.9
Chad,2015,bilateral (excl. China),422972972.6
Chad,2015,multilateral,550195814.2
Chad,2015,private (excl. China),1451000000.0
Chad,2016,bilateral (China),247075812.5
Chad,2016,bilateral (excl. China),465141747.5
Chad,2016,multilateral,564001941.0
Chad,2016,private (excl. China),1372000000.0
Chad,2017,bilateral (China),252839355.9
Chad,2017,bilateral (excl. China),631165494.9
Chad,2017,multilateral,690536305.9
Chad,2017,private (excl. China),1275000000.0
Chad,2018,bilateral (China),240616753.7
Chad,2018,bilateral (excl. China),645979672.3
Chad,2018,multilateral,663821499.3
Chad,2018,private (excl. China),1202000000.0
Chad,2019,bilateral (China),235246924.9
Chad,2019,bilateral (excl. China),666627135.5
Chad,2019,multilateral,657663285.0
Chad,2019,private (excl. China),1158000000.0
Chad,2020,bilateral (China),310892166.2
Chad,2020,bilateral (excl. China),679017103.5
Chad,2020,multilateral,715532862.9
Chad,2020,private (excl. China),1075500000.0
Chad,2021,bilateral (China),316247932.5
Chad,2021,bilateral (excl. China),637754118.5
Chad,2021,multilateral,758712787.0
Chad,2021,private (excl. China),928500000.0
Chad,2022,bilateral (China),275917498.1
Chad,2022,bilateral (excl. China),622880847.1
Chad,2022,multilateral,717221847.2
Chad,2022,private (excl. China),627900000.0
Chad,2023,bilateral (China),227733128.0
Chad,2023,bilateral (excl. China),780325224.2
Chad,2023,multilateral,823051174.4000001
Chad,2023,private (excl. China),366460000.0
Chad,2024,bilateral (China),208267677.9
Chad,2024,bilateral (excl. China),1281733918.3
Chad,2024,multilateral,760398770.8
Chad,2024,private (excl. China),193337000.0
Comoros,2000,bilateral (China),1208109.0
Comoros,2000,bilateral (excl. China),36895745.4
Comoros,2000,multilateral,163648019.9
Comoros,2001,bilateral (China),1208196.4
Comoros,2001,bilateral (excl. China),46315393.199999996
Comoros,2001,multilateral,169576707.6
Comoros,2002,bilateral (China),1208123.4
Comoros,2002,bilateral (excl. China),47000625.8
Comoros,2002,multilateral,191411526.9
Comoros,2003,bilateral (China),1208211.0
Comoros,2003,bilateral (excl. China),48934349.1
Comoros,2003,multilateral,211115987.1
Comoros,2004,bilateral (China),1208240.2
Comoros,2004,bilateral (excl. China),46938787.6
Comoros,2004,multilateral,221014635.9
Comoros,2005,bilateral (China),1239126.7
Comoros,2005,bilateral (excl. China),46716337.3
Comoros,2005,multilateral,205903314.7
Comoros,2006,bilateral (China),1280622.9
Comoros,2006,bilateral (excl. China),39361331.7
Comoros,2006,multilateral,215371180.3
Comoros,2007,bilateral (China),1369000.4
Comoros,2007,bilateral (excl. China),46998955.0
Comoros,2007,multilateral,226540748.4
Comoros,2008,bilateral (excl. China),46522301.5
Comoros,2008,multilateral,217835519.0
Comoros,2009,bilateral (excl. China),45592702.6
Comoros,2009,multilateral,212982623.1
Comoros,2010,bilateral (China),0.0
Comoros,2010,bilateral (excl. China),46871405.699999996
Comoros,2010,multilateral,201648591.1
Comoros,2011,bilateral (China),0.0
Comoros,2011,bilateral (excl. China),46946451.2
Comoros,2011,multilateral,196361471.4
Comoros,2012,bilateral (China),0.0
Comoros,2012,bilateral (excl. China),50153950.3
Comoros,2012,multilateral,170041462.0
Comoros,2013,bilateral (China),0.0
Comoros,2013,bilateral (excl. China),45561935.2
Comoros,2013,multilateral,62550769.7
Comoros,2014,bilateral (China),0.0
Comoros,2014,bilateral (excl. China),44150639.2
Comoros,2014,multilateral,60136028.2
Comoros,2015,bilateral (China),0.0
Comoros,2015,bilateral (excl. China),37996106.599999994
Comoros,2015,multilateral,56930613.0
Comoros,2016,bilateral (China),29642867.4
Comoros,2016,bilateral (excl. China),64066849.9
Comoros,2016,multilateral,53213989.8
Comoros,2017,bilateral (China),30055900.2
Comoros,2017,bilateral (excl. China),70218163.5
Comoros,2017,multilateral,54218426.9
Comoros,2018,bilateral (China),79194221.5
Comoros,2018,bilateral (excl. China),83280675.4
Comoros,2018,multilateral,81228150.9
Comoros,2019,bilateral (China),76252468.8
Comoros,2019,bilateral (excl. China),82325325.4
Comoros,2019,multilateral,79515365.3
Comoros,2020,bilateral (China),93000964.1
Comoros,2020,bilateral (excl. China),83168622.9
Comoros,2020,multilateral,85213522.6
Comoros,2020,private (excl. China),0.0
Comoros,2021,bilateral (China),110147557.5
Comoros,2021,bilateral (excl. China),83501588.8
Comoros,2021,multilateral,93499189.3
Comoros,2021,private (excl. China),0.0
Comoros,2022,bilateral (China),103279415.9
Comoros,2022,bilateral (excl. China),94614112.8
Comoros,2022,multilateral,105297098.80000001
Comoros,2022,private (excl. China),0.0
Comoros,2023,bilateral (China),99558905.8
Comoros,2023,bilateral (excl. China),94623658.4
Comoros,2023,multilateral,126320872.6
Comoros,2023,private (excl. China),0.0
Comoros,2024,bilateral (China),89859025.7
Comoros,2024,bilateral (excl. China),92607795.9
Comoros,2024,multilateral,141507882.4
Comoros,2024,private (excl. China),0.0
"Congo, Dem. Rep.",2000,bilateral (China),61718057.6
"Congo, Dem. Rep.",2000,bilateral (excl. China),5015440579.4
"Congo, Dem. Rep.",2000,multilateral,2155901558.3
"Congo, Dem. Rep.",2000,private (excl. China),639252090.8
"Congo, Dem. Rep.",2001,bilateral (China),61721075.7
"Congo, Dem. Rep.",2001,bilateral (excl. China),4835700910.5
"Congo, Dem. Rep.",2001,multilateral,2057343374.2
"Congo, Dem. Rep.",2001,private (excl. China),623890325.2
"Congo, Dem. Rep.",2002,bilateral (China),61718555.5
"Congo, Dem. Rep.",2002,bilateral (excl. China),5995789577.6
"Congo, Dem. Rep.",2002,multilateral,2438140072.4
"Congo, Dem. Rep.",2002,private (excl. China),341922635.8
"Congo, Dem. Rep.",2003,bilateral (China),72794591.9
"Congo, Dem. Rep.",2003,bilateral (excl. China),6891764900.3
"Congo, Dem. Rep.",2003,multilateral,2788303068.5
"Congo, Dem. Rep.",2003,private (excl. China),382374592.5
"Congo, Dem. Rep.",2004,bilateral (China),69396076.7
"Congo, Dem. Rep.",2004,bilateral (excl. China),6557690779.0
"Congo, Dem. Rep.",2004,multilateral,3090793129.4
"Congo, Dem. Rep.",2004,private (excl. China),390614569.2
"Congo, Dem. Rep.",2005,bilateral (China),67223691.5
"Congo, Dem. Rep.",2005,bilateral (excl. China),5909075003.9
"Congo, Dem. Rep.",2005,multilateral,3043066467.6
"Congo, Dem. Rep.",2005,private (excl. China),376174582.6
"Congo, Dem. Rep.",2006,bilateral (China),64625729.5
"Congo, Dem. Rep.",2006,bilateral (excl. China),6147146060.2
"Congo, Dem. Rep.",2006,multilateral,3274399681.9
"Congo, Dem. Rep.",2006,private (excl. China),370660460.7
"Congo, Dem. Rep.",2007,bilateral (China),64942694.6
"Congo, Dem. Rep.",2007,bilateral (excl. China),6419279891.3
"Congo, Dem. Rep.",2007,multilateral,4037249294.4
"Congo, Dem. Rep.",2007,private (excl. China),376455435.0
"Congo, Dem. Rep.",2008,bilateral (China),63534349.0
"Congo, Dem. Rep.",2008,bilateral (excl. China),6294475224.6
"Congo, Dem. Rep.",2008,multilateral,4130965025.5
"Congo, Dem. Rep.",2008,private (excl. China),366514139.3
"Congo, Dem. Rep.",2009,bilateral (China),58869055.1
"Congo, Dem. Rep.",2009,bilateral (excl. China),6280155446.9
"Congo, Dem. Rep.",2009,multilateral,4185615714.1
"Congo, Dem. Rep.",2009,private (excl. China),348773576.2
"Congo, Dem. Rep.",2010,bilateral (China),709647181.9
"Congo, Dem. Rep.",2010,bilateral (excl. China),764842799.5
"Congo, Dem. Rep.",2010,multilateral,2585309046.8
"Congo, Dem. Rep.",2010,private (excl. China),77352042.6
"Congo, Dem. Rep.",2011,bilateral (China),858659201.9
"Congo, Dem. Rep.",2011,bilateral (excl. China),387342717.3
"Congo, Dem. Rep.",2011,multilateral,2392583953.6
"Congo, Dem. Rep.",2011,private (excl. China),14419221.6
"Congo, Dem. Rep.",2012,bilateral (China),977027961.2
"Congo, Dem. Rep.",2012,bilateral (excl. China),417511622.0
"Congo, Dem. Rep.",2012,multilateral,2337334136.1
"Congo, Dem. Rep.",2012,private (excl. China),27235447.6
"Congo, Dem. Rep.",2013,bilateral (China),1681060565.0
"Congo, Dem. Rep.",2013,bilateral (excl. China),620889521.0
"Congo, Dem. Rep.",2013,multilateral,2264617349.5
"Congo, Dem. Rep.",2013,private (excl. China),17871517.7
"Congo, Dem. Rep.",2014,bilateral (China),1742247329.9
"Congo, Dem. Rep.",2014,bilateral (excl. China),544195920.6
"Congo, Dem. Rep.",2014,multilateral,1971763792.9
"Congo, Dem. Rep.",2014,private (excl. China),9375180.7
"Congo, Dem. Rep.",2015,bilateral (China),1863712736.5
"Congo, Dem. Rep.",2015,bilateral (excl. China),474700708.0
"Congo, Dem. Rep.",2015,multilateral,1872150575.9
"Congo, Dem. Rep.",2015,private (excl. China),10662886.4
"Congo, Dem. Rep.",2016,bilateral (China),1867069466.0
"Congo, Dem. Rep.",2016,bilateral (excl. China),421132242.7
"Congo, Dem. Rep.",2016,multilateral,1724378878.5
"Congo, Dem. Rep.",2016,private (excl. China),1624000.0
"Congo, Dem. Rep.",2017,bilateral (China),1906777882.8
"Congo, Dem. Rep.",2017,bilateral (excl. China),309070766.2
"Congo, Dem. Rep.",2017,multilateral,1994925251.0
"Congo, Dem. Rep.",2017,private (excl. China),1115000.0
"Congo, Dem. Rep.",2018,bilateral (China),3168187760.8
"Congo, Dem. Rep.",2018,bilateral (excl. China),304175134.3
"Congo, Dem. Rep.",2018,multilateral,2043279946.7
"Congo, Dem. Rep.",2018,private (excl. China),29803000.0
"Congo, Dem. Rep.",2019,bilateral (China),3174065283.0
"Congo, Dem. Rep.",2019,bilateral (excl. China),344851143.20000005
"Congo, Dem. Rep.",2019,multilateral,2127998192.0
"Congo, Dem. Rep.",2019,private (excl. China),102196000.0
"Congo, Dem. Rep.",2020,bilateral (China),3922907200.0
"Congo, Dem. Rep.",2020,bilateral (excl. China),396836555.1
"Congo, Dem. Rep.",2020,multilateral,2289751090.8
"Congo, Dem. Rep.",2020,private (excl. China),97327000.0
"Congo, Dem. Rep.",2021,bilateral (China),3973505595.3
"Congo, Dem. Rep.",2021,bilateral (excl. China),351030911.0
"Congo, Dem. Rep.",2021,multilateral,2448326744.8
"Congo, Dem. Rep.",2021,private (excl. China),99423000.0
"Congo, Dem. Rep.",2022,bilateral (China),3457055495.8
"Congo, Dem. Rep.",2022,bilateral (excl. China),313962357.0
"Congo, Dem. Rep.",2022,multilateral,2688587714.2
"Congo, Dem. Rep.",2022,private (excl. China),76085000.0
"Congo, Dem. Rep.",2023,bilateral (China),3529862009.6
"Congo, Dem. Rep.",2023,bilateral (excl. China),285433400.6
"Congo, Dem. Rep.",2023,multilateral,3541789136.5
"Congo, Dem. Rep.",2023,private (excl. China),79556000.0
"Congo, Dem. Rep.",2024,bilateral (China),3520536189.8
"Congo, Dem. Rep.",2024,bilateral (excl. China),246648181.1
"Congo, Dem. Rep.",2024,multilateral,4087164750.6
"Congo, Dem. Rep.",2024,private (excl. China),70536000.0
"Congo, Rep.",2000,bilateral (China),35544258.1
"Congo, Rep.",2000,bilateral (excl. China),2344075697.0
"Congo, Rep.",2000,multilateral,499079409.29999995
"Congo, Rep.",2000,private (excl. China),869350241.9
"Congo, Rep.",2001,bilateral (China),38125000.1
"Congo, Rep.",2001,bilateral (excl. China),2264579736.4
"Congo, Rep.",2001,multilateral,490725234.9
"Congo, Rep.",2001,private (excl. China),854612246.0
"Congo, Rep.",2002,bilateral (China),40700711.6
"Congo, Rep.",2002,bilateral (excl. China),2534427563.5
"Congo, Rep.",2002,multilateral,515100975.1
"Congo, Rep.",2002,private (excl. China),902267658.3000001
"Congo, Rep.",2003,bilateral (China),42770790.3
"Congo, Rep.",2003,bilateral (excl. China),2877911109.1
"Congo, Rep.",2003,multilateral,561050133.2
"Congo, Rep.",2003,private (China),0.0
"Congo, Rep.",2003,private (excl. China),965076285.1999999
"Congo, Rep.",2004,bilateral (China),48990998.5
"Congo, Rep.",2004,bilateral (excl. China),2968771914.9
"Congo, Rep.",2004,multilateral,514891822.79999995
"Congo, Rep.",2004,private (China),0.0
"Congo, Rep.",2004,private (excl. China),2307320933.2
"Congo, Rep.",2005,bilateral (China),64110431.0
"Congo, Rep.",2005,bilateral (excl. China),2589790998.8
"Congo, Rep.",2005,multilateral,507563004.5
"Congo, Rep.",2005,private (China),119000000.0
"Congo, Rep.",2005,private (excl. China),2186267764.9
"Congo, Rep.",2006,bilateral (China),79063608.7
"Congo, Rep.",2006,bilateral (excl. China),2765267898.5
"Congo, Rep.",2006,multilateral,522853235.6
"Congo, Rep.",2006,private (China),238000000.0
"Congo, Rep.",2006,private (excl. China),2216287609.0
"Congo, Rep.",2007,bilateral (China),73913698.3
"Congo, Rep.",2007,bilateral (excl. China),2973678115.3
"Congo, Rep.",2007,multilateral,505105569.5
"Congo, Rep.",2007,private (China),238000000.0
"Congo, Rep.",2007,private (excl. China),1112275907.5
"Congo, Rep.",2008,bilateral (China),82941210.9
"Congo, Rep.",2008,bilateral (excl. China),3129098182.9
"Congo, Rep.",2008,multilateral,446243694.3
"Congo, Rep.",2008,private (China),238000000.0
"Congo, Rep.",2008,private (excl. China),1053176118.7
"Congo, Rep.",2009,bilateral (China),96207037.2
"Congo, Rep.",2009,bilateral (excl. China),2873328714.6
"Congo, Rep.",2009,multilateral,437170289.7
"Congo, Rep.",2009,private (China),226100000.0
"Congo, Rep.",2009,private (excl. China),998118437.0999999
"Congo, Rep.",2010,bilateral (China),571529893.1
"Congo, Rep.",2010,bilateral (excl. China),270006250.5
"Congo, Rep.",2010,multilateral,181650993.7
"Congo, Rep.",2010,private (China),568430000.0
"Congo, Rep.",2010,private (excl. China),858032318.7
"Congo, Rep.",2011,bilateral (China),824165262.9
"Congo, Rep.",2011,bilateral (excl. China),350005674.2
"Congo, Rep.",2011,multilateral,166740131.60000002
"Congo, Rep.",2011,private (China),605028000.0
"Congo, Rep.",2011,private (excl. China),942145699.8
"Congo, Rep.",2012,bilateral (China),1100628171.5
"Congo, Rep.",2012,bilateral (excl. China),375853113.4
"Congo, Rep.",2012,multilateral,160767877.3
"Congo, Rep.",2012,private (China),646171000.0
"Congo, Rep.",2012,private (excl. China),955848612.4
"Congo, Rep.",2013,bilateral (China),1659892412.7
"Congo, Rep.",2013,bilateral (excl. China),401893268.0
"Congo, Rep.",2013,multilateral,167423265.1
"Congo, Rep.",2013,private (China),562514000.0
"Congo, Rep.",2013,private (excl. China),1031239986.8
"Congo, Rep.",2014,bilateral (China),2256638150.3
"Congo, Rep.",2014,bilateral (excl. China),608102736.1999999
"Congo, Rep.",2014,multilateral,155550921.6
"Congo, Rep.",2014,private (China),490757000.0
"Congo, Rep.",2014,private (excl. China),1868240062.1000001
"Congo, Rep.",2015,bilateral (China),2403405326.1
"Congo, Rep.",2015,bilateral (excl. China),549465043.3
"Congo, Rep.",2015,multilateral,159756651.8
"Congo, Rep.",2015,private (China),418999000.0
"Congo, Rep.",2015,private (excl. China),2673242971.3
"Congo, Rep.",2016,bilateral (China),2411078841.2
"Congo, Rep.",2016,bilateral (excl. China),757559687.5
"Congo, Rep.",2016,multilateral,210747236.2
"Congo, Rep.",2016,private (China),407099000.0
"Congo, Rep.",2016,private (excl. China),2575828530.7
"Congo, Rep.",2017,bilateral (China),2581264794.6
"Congo, Rep.",2017,bilateral (excl. China),886179583.8
"Congo, Rep.",2017,multilateral,643939459.5
"Congo, Rep.",2017,private (China),391000000.0
"Congo, Rep.",2017,private (excl. China),2428097934.4
"Congo, Rep.",2018,bilateral (China),2391107476.7
"Congo, Rep.",2018,bilateral (excl. China),763585564.8
"Congo, Rep.",2018,multilateral,640068234.5999999
"Congo, Rep.",2018,private (China),530000000.0
"Congo, Rep.",2018,private (excl. China),2328427690.0
"Congo, Rep.",2019,bilateral (China),2403779573.7
"Congo, Rep.",2019,bilateral (excl. China),828030254.9
"Congo, Rep.",2019,multilateral,869143877.5
"Congo, Rep.",2019,private (China),1676879000.0
"Congo, Rep.",2019,private (excl. China),2228522058.9
"Congo, Rep.",2020,bilateral (China),2207123534.2
"Congo, Rep.",2020,bilateral (excl. China),888653616.3
"Congo, Rep.",2020,multilateral,985443916.4
"Congo, Rep.",2020,private (China),1586669000.0
"Congo, Rep.",2020,private (excl. China),2103927810.5
"Congo, Rep.",2021,bilateral (China),2213031596.4
"Congo, Rep.",2021,bilateral (excl. China),826200085.2
"Congo, Rep.",2021,multilateral,1021655786.5
"Congo, Rep.",2021,private (China),1516180000.0
"Congo, Rep.",2021,private (excl. China),1900641005.2
"Congo, Rep.",2022,bilateral (China),2008657946.1
"Congo, Rep.",2022,bilateral (excl. China),805522661.0
"Congo, Rep.",2022,multilateral,1107735128.8
"Congo, Rep.",2022,private (China),1380691000.0
"Congo, Rep.",2022,private (excl. China),1296493725.3
"Congo, Rep.",2023,bilateral (China),1797385104.7
"Congo, Rep.",2023,bilateral (excl. China),733832983.9
"Congo, Rep.",2023,multilateral,1274152306.3
"Congo, Rep.",2023,private (China),1380691000.0
"Congo, Rep.",2023,private (excl. China),769830916.9
"Congo, Rep.",2024,bilateral (China),1592656609.1
"Congo, Rep.",2024,bilateral (excl. China),684235751.1
"Congo, Rep.",2024,multilateral,1338024406.9
"Congo, Rep.",2024,private (China),1380691000.0
"Congo, Rep.",2024,private (excl. China),338728523.9
Cote d'Ivoire,2000,bilateral (China),14205261.0
Cote d'Ivoire,2000,bilateral (excl. China),3656697205.5
Cote d'Ivoire,2000,multilateral,2958371162.2
Cote d'Ivoire,2000,private (excl. China),2434172830.2
Cote d'Ivoire,2001,bilateral (China),15295950.2
Cote d'Ivoire,2001,bilateral (excl. China),3400486599.8
Cote d'Ivoire,2001,multilateral,2745107595.9
Cote d'Ivoire,2001,private (excl. China),2429815661.7
Cote d'Ivoire,2002,bilateral (China),17261860.2
Cote d'Ivoire,2002,bilateral (excl. China),3663256322.0
Cote d'Ivoire,2002,multilateral,3027797797.6
Cote d'Ivoire,2002,private (excl. China),2393104009.4
Cote d'Ivoire,2003,bilateral (China),19755156.7
Cote d'Ivoire,2003,bilateral (excl. China),4001808188.2000003
Cote d'Ivoire,2003,multilateral,3279183008.8
Cote d'Ivoire,2003,private (excl. China),2395405171.9
Cote d'Ivoire,2004,bilateral (China),43041925.9
Cote d'Ivoire,2004,bilateral (excl. China),5154750490.7
Cote d'Ivoire,2004,multilateral,3405152656.5
Cote d'Ivoire,2004,private (excl. China),2487639151.6
Cote d'Ivoire,2005,bilateral (China),44377537.1
Cote d'Ivoire,2005,bilateral (excl. China),4550296121.6
Cote d'Ivoire,2005,multilateral,3088139835.4
Cote d'Ivoire,2005,private (excl. China),2292004527.2000003
Cote d'Ivoire,2006,bilateral (China),45514503.1
Cote d'Ivoire,2006,bilateral (excl. China),5017850810.8
Cote d'Ivoire,2006,multilateral,3331041098.3
Cote d'Ivoire,2006,private (excl. China),2438780033.4
Cote d'Ivoire,2007,bilateral (China),60342222.6
Cote d'Ivoire,2007,bilateral (excl. China),5541606582.9
Cote d'Ivoire,2007,multilateral,3471667561.2
Cote d'Ivoire,2007,private (China),0.0
Cote d'Ivoire,2007,private (excl. China),2584245903.0
Cote d'Ivoire,2008,bilateral (China),67277207.0
Cote d'Ivoire,2008,bilateral (excl. China),5176718663.9
Cote d'Ivoire,2008,multilateral,2897052851.0
Cote d'Ivoire,2008,private (China),0.0
Cote d'Ivoire,2008,private (excl. China),2498512691.9
Cote d'Ivoire,2009,bilateral (China),74810579.4
Cote d'Ivoire,2009,bilateral (excl. China),8166628646.699999
Cote d'Ivoire,2009,multilateral,2417849600.3
Cote d'Ivoire,2009,private (China),0.0
Cote d'Ivoire,2009,private (excl. China),2065853327.0
Cote d'Ivoire,2010,bilateral (China),86979978.8
Cote d'Ivoire,2010,bilateral (excl. China),6841068742.099999
Cote d'Ivoire,2010,multilateral,2372160004.4
Cote d'Ivoire,2010,private (China),26010000.0
Cote d'Ivoire,2010,private (excl. China),86150926.6
Cote d'Ivoire,2011,bilateral (China),80498341.3
Cote d'Ivoire,2011,bilateral (excl. China),7320086830.9
Cote d'Ivoire,2011,multilateral,2364762399.8
Cote d'Ivoire,2011,private (China),51188000.0
Cote d'Ivoire,2011,private (excl. China),79517608.8
Cote d'Ivoire,2012,bilateral (China),110798153.9
Cote d'Ivoire,2012,bilateral (excl. China),3162655741.0
Cote d'Ivoire,2012,multilateral,554344926.7
Cote d'Ivoire,2012,private (China),53606000.0
Cote d'Ivoire,2012,private (excl. China),1168486869.4
Cote d'Ivoire,2013,bilateral (China),360072678.3
Cote d'Ivoire,2013,bilateral (excl. China),2882666087.4
Cote d'Ivoire,2013,multilateral,683937680.5
Cote d'Ivoire,2013,private (China),58500000.0
Cote d'Ivoire,2013,private (excl. China),2383162065.6
Cote d'Ivoire,2014,bilateral (China),511086994.4
Cote d'Ivoire,2014,bilateral (excl. China),2215786114.8
Cote d'Ivoire,2014,multilateral,749864022.6
Cote d'Ivoire,2014,private (China),58500000.0
Cote d'Ivoire,2014,private (excl. China),3083183413.2
Cote d'Ivoire,2015,bilateral (China),745414749.2
Cote d'Ivoire,2015,bilateral (excl. China),2736061150.4
Cote d'Ivoire,2015,multilateral,893492080.0999999
Cote d'Ivoire,2015,private (China),51000000.0
Cote d'Ivoire,2015,private (excl. China),4082149000.0
Cote d'Ivoire,2016,bilateral (China),1161093743.6
Cote d'Ivoire,2016,bilateral (excl. China),1926161920.8
Cote d'Ivoire,2016,multilateral,1017971353.3
Cote d'Ivoire,2016,private (China),42500000.0
Cote d'Ivoire,2016,private (excl. China),4218525000.0
Cote d'Ivoire,2017,bilateral (China),1663360100.1
Cote d'Ivoire,2017,bilateral (excl. China),1761971650.7000003
Cote d'Ivoire,2017,multilateral,1578724978.6
Cote d'Ivoire,2017,private (China),34000000.0
Cote d'Ivoire,2017,private (excl. China),5403801192.3
Cote d'Ivoire,2018,bilateral (China),1943764089.5
Cote d'Ivoire,2018,bilateral (excl. China),1232520011.8
Cote d'Ivoire,2018,multilateral,2019987794.8
Cote d'Ivoire,2018,private (China),25500000.0
Cote d'Ivoire,2018,private (excl. China),8008864120.7
Cote d'Ivoire,2019,bilateral (China),2395842982.5
Cote d'Ivoire,2019,bilateral (excl. China),967145020.9
Cote d'Ivoire,2019,multilateral,2605305845.9
Cote d'Ivoire,2019,private (China),150061113.0
Cote d'Ivoire,2019,private (excl. China),9626078697.5
Cote d'Ivoire,2020,bilateral (China),2942710416.5
Cote d'Ivoire,2020,bilateral (excl. China),1009542678.1
Cote d'Ivoire,2020,multilateral,4013949302.7
Cote d'Ivoire,2020,private (China),188597785.7
Cote d'Ivoire,2020,private (excl. China),11862408903.300001
Cote d'Ivoire,2021,bilateral (China),3166086458.7
Cote d'Ivoire,2021,bilateral (excl. China),2157989833.0
Cote d'Ivoire,2021,multilateral,4758311763.6
Cote d'Ivoire,2021,private (China),213361453.2
Cote d'Ivoire,2021,private (excl. China),12892829338.0
Cote d'Ivoire,2022,bilateral (China),3481063969.4
Cote d'Ivoire,2022,bilateral (excl. China),2194489082.9
Cote d'Ivoire,2022,multilateral,5851358982.4
Cote d'Ivoire,2022,private (China),389356997.0
Cote d'Ivoire,2022,private (excl. China),14193124561.899998
Cote d'Ivoire,2023,bilateral (China),3787198773.6
Cote d'Ivoire,2023,bilateral (excl. China),2322632173.6
Cote d'Ivoire,2023,multilateral,7502096825.1
Cote d'Ivoire,2023,private (China),415136345.0
Cote d'Ivoire,2023,private (excl. China),14949599164.7
Cote d'Ivoire,2024,bilateral (China),3771748998.2
Cote d'Ivoire,2024,bilateral (excl. China),2058000260.1
Cote d'Ivoire,2024,multilateral,8224971007.3
Cote d'Ivoire,2024,private (China),338079876.9
Cote d'Ivoire,2024,private (excl. China),16856210101.7
Djibouti,2000,bilateral (China),4228381.5
Djibouti,2000,bilateral (excl. China),95967411.89999999
Djibouti,2000,multilateral,138275175.2
Djibouti,2000,private (excl. China),0.0
Djibouti,2001,bilateral (China),4228687.4
Djibouti,2001,bilateral (excl. China),88848667.0
Djibouti,2001,multilateral,143655481.2
Djibouti,2001,private (excl. China),0.0
Djibouti,2002,bilateral (China),6028431.9
Djibouti,2002,bilateral (excl. China),95273139.6
Djibouti,2002,multilateral,197076751.7
Djibouti,2002,private (excl. China),3071000.0
Djibouti,2003,bilateral (China),2511237.4
Djibouti,2003,bilateral (excl. China),111305223.4
Djibouti,2003,multilateral,245307952.60000002
Djibouti,2003,private (excl. China),3071000.0
Djibouti,2004,bilateral (China),1770180.1
Djibouti,2004,bilateral (excl. China),109289122.6
Djibouti,2004,multilateral,276096380.3
Djibouti,2004,private (excl. China),3061000.0
Djibouti,2005,bilateral (China),1040672.5
Djibouti,2005,bilateral (excl. China),106416869.7
Djibouti,2005,multilateral,268739465.6
Djibouti,2005,private (excl. China),3061000.0
Djibouti,2006,bilateral (China),288000.0
Djibouti,2006,bilateral (excl. China),114860630.2
Djibouti,2006,multilateral,305850448.5
Djibouti,2006,private (excl. China),20657437.0
Djibouti,2007,bilateral (China),21469402.8
Djibouti,2007,bilateral (excl. China),256873764.3
Djibouti,2007,multilateral,347304143.0
Djibouti,2007,private (excl. China),25526718.1
Djibouti,2008,bilateral (China),23659194.4
Djibouti,2008,bilateral (excl. China),271577718.7
Djibouti,2008,multilateral,362993089.2
Djibouti,2008,private (excl. China),21038193.9
Djibouti,2009,bilateral (China),26379062.2
Djibouti,2009,bilateral (excl. China),292946852.9
Djibouti,2009,multilateral,399679972.3
Djibouti,2009,private (excl. China),19875436.4
Djibouti,2010,bilateral (China),22886137.2
Djibouti,2010,bilateral (excl. China),166269126.6
Djibouti,2010,multilateral,406097613.3
Djibouti,2010,private (excl. China),16298179.2
Djibouti,2011,bilateral (China),19462242.0
Djibouti,2011,bilateral (excl. China),179194185.3
Djibouti,2011,multilateral,429467628.4
Djibouti,2011,private (excl. China),13092355.6
Djibouti,2012,bilateral (China),15581335.9
Djibouti,2012,bilateral (excl. China),186078858.3
Djibouti,2012,multilateral,421206300.8
Djibouti,2012,private (excl. China),9713369.0
Djibouti,2013,bilateral (China),24634301.5
Djibouti,2013,bilateral (excl. China),197388516.2
Djibouti,2013,multilateral,436673803.0
Djibouti,2013,private (excl. China),6359195.2
Djibouti,2014,bilateral (China),178690676.0
Djibouti,2014,bilateral (excl. China),201899674.20000002
Djibouti,2014,multilateral,428762316.4
Djibouti,2014,private (excl. China),3820772.7
Djibouti,2015,bilateral (China),517951170.2
Djibouti,2015,bilateral (excl. China),203718699.2
Djibouti,2015,multilateral,451822393.8
Djibouti,2015,private (excl. China),830678.1
Djibouti,2016,bilateral (China),887495578.2
Djibouti,2016,bilateral (excl. China),229668787.1
Djibouti,2016,multilateral,485427977.1
Djibouti,2016,private (excl. China),184467.5
Djibouti,2017,bilateral (China),1160525645.0
Djibouti,2017,bilateral (excl. China),265406662.60000002
Djibouti,2017,multilateral,518947572.4
Djibouti,2017,private (excl. China),0.0
Djibouti,2018,bilateral (China),1186499844.0
Djibouti,2018,bilateral (excl. China),307840397.4
Djibouti,2018,multilateral,550669474.6
Djibouti,2019,bilateral (China),1195469501.1
Djibouti,2019,bilateral (excl. China),338671218.8
Djibouti,2019,multilateral,611397342.9
Djibouti,2020,bilateral (China),1341297790.4
Djibouti,2020,bilateral (excl. China),352228548.59999996
Djibouti,2020,multilateral,659990569.8
Djibouti,2021,bilateral (China),1336386600.0
Djibouti,2021,bilateral (excl. China),378611965.90000004
Djibouti,2021,multilateral,691569650.5999999
Djibouti,2022,bilateral (China),1331672704.3
Djibouti,2022,bilateral (excl. China),369442328.0
Djibouti,2022,multilateral,707986256.2
Djibouti,2023,bilateral (China),1472512518.7
Djibouti,2023,bilateral (excl. China),465710439.2
Djibouti,2023,multilateral,898279701.2
Djibouti,2024,bilateral (China),1412431582.2
Djibouti,2024,bilateral (excl. China),464674320.8
Djibouti,2024,multilateral,917431086.5
"Egypt, Arab Rep.",2000,bilateral (China),83615033.5
"Egypt, Arab Rep.",2000,bilateral (excl. China),19762290796.9
"Egypt, Arab Rep.",2000,multilateral,3959141077.0
"Egypt, Arab Rep.",2000,private (excl. China),573796254.5
"Egypt, Arab Rep.",2001,bilateral (China),72529660.7
"Egypt, Arab Rep.",2001,bilateral (excl. China),19370760826.8
"Egypt, Arab Rep.",2001,multilateral,3686619798.1
"Egypt, Arab Rep.",2001,private (excl. China),2205362188.2
"Egypt, Arab Rep.",2002,bilateral (China),95219815.2
"Egypt, Arab Rep.",2002,bilateral (excl. China),20543873278.4
"Egypt, Arab Rep.",2002,multilateral,4438446355.9
"Egypt, Arab Rep.",2002,private (excl. China),1600849736.0
"Egypt, Arab Rep.",2003,bilateral (China),105850949.3
"Egypt, Arab Rep.",2003,bilateral (excl. China),22036719129.0
"Egypt, Arab Rep.",2003,multilateral,4592106188.8
"Egypt, Arab Rep.",2003,private (excl. China),1350486719.6
"Egypt, Arab Rep.",2004,bilateral (China),115003185.9
"Egypt, Arab Rep.",2004,bilateral (excl. China),22783808310.8
"Egypt, Arab Rep.",2004,multilateral,5043386976.0
"Egypt, Arab Rep.",2004,private (excl. China),1445930674.8
"Egypt, Arab Rep.",2005,bilateral (China),100058819.9
"Egypt, Arab Rep.",2005,bilateral (excl. China),20166556084.9
"Egypt, Arab Rep.",2005,multilateral,5238631667.0
"Egypt, Arab Rep.",2005,private (excl. China),3127604768.1
"Egypt, Arab Rep.",2006,bilateral (China),110448879.2
"Egypt, Arab Rep.",2006,bilateral (excl. China),20464509169.0
"Egypt, Arab Rep.",2006,multilateral,5750547126.2
"Egypt, Arab Rep.",2006,private (excl. China),2697810088.2
"Egypt, Arab Rep.",2007,bilateral (China),125454215.9
"Egypt, Arab Rep.",2007,bilateral (excl. China),20882068295.5
"Egypt, Arab Rep.",2007,multilateral,7769518431.8
"Egypt, Arab Rep.",2007,private (China),0.0
"Egypt, Arab Rep.",2007,private (excl. China),3356519129.1
"Egypt, Arab Rep.",2008,bilateral (China),135478743.4
"Egypt, Arab Rep.",2008,bilateral (excl. China),20027035893.4
"Egypt, Arab Rep.",2008,multilateral,7732188545.9
"Egypt, Arab Rep.",2008,private (China),0.0
"Egypt, Arab Rep.",2008,private (excl. China),2898771273.8
"Egypt, Arab Rep.",2009,bilateral (China),144882419.8
"Egypt, Arab Rep.",2009,bilateral (excl. China),19617968344.3
"Egypt, Arab Rep.",2009,multilateral,8723203055.9
"Egypt, Arab Rep.",2009,private (China),0.0
"Egypt, Arab Rep.",2009,private (excl. China),2887185134.1
"Egypt, Arab Rep.",2010,bilateral (China),165721809.8
"Egypt, Arab Rep.",2010,bilateral (excl. China),18574891553.3
"Egypt, Arab Rep.",2010,multilateral,9292680424.6
"Egypt, Arab Rep.",2010,private (China),0.0
"Egypt, Arab Rep.",2010,private (excl. China),4184224600.6
"Egypt, Arab Rep.",2011,bilateral (China),170360352.4
"Egypt, Arab Rep.",2011,bilateral (excl. China),17435370989.4
"Egypt, Arab Rep.",2011,multilateral,9610213569.1
"Egypt, Arab Rep.",2011,private (China),0.0
"Egypt, Arab Rep.",2011,private (excl. China),3571589395.8
"Egypt, Arab Rep.",2012,bilateral (China),374418315.5
"Egypt, Arab Rep.",2012,bilateral (excl. China),17541093119.5
"Egypt, Arab Rep.",2012,multilateral,10472057850.1
"Egypt, Arab Rep.",2012,private (excl. China),3616114850.9
"Egypt, Arab Rep.",2013,bilateral (China),377186273.8
"Egypt, Arab Rep.",2013,bilateral (excl. China),24422922141.6
"Egypt, Arab Rep.",2013,multilateral,10924389940.2
"Egypt, Arab Rep.",2013,private (excl. China),6598334858.2
"Egypt, Arab Rep.",2014,bilateral (China),361692196.7
"Egypt, Arab Rep.",2014,bilateral (excl. China),21920732616.8
"Egypt, Arab Rep.",2014,multilateral,10884327549.5
"Egypt, Arab Rep.",2014,private (excl. China),3962154835.0
"Egypt, Arab Rep.",2015,bilateral (China),349928866.0
"Egypt, Arab Rep.",2015,bilateral (excl. China),25815481830.1
"Egypt, Arab Rep.",2015,multilateral,11716336415.4
"Egypt, Arab Rep.",2015,private (excl. China),6300489414.900001
"Egypt, Arab Rep.",2016,bilateral (China),1948727610.2
"Egypt, Arab Rep.",2016,bilateral (excl. China),29773550888.600002
"Egypt, Arab Rep.",2016,multilateral,15846466225.0
"Egypt, Arab Rep.",2016,private (excl. China),5661684990.5
"Egypt, Arab Rep.",2017,bilateral (China),2351697471.6
"Egypt, Arab Rep.",2017,bilateral (excl. China),31561981354.6
"Egypt, Arab Rep.",2017,multilateral,18887057821.1
"Egypt, Arab Rep.",2017,private (excl. China),12850575014.7
"Egypt, Arab Rep.",2018,bilateral (China),4212399235.8
"Egypt, Arab Rep.",2018,bilateral (excl. China),31658928494.600002
"Egypt, Arab Rep.",2018,multilateral,20136509419.199997
"Egypt, Arab Rep.",2018,private (excl. China),23442365848.3
"Egypt, Arab Rep.",2019,bilateral (China),4300104250.2
"Egypt, Arab Rep.",2019,bilateral (excl. China),32074775945.5
"Egypt, Arab Rep.",2019,multilateral,21568763965.7
"Egypt, Arab Rep.",2019,private (China),0.0
"Egypt, Arab Rep.",2019,private (excl. China),32192249157.4
"Egypt, Arab Rep.",2020,bilateral (China),3999299711.4
"Egypt, Arab Rep.",2020,bilateral (excl. China),32655787249.3
"Egypt, Arab Rep.",2020,multilateral,26322273851.4
"Egypt, Arab Rep.",2020,private (China),498801000.0
"Egypt, Arab Rep.",2020,private (excl. China),36339368163.6
"Egypt, Arab Rep.",2021,bilateral (China),3757872361.3
"Egypt, Arab Rep.",2021,bilateral (excl. China),30486375446.399998
"Egypt, Arab Rep.",2021,multilateral,28442348065.8
"Egypt, Arab Rep.",2021,private (China),853973000.0
"Egypt, Arab Rep.",2021,private (excl. China),45150972404.6
"Egypt, Arab Rep.",2022,bilateral (China),3568216499.6
"Egypt, Arab Rep.",2022,bilateral (excl. China),30514982326.0
"Egypt, Arab Rep.",2022,multilateral,29985824471.6
"Egypt, Arab Rep.",2022,private (China),1646080000.0
"Egypt, Arab Rep.",2022,private (excl. China),44497973991.4
"Egypt, Arab Rep.",2023,bilateral (China),4041522836.1
"Egypt, Arab Rep.",2023,bilateral (excl. China),31895046554.4
"Egypt, Arab Rep.",2023,multilateral,31111443075.1
"Egypt, Arab Rep.",2023,private (China),2329638000.0
"Egypt, Arab Rep.",2023,private (excl. China),48122774931.8
"Egypt, Arab Rep.",2024,bilateral (China),3582890244.3
"Egypt, Arab Rep.",2024,bilateral (excl. China),25982658895.9
"Egypt, Arab Rep.",2024,multilateral,30753418154.9
"Egypt, Arab Rep.",2024,private (China),2323994000.0
"Egypt, Arab Rep.",2024,private (excl. China),44283918779.5
Equatorial Guinea,2019,bilateral (China),1255767315.1
Equatorial Guinea,2019,bilateral (excl. China),140000.0
Equatorial Guinea,2019,multilateral,74915892.2
Equatorial Guinea,2020,bilateral (China),1141787716.9
Equatorial Guinea,2020,bilateral (excl. China),86000.0
Equatorial Guinea,2020,multilateral,75645033.9
Equatorial Guinea,2021,bilateral (China),1061603883.1
Equatorial Guinea,2021,bilateral (excl. China),29000.0
Equatorial Guinea,2021,multilateral,71639034.2
Equatorial Guinea,2022,bilateral (China),1066302714.8
Equatorial Guinea,2022,bilateral (excl. China),6428600.0
Equatorial Guinea,2022,multilateral,66730812.900000006
Equatorial Guinea,2023,bilateral (China),945679981.1
Equatorial Guinea,2023,bilateral (excl. China),4449000.0
Equatorial Guinea,2023,multilateral,68011129.1
Equatorial Guinea,2024,bilateral (China),829399049.0
Equatorial Guinea,2024,bilateral (excl. China),29000.0
Equatorial Guinea,2024,multilateral,66370779.7
Eritrea,2000,bilateral (China),2760529.1
Eritrea,2000,bilateral (excl. China),143374725.20000002
Eritrea,2000,multilateral,151860857.9
Eritrea,2001,bilateral (China),2760728.8
Eritrea,2001,bilateral (excl. China),156591268.4
Eritrea,2001,multilateral,235496951.1
Eritrea,2002,bilateral (China),5187198.7
Eritrea,2002,bilateral (excl. China),171406632.2
Eritrea,2002,multilateral,312619944.0
Eritrea,2003,bilateral (China),5187574.7
Eritrea,2003,bilateral (excl. China),186851292.2
Eritrea,2003,multilateral,413085809.6
Eritrea,2004,bilateral (China),5187700.2
Eritrea,2004,bilateral (excl. China),217108166.2
Eritrea,2004,multilateral,481699599.2
Eritrea,2005,bilateral (China),5320314.2
Eritrea,2005,bilateral (excl. China),207557695.5
Eritrea,2005,multilateral,510110759.2
Eritrea,2006,bilateral (China),5498482.4
Eritrea,2006,bilateral (excl. China),214253290.2
Eritrea,2006,multilateral,561618259.6
Eritrea,2007,bilateral (China),15739534.0
Eritrea,2007,bilateral (excl. China),226746960.2
Eritrea,2007,multilateral,613181338.9
Eritrea,2008,bilateral (China),88874911.7
Eritrea,2008,bilateral (excl. China),224492908.0
Eritrea,2008,multilateral,643596668.6
Eritrea,2009,bilateral (China),133242708.0
Eritrea,2009,bilateral (excl. China),222237169.0
Eritrea,2009,multilateral,657506792.3
Eritrea,2010,bilateral (China),133888913.6
Eritrea,2010,bilateral (excl. China),213178729.6
Eritrea,2010,multilateral,651357929.4
Eritrea,2011,bilateral (China),135451522.1
Eritrea,2011,bilateral (excl. China),208437331.0
Eritrea,2011,multilateral,666125759.4
Eritrea,2012,bilateral (China),95989365.0
Eritrea,2012,bilateral (excl. China),199896742.0
Eritrea,2012,multilateral,653759020.1
Eritrea,2013,bilateral (China),57343012.5
Eritrea,2013,bilateral (excl. China),194835878.0
Eritrea,2013,multilateral,641615678.5
Eritrea,2014,bilateral (China),55263441.8
Eritrea,2014,bilateral (excl. China),177312246.0
Eritrea,2014,multilateral,597081859.8
Eritrea,2015,bilateral (China),49098205.2
Eritrea,2015,bilateral (excl. China),162942852.5
Eritrea,2015,multilateral,572531648.1
Eritrea,2016,bilateral (China),41179890.1
Eritrea,2016,bilateral (excl. China),155086160.4
Eritrea,2016,multilateral,557516058.5
Eritrea,2017,bilateral (China),37834172.8
Eritrea,2017,bilateral (excl. China),151742631.9
Eritrea,2017,multilateral,587324585.5
Eritrea,2018,bilateral (China),30878739.2
Eritrea,2018,bilateral (excl. China),139883850.9
Eritrea,2018,multilateral,571584170.7
Eritrea,2019,bilateral (China),26236582.3
Eritrea,2019,bilateral (excl. China),132296076.0
Eritrea,2019,multilateral,567116078.4
Eritrea,2020,bilateral (China),23424842.0
Eritrea,2020,bilateral (excl. China),128273771.3
Eritrea,2020,multilateral,587770603.4
Eritrea,2021,bilateral (China),19079178.7
Eritrea,2021,bilateral (excl. China),106196462.4
Eritrea,2021,multilateral,565403497.5
Eritrea,2022,bilateral (China),12808760.4
Eritrea,2022,bilateral (excl. China),100296548.8
Eritrea,2022,multilateral,533157731.7
Eritrea,2023,bilateral (China),8008987.1
Eritrea,2023,bilateral (excl. China),97339912.7
Eritrea,2023,multilateral,535948576.4
Eritrea,2024,bilateral (China),3407533.7
Eritrea,2024,bilateral (excl. China),61054165.7
Eritrea,2024,multilateral,517417309.6
Eswatini,2000,bilateral (China),4000000.0
Eswatini,2000,bilateral (excl. China),88634314.2
Eswatini,2000,multilateral,149882131.9
Eswatini,2000,private (excl. China),19818990.0
Eswatini,2001,bilateral (China),4000000.0
Eswatini,2001,bilateral (excl. China),88879254.89999999
Eswatini,2001,multilateral,157183061.6
Eswatini,2001,private (excl. China),18386179.1
Eswatini,2002,bilateral (China),4000000.0
Eswatini,2002,bilateral (excl. China),113047011.19999999
Eswatini,2002,multilateral,182572335.10000002
Eswatini,2002,private (excl. China),34768518.5
Eswatini,2003,bilateral (China),3785000.0
Eswatini,2003,bilateral (excl. China),135101811.9
Eswatini,2003,multilateral,202317238.60000002
Eswatini,2003,private (excl. China),51126656.599999994
Eswatini,2004,bilateral (China),3402000.0
Eswatini,2004,bilateral (excl. China),106526364.8
Eswatini,2004,multilateral,242443516.4
Eswatini,2004,private (excl. China),59801065.7
Eswatini,2005,bilateral (China),3135000.0
Eswatini,2005,bilateral (excl. China),104294576.4
Eswatini,2005,multilateral,256271763.1
Eswatini,2005,private (excl. China),51994150.2
Eswatini,2006,bilateral (China),2868000.0
Eswatini,2006,bilateral (excl. China),104376842.8
Eswatini,2006,multilateral,268804206.4
Eswatini,2006,private (excl. China),45521377.3
Eswatini,2007,bilateral (China),2601000.0
Eswatini,2007,bilateral (excl. China),112650531.6
Eswatini,2007,multilateral,288660510.09999996
Eswatini,2007,private (excl. China),44890602.099999994
Eswatini,2008,bilateral (China),2049000.0
Eswatini,2008,bilateral (excl. China),139655509.3
Eswatini,2008,multilateral,249451399.9
Eswatini,2008,private (excl. China),31609457.3
Eswatini,2009,bilateral (China),1833000.0
Eswatini,2009,bilateral (excl. China),137360816.4
Eswatini,2009,multilateral,253694384.8
Eswatini,2009,private (excl. China),38285501.400000006
Eswatini,2010,bilateral (China),1617000.0
Eswatini,2010,bilateral (excl. China),150820237.5
Eswatini,2010,multilateral,238533546.1
Eswatini,2010,private (excl. China),40860124.2
Eswatini,2011,bilateral (China),1402000.0
Eswatini,2011,bilateral (excl. China),141617294.2
Eswatini,2011,multilateral,209843604.6
Eswatini,2011,private (excl. China),31854621.9
Eswatini,2012,bilateral (China),1186000.0
Eswatini,2012,bilateral (excl. China),126802977.6
Eswatini,2012,multilateral,189227311.2
Eswatini,2012,private (excl. China),29150173.8
Eswatini,2013,bilateral (China),970000.0
Eswatini,2013,bilateral (excl. China),119619525.0
Eswatini,2013,multilateral,167403621.9
Eswatini,2013,private (excl. China),22519959.799999997
Eswatini,2014,bilateral (China),755000.0
Eswatini,2014,bilateral (excl. China),120373992.80000001
Eswatini,2014,multilateral,158653054.1
Eswatini,2014,private (excl. China),19398408.6
Eswatini,2015,bilateral (China),539000.0
Eswatini,2015,bilateral (excl. China),133546109.10000001
Eswatini,2015,multilateral,149410067.5
Eswatini,2015,private (excl. China),13706979.8
Eswatini,2016,bilateral (China),32523000.0
Eswatini,2016,bilateral (excl. China),151527209.5
Eswatini,2016,multilateral,167874367.3
Eswatini,2016,private (excl. China),14736069.0
Eswatini,2017,bilateral (China),57183000.0
Eswatini,2017,bilateral (excl. China),150236148.6
Eswatini,2017,multilateral,204650404.7
Eswatini,2017,private (excl. China),15735423.2
Eswatini,2018,bilateral (China),125025000.0
Eswatini,2018,bilateral (excl. China),138795138.7
Eswatini,2018,multilateral,222531843.4
Eswatini,2018,private (excl. China),12383407.4
Eswatini,2019,bilateral (China),159025000.0
Eswatini,2019,bilateral (excl. China),125819210.8
Eswatini,2019,multilateral,244750923.1
Eswatini,2019,private (excl. China),10694775.0
Eswatini,2020,bilateral (China),189288000.0
Eswatini,2020,bilateral (excl. China),110901226.1
Eswatini,2020,multilateral,274195920.2
Eswatini,2020,private (excl. China),10213845.0
Eswatini,2021,bilateral (China),185837000.0
Eswatini,2021,bilateral (excl. China),84236973.3
Eswatini,2021,multilateral,340710753.0
Eswatini,2021,private (excl. China),9430755.0
Eswatini,2022,bilateral (China),182385000.0
Eswatini,2022,bilateral (excl. China),69478839.6
Eswatini,2022,multilateral,497133910.1
Eswatini,2022,private (excl. China),8826885.0
Eswatini,2023,bilateral (China),176684000.0
Eswatini,2023,bilateral (excl. China),65623791.2
Eswatini,2023,multilateral,522931596.20000005
Eswatini,2023,private (excl. China),8098845.0
Eswatini,2024,bilateral (China),212983000.0
Eswatini,2024,bilateral (excl. China),60219007.4
Eswatini,2024,multilateral,564374992.9
Eswatini,2024,private (excl. China),29342775.0
Ethiopia,2000,bilateral (China),61602728.9
Ethiopia,2000,bilateral (excl. China),2405155907.1000004
Ethiopia,2000,multilateral,2742200016.5
Ethiopia,2000,private (excl. China),119623088.2
Ethiopia,2001,bilateral (China),46343761.9
Ethiopia,2001,bilateral (excl. China),2314573909.3
Ethiopia,2001,multilateral,3102513663.4
Ethiopia,2001,private (excl. China),102450863.5
Ethiopia,2002,bilateral (China),34302255.7
Ethiopia,2002,bilateral (excl. China),2323665556.5
Ethiopia,2002,multilateral,3877431636.5
Ethiopia,2002,private (excl. China),94017831.1
Ethiopia,2003,bilateral (China),28125000.0
Ethiopia,2003,bilateral (excl. China),2398613356.0
Ethiopia,2003,multilateral,4401571175.9
Ethiopia,2003,private (excl. China),206740261.4
Ethiopia,2004,bilateral (China),42640757.9
Ethiopia,2004,bilateral (excl. China),1164040610.0
Ethiopia,2004,multilateral,4826214604.6
Ethiopia,2004,private (excl. China),252849807.5
Ethiopia,2005,bilateral (China),42434434.6
Ethiopia,2005,bilateral (excl. China),764301711.0
Ethiopia,2005,multilateral,4693354508.7
Ethiopia,2005,private (excl. China),364173773.1
Ethiopia,2006,bilateral (China),14788633.1
Ethiopia,2006,bilateral (excl. China),728174942.0
Ethiopia,2006,multilateral,1081969200.4
Ethiopia,2006,private (China),0.0
Ethiopia,2006,private (excl. China),316273251.8
Ethiopia,2007,bilateral (China),23467267.2
Ethiopia,2007,bilateral (excl. China),836719936.8
Ethiopia,2007,multilateral,1376229595.7
Ethiopia,2007,private (China),0.0
Ethiopia,2007,private (excl. China),272365974.8
Ethiopia,2008,bilateral (China),25572674.3
Ethiopia,2008,bilateral (excl. China),905246574.2
Ethiopia,2008,multilateral,1602583390.3
Ethiopia,2008,private (China),0.0
Ethiopia,2008,private (excl. China),239062812.5
Ethiopia,2009,bilateral (China),274125771.2
Ethiopia,2009,bilateral (excl. China),913971113.2
Ethiopia,2009,multilateral,2313416796.9
Ethiopia,2009,private (China),967998000.0
Ethiopia,2009,private (excl. China),294671505.5
Ethiopia,2010,bilateral (China),549113611.9
Ethiopia,2010,bilateral (excl. China),1251357573.5
Ethiopia,2010,multilateral,2812383848.4
Ethiopia,2010,private (China),1229559000.0
Ethiopia,2010,private (excl. China),657637665.8
Ethiopia,2011,bilateral (China),847896609.2
Ethiopia,2011,bilateral (excl. China),1387609139.7
Ethiopia,2011,multilateral,3405097279.8
Ethiopia,2011,private (China),1265325000.0
Ethiopia,2011,private (excl. China),1036825644.6
Ethiopia,2012,bilateral (China),1369954605.4
Ethiopia,2012,bilateral (excl. China),1615158410.3
Ethiopia,2012,multilateral,4112141308.7
Ethiopia,2012,private (China),1329404000.0
Ethiopia,2012,private (excl. China),1518070046.7
Ethiopia,2013,bilateral (China),1870069210.2
Ethiopia,2013,bilateral (excl. China),1660791167.9
Ethiopia,2013,multilateral,5289356665.0
Ethiopia,2013,private (China),1353916000.0
Ethiopia,2013,private (excl. China),1722223863.8
Ethiopia,2014,bilateral (China),3598547393.6
Ethiopia,2014,bilateral (excl. China),1651821920.8
Ethiopia,2014,multilateral,5977930615.2
Ethiopia,2014,private (China),1866512000.0
Ethiopia,2014,private (excl. China),3107726375.7
Ethiopia,2015,bilateral (China),4710451099.5
Ethiopia,2015,bilateral (excl. China),1790562801.6
Ethiopia,2015,multilateral,6767871052.4
Ethiopia,2015,private (China),2560768000.0
Ethiopia,2015,private (excl. China),3667441173.3
Ethiopia,2016,bilateral (China),5588815719.3
Ethiopia,2016,bilateral (excl. China),2077082479.3
Ethiopia,2016,multilateral,8144643163.700001
Ethiopia,2016,private (China),2654984000.0
Ethiopia,2016,private (excl. China),3669069103.8
Ethiopia,2017,bilateral (China),6289312507.3
Ethiopia,2017,bilateral (excl. China),2121917781.1
Ethiopia,2017,multilateral,10085993812.0
Ethiopia,2017,private (China),2444766000.0
Ethiopia,2017,private (excl. China),4293404729.2
Ethiopia,2018,bilateral (China),6479424670.3
Ethiopia,2018,bilateral (excl. China),4053410311.4
Ethiopia,2018,multilateral,11042699413.8
Ethiopia,2018,private (China),2176454000.0
Ethiopia,2018,private (excl. China),5099083887.2
Ethiopia,2019,bilateral (China),6422613141.0
Ethiopia,2019,bilateral (excl. China),3996635246.2999997
Ethiopia,2019,multilateral,12199795035.0
Ethiopia,2019,private (China),1917219000.0
Ethiopia,2019,private (excl. China),5040549163.5
Ethiopia,2020,bilateral (China),6281523227.5
Ethiopia,2020,bilateral (excl. China),4200315396.2
Ethiopia,2020,multilateral,14023676466.0
Ethiopia,2020,private (China),1650472000.0
Ethiopia,2020,private (excl. China),4860170662.5
Ethiopia,2021,bilateral (China),6012892485.0
Ethiopia,2021,bilateral (excl. China),4018195692.1
Ethiopia,2021,multilateral,14193800149.0
Ethiopia,2021,private (China),1403339000.0
Ethiopia,2021,private (excl. China),4524065658.1
Ethiopia,2022,bilateral (China),5649395796.2
Ethiopia,2022,bilateral (excl. China),3901161326.4
Ethiopia,2022,multilateral,14244161534.3
Ethiopia,2022,private (China),1172891000.0
Ethiopia,2022,private (excl. China),4076259177.1000004
Ethiopia,2023,bilateral (China),5491351640.0
Ethiopia,2023,bilateral (excl. China),6044660101.7
Ethiopia,2023,multilateral,14990127858.5
Ethiopia,2023,private (China),1093191000.0
Ethiopia,2023,private (excl. China),4291100558.5
Ethiopia,2024,bilateral (China),6041153598.4
Ethiopia,2024,bilateral (excl. China),6484451166.7
Ethiopia,2024,multilateral,15735079235.1
Ethiopia,2024,private (China),1399838000.0
Ethiopia,2024,private (excl. China),4289728175.4
Gabon,2000,bilateral (China),36019136.4
Gabon,2000,bilateral (excl. China),2844762035.7
Gabon,2000,multilateral,467714448.3
Gabon,2000,private (excl. China),118890642.5
Gabon,2001,bilateral (China),37208666.4
Gabon,2001,bilateral (excl. China),2542133239.2999997
Gabon,2001,multilateral,384834986.2
Gabon,2001,private (excl. China),89571637.1
Gabon,2002,bilateral (China),51328609.4
Gabon,2002,bilateral (excl. China),2659756934.1
Gabon,2002,multilateral,402627114.5
Gabon,2002,private (excl. China),86867177.6
Gabon,2003,bilateral (China),79884672.0
Gabon,2003,bilateral (excl. China),2691397007.0
Gabon,2003,multilateral,402751227.40000004
Gabon,2003,private (excl. China),229654974.2
Gabon,2004,bilateral (China),84594142.3
Gabon,2004,bilateral (excl. China),3079439701.3
Gabon,2004,multilateral,464042693.7
Gabon,2004,private (excl. China),178527625.5
Gabon,2005,bilateral (China),91599398.1
Gabon,2005,bilateral (excl. China),3013641475.8999996
Gabon,2005,multilateral,392961967.3
Gabon,2005,private (excl. China),150869101.0
Gabon,2006,bilateral (China),96663107.3
Gabon,2006,bilateral (excl. China),3157084228.2
Gabon,2006,multilateral,407534051.09999996
Gabon,2006,private (excl. China),201063591.0
Gabon,2007,bilateral (China),105557558.9
Gabon,2007,bilateral (excl. China),2846005341.8999996
Gabon,2007,multilateral,411426567.8
Gabon,2007,private (excl. China),1275081217.5
Gabon,2008,bilateral (China),152377843.1
Gabon,2008,bilateral (excl. China),574076259.0
Gabon,2008,multilateral,410012494.1
Gabon,2008,private (excl. China),1213704602.5
Gabon,2009,bilateral (China),204905711.1
Gabon,2009,bilateral (excl. China),454208635.4
Gabon,2009,multilateral,459980580.0
Gabon,2009,private (China),0.0
Gabon,2009,private (excl. China),1258663702.3999999
Gabon,2010,bilateral (China),321934130.6
Gabon,2010,bilateral (excl. China),334011605.5
Gabon,2010,multilateral,465784865.8
Gabon,2010,private (China),0.0
Gabon,2010,private (excl. China),1396853405.4
Gabon,2011,bilateral (China),389580465.1
Gabon,2011,bilateral (excl. China),239104296.8
Gabon,2011,multilateral,540086917.1
Gabon,2011,private (China),0.0
Gabon,2011,private (excl. China),1603899585.9
Gabon,2012,bilateral (China),462688297.4
Gabon,2012,bilateral (excl. China),178706009.9
Gabon,2012,multilateral,576108079.0
Gabon,2012,private (China),0.0
Gabon,2012,private (excl. China),1686943244.8
Gabon,2013,bilateral (China),674920616.8
Gabon,2013,bilateral (excl. China),212054237.6
Gabon,2013,multilateral,601658211.5
Gabon,2013,private (China),0.0
Gabon,2013,private (excl. China),2835270617.6
Gabon,2014,bilateral (China),808525764.4
Gabon,2014,bilateral (excl. China),214002093.2
Gabon,2014,multilateral,589275498.1
Gabon,2014,private (excl. China),2749248845.3
Gabon,2015,bilateral (China),882817488.0
Gabon,2015,bilateral (excl. China),202154636.5
Gabon,2015,multilateral,569303877.3
Gabon,2015,private (China),0.0
Gabon,2015,private (excl. China),3063512940.7
Gabon,2016,bilateral (China),931238117.0
Gabon,2016,bilateral (excl. China),205374453.1
Gabon,2016,multilateral,563473415.4
Gabon,2016,private (China),122778000.0
Gabon,2016,private (excl. China),3125920796.8
Gabon,2017,bilateral (China),946590853.8
Gabon,2017,bilateral (excl. China),321328899.09999996
Gabon,2017,multilateral,1450419076.0
Gabon,2017,private (China),157201000.0
Gabon,2017,private (excl. China),3083415141.4
Gabon,2018,bilateral (China),1034886034.7
Gabon,2018,bilateral (excl. China),358916664.0
Gabon,2018,multilateral,1696602437.1
Gabon,2018,private (China),152980000.0
Gabon,2018,private (excl. China),2863874735.0
Gabon,2019,bilateral (China),1101445337.3
Gabon,2019,bilateral (excl. China),429521163.0
Gabon,2019,multilateral,1919937778.4
Gabon,2019,private (China),120213000.0
Gabon,2019,private (excl. China),2638997225.2
Gabon,2020,bilateral (China),1090364616.3
Gabon,2020,bilateral (excl. China),477634960.8
Gabon,2020,multilateral,2081794178.2
Gabon,2020,private (China),120213000.0
Gabon,2020,private (excl. China),2821795638.1
Gabon,2021,bilateral (China),1017026448.4
Gabon,2021,bilateral (excl. China),452215603.2
Gabon,2021,multilateral,1936079557.5
Gabon,2021,private (China),120213000.0
Gabon,2021,private (excl. China),2863909581.4
Gabon,2022,bilateral (China),901254103.0
Gabon,2022,bilateral (excl. China),497838461.8
Gabon,2022,multilateral,1909803076.4
Gabon,2022,private (China),102121000.0
Gabon,2022,private (excl. China),2775139511.8
Gabon,2023,bilateral (China),827738994.1
Gabon,2023,bilateral (excl. China),515643950.0
Gabon,2023,multilateral,1906095213.2
Gabon,2023,private (China),80712000.0
Gabon,2023,private (excl. China),2747933750.0
Gabon,2024,bilateral (China),802335099.4
Gabon,2024,bilateral (excl. China),500525245.4
Gabon,2024,multilateral,1770646850.6
Gabon,2024,private (China),80712000.0
Gabon,2024,private (excl. China),2397215708.5
"Gambia, The",2000,bilateral (China),18520406.7
"Gambia, The",2000,bilateral (excl. China),74760767.8
"Gambia, The",2000,multilateral,343752133.3
"Gambia, The",2000,private (excl. China),926400.0
"Gambia, The",2001,bilateral (China),17763603.3
"Gambia, The",2001,bilateral (excl. China),73424125.2
"Gambia, The",2001,multilateral,343605691.5
"Gambia, The",2001,private (excl. China),581878.5
"Gambia, The",2002,bilateral (China),17755142.0
"Gambia, The",2002,bilateral (excl. China),96013379.4
"Gambia, The",2002,multilateral,392939214.9
"Gambia, The",2002,private (excl. China),692880.3
"Gambia, The",2003,bilateral (China),17731055.0
"Gambia, The",2003,bilateral (excl. China),98214230.0
"Gambia, The",2003,multilateral,451306156.7
"Gambia, The",2003,private (excl. China),834469.1
"Gambia, The",2004,bilateral (China),17588201.0
"Gambia, The",2004,bilateral (excl. China),97866198.39999999
"Gambia, The",2004,multilateral,504017399.0
"Gambia, The",2004,private (excl. China),590897.9
"Gambia, The",2005,bilateral (China),17742633.3
"Gambia, The",2005,bilateral (excl. China),96451481.60000001
"Gambia, The",2005,multilateral,497020614.0
"Gambia, The",2005,private (excl. China),0.0
"Gambia, The",2006,bilateral (China),17950114.5
"Gambia, The",2006,bilateral (excl. China),102816987.2
"Gambia, The",2006,multilateral,545198901.8
"Gambia, The",2007,bilateral (China),8103001.8
"Gambia, The",2007,bilateral (excl. China),110025541.7
"Gambia, The",2007,multilateral,536662966.79999995
"Gambia, The",2007,private (excl. China),0.0
"Gambia, The",2008,bilateral (China),12963147.4
"Gambia, The",2008,bilateral (excl. China),104689586.3
"Gambia, The",2008,multilateral,234912252.1
"Gambia, The",2008,private (excl. China),2524543.8
"Gambia, The",2009,bilateral (China),12974118.4
"Gambia, The",2009,bilateral (excl. China),102524605.0
"Gambia, The",2009,multilateral,293467499.0
"Gambia, The",2009,private (excl. China),3424306.2
"Gambia, The",2010,bilateral (China),13337300.6
"Gambia, The",2010,bilateral (excl. China),106773640.1
"Gambia, The",2010,multilateral,295522354.4
"Gambia, The",2010,private (excl. China),6377682.6
"Gambia, The",2011,bilateral (China),13954598.9
"Gambia, The",2011,bilateral (excl. China),110532364.3
"Gambia, The",2011,multilateral,306126195.0
"Gambia, The",2011,private (excl. China),4074491.1
"Gambia, The",2012,bilateral (China),13977409.8
"Gambia, The",2012,bilateral (excl. China),108802155.4
"Gambia, The",2012,multilateral,316217117.3
"Gambia, The",2012,private (excl. China),9599954.4
"Gambia, The",2013,bilateral (China),14367596.2
"Gambia, The",2013,bilateral (excl. China),123224694.3
"Gambia, The",2013,multilateral,325968562.9
"Gambia, The",2013,private (excl. China),10966603.2
"Gambia, The",2014,bilateral (China),0.0
"Gambia, The",2014,bilateral (excl. China),128734294.0
"Gambia, The",2014,multilateral,320392254.8
"Gambia, The",2014,private (excl. China),8877499.2
"Gambia, The",2015,bilateral (excl. China),138615302.3
"Gambia, The",2015,multilateral,340465503.1
"Gambia, The",2015,private (excl. China),6192525.6
"Gambia, The",2016,bilateral (excl. China),140431596.7
"Gambia, The",2016,multilateral,326033834.8
"Gambia, The",2016,private (excl. China),58679670.6
"Gambia, The",2017,bilateral (China),0.0
"Gambia, The",2017,bilateral (excl. China),163137625.8
"Gambia, The",2017,multilateral,428103451.9
"Gambia, The",2017,private (excl. China),54979591.3
"Gambia, The",2018,bilateral (China),0.0
"Gambia, The",2018,bilateral (excl. China),169737932.2
"Gambia, The",2018,multilateral,457763458.5
"Gambia, The",2018,private (excl. China),47644175.0
"Gambia, The",2019,bilateral (China),25046515.0
"Gambia, The",2019,bilateral (excl. China),204814876.3
"Gambia, The",2019,multilateral,477057919.4
"Gambia, The",2019,private (excl. China),41661526.8
"Gambia, The",2020,bilateral (China),26779292.7
"Gambia, The",2020,bilateral (excl. China),239026542.39999998
"Gambia, The",2020,multilateral,529795213.6
"Gambia, The",2020,private (excl. China),36162364.2
"Gambia, The",2021,bilateral (China),27470802.5
"Gambia, The",2021,bilateral (excl. China),255532706.9
"Gambia, The",2021,multilateral,533157551.0
"Gambia, The",2021,private (excl. China),31017820.0
"Gambia, The",2022,bilateral (China),25050100.2
"Gambia, The",2022,bilateral (excl. China),288426393.2
"Gambia, The",2022,multilateral,551011414.8
"Gambia, The",2022,private (excl. China),26867000.0
"Gambia, The",2023,bilateral (China),24497452.3
"Gambia, The",2023,bilateral (excl. China),315674637.5
"Gambia, The",2023,multilateral,618738633.4
"Gambia, The",2023,private (excl. China),23508000.0
"Gambia, The",2024,bilateral (China),23975230.2
"Gambia, The",2024,bilateral (excl. China),340921776.5
"Gambia, The",2024,multilateral,624642788.2
"Gambia, The",2024,private (excl. China),20149000.0
Ghana,2000,bilateral (China),27811777.7
Ghana,2000,bilateral (excl. China),1332247061.5
Ghana,2000,multilateral,3663234565.0
Ghana,2000,private (excl. China),558787905.6
Ghana,2001,bilateral (China),30484688.0
Ghana,2001,bilateral (excl. China),1369211314.1
Ghana,2001,multilateral,3724629190.0
Ghana,2001,private (excl. China),660198564.6
Ghana,2002,bilateral (China),62607496.4
Ghana,2002,bilateral (excl. China),1425361864.6
Ghana,2002,multilateral,4085024761.8
Ghana,2002,private (excl. China),728320294.8
Ghana,2003,bilateral (China),61718895.7
Ghana,2003,bilateral (excl. China),1561557250.6
Ghana,2003,multilateral,4653168195.3
Ghana,2003,private (excl. China),719670403.5
Ghana,2004,bilateral (China),49748378.8
Ghana,2004,bilateral (excl. China),365239188.1
Ghana,2004,multilateral,5127507395.9
Ghana,2004,private (excl. China),584381463.1
Ghana,2005,bilateral (China),48982085.2
Ghana,2005,bilateral (excl. China),395409010.7
Ghana,2005,multilateral,5045091219.6
Ghana,2005,private (excl. China),573695358.5
Ghana,2006,bilateral (China),49164865.8
Ghana,2006,bilateral (excl. China),391594368.4
Ghana,2006,multilateral,1235380974.9
Ghana,2006,private (excl. China),596751733.9
Ghana,2007,bilateral (China),90366048.1
Ghana,2007,bilateral (excl. China),511088350.3
Ghana,2007,multilateral,1544893232.2
Ghana,2007,private (excl. China),687236672.6
Ghana,2008,bilateral (China),161200628.6
Ghana,2008,bilateral (excl. China),557511174.1
Ghana,2008,multilateral,1902641871.3
Ghana,2008,private (excl. China),743460262.1
Ghana,2009,bilateral (China),343264940.9
Ghana,2009,bilateral (excl. China),696217068.0
Ghana,2009,multilateral,2336300826.8
Ghana,2009,private (excl. China),954365417.5
Ghana,2010,bilateral (China),593453509.2
Ghana,2010,bilateral (excl. China),927306936.7
Ghana,2010,multilateral,2748742906.7
Ghana,2010,private (excl. China),1129967795.4
Ghana,2011,bilateral (China),819320908.1
Ghana,2011,bilateral (excl. China),1105528911.5
Ghana,2011,multilateral,3282412228.0
Ghana,2011,private (excl. China),1493328046.4
Ghana,2012,bilateral (China),1400704611.2
Ghana,2012,bilateral (excl. China),1292641300.7
Ghana,2012,multilateral,3698675220.1
Ghana,2012,private (China),16985918.8
Ghana,2012,private (excl. China),1639120833.2
Ghana,2013,bilateral (China),2115426554.4
Ghana,2013,bilateral (excl. China),1349771983.6
Ghana,2013,multilateral,4061637320.6
Ghana,2013,private (China),16985919.0
Ghana,2013,private (excl. China),3272357446.2
Ghana,2014,bilateral (China),2352759270.1
Ghana,2014,bilateral (excl. China),1704851635.8
Ghana,2014,multilateral,4165452070.1000004
Ghana,2014,private (China),16986000.0
Ghana,2014,private (excl. China),4613270302.8
Ghana,2015,bilateral (China),2331516942.9
Ghana,2015,bilateral (excl. China),1779587937.1
Ghana,2015,multilateral,4592034478.3
Ghana,2015,private (China),90253000.0
Ghana,2015,private (excl. China),5927770643.5
Ghana,2016,bilateral (China),2145366862.1
Ghana,2016,bilateral (excl. China),1769848287.3
Ghana,2016,multilateral,4742671173.8
Ghana,2016,private (China),101998000.0
Ghana,2016,private (excl. China),7100815163.6
Ghana,2017,bilateral (China),1892559518.6
Ghana,2017,bilateral (excl. China),1916965819.4
Ghana,2017,multilateral,5398321825.2
Ghana,2017,private (China),102763000.0
Ghana,2017,private (excl. China),7057234269.4
Ghana,2018,bilateral (China),1647698010.8
Ghana,2018,bilateral (excl. China),1840180571.0
Ghana,2018,multilateral,5392927018.7
Ghana,2018,private (China),141652000.0
Ghana,2018,private (excl. China),8029268573.0
Ghana,2019,bilateral (China),1511032581.5
Ghana,2019,bilateral (excl. China),1812545256.5
Ghana,2019,multilateral,5512937522.6
Ghana,2019,private (China),310588000.0
Ghana,2019,private (excl. China),10453549436.4
Ghana,2020,bilateral (China),1484493168.2
Ghana,2020,bilateral (excl. China),1802062729.8000002
Ghana,2020,multilateral,6079819117.7
Ghana,2020,private (China),278090000.0
Ghana,2020,private (excl. China),13270115906.900002
Ghana,2021,bilateral (China),1593221186.0
Ghana,2021,bilateral (excl. China),1825057027.0
Ghana,2021,multilateral,6306267298.5
Ghana,2021,private (China),266315000.0
Ghana,2021,private (excl. China),16618736543.6
Ghana,2022,bilateral (China),1618574944.4
Ghana,2022,bilateral (excl. China),1774350182.0
Ghana,2022,multilateral,7141540933.3
Ghana,2022,private (China),256304000.0
Ghana,2022,private (excl. China),16818939595.5
Ghana,2023,bilateral (China),1602638930.5
Ghana,2023,bilateral (excl. China),1800728845.5
Ghana,2023,multilateral,7782176871.3
Ghana,2023,private (China),249162000.0
Ghana,2023,private (excl. China),17091751315.0
Ghana,2024,bilateral (China),1605393781.2
Ghana,2024,bilateral (excl. China),1797084318.1
Ghana,2024,multilateral,8750734470.8
Ghana,2024,private (China),249162000.0
Ghana,2024,private (excl. China),13181686364.1
Guinea,2000,bilateral (China),35049141.1
Guinea,2000,bilateral (excl. China),966270191.7
Guinea,2000,multilateral,1609573531.5
Guinea,2000,private (excl. China),33197596.6
Guinea,2001,bilateral (China),33464865.5
Guinea,2001,bilateral (excl. China),904311916.7
Guinea,2001,multilateral,1591901913.3
Guinea,2001,private (excl. China),32992197.2
Guinea,2002,bilateral (China),31474366.4
Guinea,2002,bilateral (excl. China),938763097.9
Guinea,2002,multilateral,1723055154.7
Guinea,2002,private (excl. China),32807000.0
Guinea,2003,bilateral (China),29213460.7
Guinea,2003,bilateral (excl. China),980608196.6999999
Guinea,2003,multilateral,1904694053.8000002
Guinea,2003,private (excl. China),32807000.0
Guinea,2004,bilateral (China),29621709.9
Guinea,2004,bilateral (excl. China),982263665.5
Guinea,2004,multilateral,1952105699.9
Guinea,2004,private (excl. China),35531200.0
Guinea,2005,bilateral (China),35600006.4
Guinea,2005,bilateral (excl. China),937513273.5999999
Guinea,2005,multilateral,1797328433.2
Guinea,2005,private (excl. China),42045230.7
Guinea,2006,bilateral (China),57147030.2
Guinea,2006,bilateral (excl. China),966898526.9
Guinea,2006,multilateral,1862551590.8
Guinea,2006,private (excl. China),48974492.0
Guinea,2007,bilateral (China),46904005.7
Guinea,2007,bilateral (excl. China),1043645580.1
Guinea,2007,multilateral,1943806939.9
Guinea,2007,private (excl. China),43454699.3
Guinea,2008,bilateral (China),57189155.2
Guinea,2008,bilateral (excl. China),967267615.2
Guinea,2008,multilateral,1923003372.6999998
Guinea,2008,private (excl. China),26231166.1
Guinea,2009,bilateral (China),58416097.9
Guinea,2009,bilateral (excl. China),998950772.6
Guinea,2009,multilateral,1906482282.6
Guinea,2009,private (excl. China),26584859.8
Guinea,2010,bilateral (China),60747814.4
Guinea,2010,bilateral (excl. China),963904858.3000001
Guinea,2010,multilateral,1875249683.5
Guinea,2010,private (excl. China),25829734.6
Guinea,2011,bilateral (China),61676871.4
Guinea,2011,bilateral (excl. China),970713902.0
Guinea,2011,multilateral,1904769514.1
Guinea,2011,private (excl. China),25523778.7
Guinea,2012,bilateral (China),60748155.7
Guinea,2012,bilateral (excl. China),355866983.7
Guinea,2012,multilateral,586579314.6
Guinea,2012,private (excl. China),25708220.2
Guinea,2013,bilateral (China),253920785.3
Guinea,2013,bilateral (excl. China),437590228.0
Guinea,2013,multilateral,618644249.0
Guinea,2013,private (excl. China),26140030.3
Guinea,2014,bilateral (China),368789344.7
Guinea,2014,bilateral (excl. China),438088495.1
Guinea,2014,multilateral,625576424.3
Guinea,2014,private (excl. China),24946585.3
Guinea,2015,bilateral (China),513305486.0
Guinea,2015,bilateral (excl. China),466296377.40000004
Guinea,2015,multilateral,593944923.5
Guinea,2015,private (excl. China),24039567.1
Guinea,2016,bilateral (China),549912498.2
Guinea,2016,bilateral (excl. China),574244019.4
Guinea,2016,multilateral,619649680.3
Guinea,2016,private (excl. China),23789305.3
Guinea,2017,bilateral (China),573697548.9
Guinea,2017,bilateral (excl. China),575181842.1
Guinea,2017,multilateral,688882533.3
Guinea,2017,private (excl. China),24839536.9
Guinea,2018,bilateral (China),603994252.4
Guinea,2018,bilateral (excl. China),540503421.1
Guinea,2018,multilateral,823185513.1
Guinea,2018,private (China),0.0
Guinea,2018,private (excl. China),24446785.0
Guinea,2019,bilateral (China),1237872386.0
Guinea,2019,bilateral (excl. China),534547048.09999996
Guinea,2019,multilateral,1031389052.4
Guinea,2019,private (China),44368683.0
Guinea,2019,private (excl. China),24290552.2
Guinea,2020,bilateral (China),1291113114.7
Guinea,2020,bilateral (excl. China),544451625.2
Guinea,2020,multilateral,1241665096.0
Guinea,2020,private (China),203848306.2
Guinea,2020,private (excl. China),25040614.3
Guinea,2021,bilateral (China),1288276920.9
Guinea,2021,bilateral (excl. China),558775260.9
Guinea,2021,multilateral,1408985202.2
Guinea,2021,private (China),259305372.2
Guinea,2021,private (excl. China),24357095.8
Guinea,2022,bilateral (China),1245702194.9
Guinea,2022,bilateral (excl. China),563328882.3
Guinea,2022,multilateral,1461274329.0
Guinea,2022,private (China),373586249.4
Guinea,2022,private (excl. China),23879717.8
Guinea,2023,bilateral (China),1201848119.0
Guinea,2023,bilateral (excl. China),499412353.7
Guinea,2023,multilateral,1635940289.6
Guinea,2023,private (China),569124725.0
Guinea,2023,private (excl. China),24157465.0
Guinea,2024,bilateral (China),1141314285.7
Guinea,2024,bilateral (excl. China),438333038.5
Guinea,2024,multilateral,1904615508.8
Guinea,2024,private (China),508326497.7
Guinea,2024,private (excl. China),100412517.7
Guinea-Bissau,2000,bilateral (China),16592574.1
Guinea-Bissau,2000,bilateral (excl. China),411560299.3
Guinea-Bissau,2000,multilateral,397144571.4
Guinea-Bissau,2000,private (excl. China),0.0
Guinea-Bissau,2001,bilateral (China),0.0
Guinea-Bissau,2001,bilateral (excl. China),408027930.8
Guinea-Bissau,2001,multilateral,374924317.2
Guinea-Bissau,2002,bilateral (excl. China),438926799.5
Guinea-Bissau,2002,multilateral,401840311.8
Guinea-Bissau,2003,bilateral (excl. China),468571084.5
Guinea-Bissau,2003,multilateral,448858924.4
Guinea-Bissau,2004,bilateral (excl. China),482550415.6
Guinea-Bissau,2004,multilateral,488813112.3
Guinea-Bissau,2005,bilateral (excl. China),426926632.4
Guinea-Bissau,2005,multilateral,457072168.9
Guinea-Bissau,2006,bilateral (excl. China),423630930.3
Guinea-Bissau,2006,multilateral,481243108.6
Guinea-Bissau,2007,bilateral (excl. China),417217553.3
Guinea-Bissau,2007,multilateral,511230725.7
Guinea-Bissau,2008,bilateral (excl. China),421541465.6
Guinea-Bissau,2008,multilateral,511619999.8
Guinea-Bissau,2009,bilateral (excl. China),422639474.8
Guinea-Bissau,2009,multilateral,515818169.7
Guinea-Bissau,2010,bilateral (excl. China),454231409.6
Guinea-Bissau,2010,multilateral,502311609.4
Guinea-Bissau,2011,bilateral (excl. China),87025870.0
Guinea-Bissau,2011,multilateral,121780156.6
Guinea-Bissau,2012,bilateral (excl. China),99816910.8
Guinea-Bissau,2012,multilateral,123797450.19999999
Guinea-Bissau,2013,bilateral (excl. China),99731131.5
Guinea-Bissau,2013,multilateral,156616675.3
Guinea-Bissau,2013,private (excl. China),3154000.0
Guinea-Bissau,2014,bilateral (excl. China),103083342.9
Guinea-Bissau,2014,multilateral,212159288.60000002
Guinea-Bissau,2014,private (excl. China),20626000.0
Guinea-Bissau,2015,bilateral (excl. China),107561785.7
Guinea-Bissau,2015,multilateral,362846601.6
Guinea-Bissau,2015,private (excl. China),28381000.0
Guinea-Bissau,2016,bilateral (excl. China),118933503.3
Guinea-Bissau,2016,multilateral,369107131.2
Guinea-Bissau,2016,private (excl. China),44834000.0
Guinea-Bissau,2017,bilateral (excl. China),95507031.7
Guinea-Bissau,2017,multilateral,507827672.3
Guinea-Bissau,2017,private (excl. China),68538000.0
Guinea-Bissau,2018,bilateral (excl. China),95615116.2
Guinea-Bissau,2018,multilateral,540208503.8
Guinea-Bissau,2018,private (excl. China),96735000.0
Guinea-Bissau,2019,bilateral (excl. China),95193278.4
Guinea-Bissau,2019,multilateral,575652673.0999999
Guinea-Bissau,2019,private (excl. China),126217000.0
Guinea-Bissau,2020,bilateral (excl. China),94559508.3
Guinea-Bissau,2020,multilateral,706464961.8
Guinea-Bissau,2020,private (excl. China),235537000.0
Guinea-Bissau,2021,bilateral (excl. China),133682233.1
Guinea-Bissau,2021,multilateral,676263298.3
Guinea-Bissau,2021,private (excl. China),305125000.0
Guinea-Bissau,2022,bilateral (excl. China),131045567.6
Guinea-Bissau,2022,multilateral,650939976.4
Guinea-Bissau,2022,private (excl. China),372399000.0
Guinea-Bissau,2023,bilateral (excl. China),127292203.9
Guinea-Bissau,2023,multilateral,690066036.5
Guinea-Bissau,2023,private (excl. China),495233000.0
Guinea-Bissau,2024,bilateral (excl. China),123678352.5
Guinea-Bissau,2024,multilateral,691260436.9
Guinea-Bissau,2024,private (excl. China),495233000.0
Kenya,2000,bilateral (China),8758790.3
Kenya,2000,bilateral (excl. China),1734676304.8999999
Kenya,2000,multilateral,2835729419.1
Kenya,2000,private (China),850387.9
Kenya,2000,private (excl. China),460531261.0
Kenya,2001,bilateral (China),8135390.5
Kenya,2001,bilateral (excl. China),1640284695.2
Kenya,2001,multilateral,2762655014.1
Kenya,2001,private (China),6629373.7
Kenya,2001,private (excl. China),293496952.4
Kenya,2002,bilateral (China),8500718.9
Kenya,2002,bilateral (excl. China),1961071866.3000002
Kenya,2002,multilateral,2960705726.2
Kenya,2002,private (China),5654769.6
Kenya,2002,private (excl. China),314607286.9
Kenya,2003,bilateral (China),8618048.3
Kenya,2003,bilateral (excl. China),2124691639.7
Kenya,2003,multilateral,3286747199.0
Kenya,2003,private (China),5281815.2
Kenya,2003,private (excl. China),406972371.8
Kenya,2004,bilateral (China),11940433.7
Kenya,2004,bilateral (excl. China),2210452460.0
Kenya,2004,multilateral,3496674056.6
Kenya,2004,private (China),5281942.9
Kenya,2004,private (excl. China),359997487.8
Kenya,2005,bilateral (China),23369680.9
Kenya,2005,bilateral (excl. China),1994196991.8999999
Kenya,2005,multilateral,3425605687.6
Kenya,2005,private (China),5416966.1
Kenya,2005,private (excl. China),350588511.6
Kenya,2006,bilateral (China),37059177.6
Kenya,2006,bilateral (excl. China),2124120387.1
Kenya,2006,multilateral,3445047230.3
Kenya,2006,private (China),3110248.8
Kenya,2006,private (excl. China),311511804.0
Kenya,2007,bilateral (China),44829970.1
Kenya,2007,bilateral (excl. China),2312021617.7000003
Kenya,2007,multilateral,3601074988.1
Kenya,2007,private (China),2659967.7
Kenya,2007,private (excl. China),321538165.2
Kenya,2008,bilateral (China),60948555.9
Kenya,2008,bilateral (excl. China),2340451894.4
Kenya,2008,multilateral,3726635918.9
Kenya,2008,private (China),2842741.3
Kenya,2008,private (excl. China),301737385.9
Kenya,2009,bilateral (China),171320289.7
Kenya,2009,bilateral (excl. China),2333223138.1
Kenya,2009,multilateral,3946205842.7
Kenya,2009,private (China),2845405.8
Kenya,2009,private (excl. China),313937534.5
Kenya,2010,bilateral (China),275047220.9
Kenya,2010,bilateral (excl. China),2368982604.7999997
Kenya,2010,multilateral,4109658051.2
Kenya,2010,private (China),2933609.1
Kenya,2010,private (excl. China),270504809.2
Kenya,2011,bilateral (China),476131696.4
Kenya,2011,bilateral (excl. China),2499973535.9
Kenya,2011,multilateral,4399195648.3
Kenya,2011,private (China),770891.5
Kenya,2011,private (excl. China),273963395.5
Kenya,2012,bilateral (China),706628403.6
Kenya,2012,bilateral (excl. China),2440771454.7
Kenya,2012,multilateral,4919682879.8
Kenya,2012,private (China),0.0
Kenya,2012,private (excl. China),895416834.3
Kenya,2013,bilateral (China),932723956.3
Kenya,2013,bilateral (excl. China),2350922952.5
Kenya,2013,multilateral,5579339632.2
Kenya,2013,private (excl. China),906976620.5
Kenya,2014,bilateral (China),2229563974.5
Kenya,2014,bilateral (excl. China),2056211151.8
Kenya,2014,multilateral,6001483282.9
Kenya,2014,private (excl. China),3012981889.2
Kenya,2015,bilateral (China),3126497471.9
Kenya,2015,bilateral (excl. China),1910420931.4
Kenya,2015,multilateral,6355377378.6
Kenya,2015,private (excl. China),3753607610.6
Kenya,2016,bilateral (China),4322575534.9
Kenya,2016,bilateral (excl. China),2005452551.2
Kenya,2016,multilateral,6966738637.3
Kenya,2016,private (excl. China),3851849665.2999997
Kenya,2017,bilateral (China),5820287673.1
Kenya,2017,bilateral (excl. China),2952380011.1000004
Kenya,2017,multilateral,8769983420.5
Kenya,2017,private (excl. China),4856660546.2
Kenya,2018,bilateral (China),6879189036.4
Kenya,2018,bilateral (excl. China),3376471432.3999996
Kenya,2018,multilateral,10108295698.2
Kenya,2018,private (excl. China),6624077475.0
Kenya,2019,bilateral (China),7470811738.1
Kenya,2019,bilateral (excl. China),3541645431.9
Kenya,2019,multilateral,12708699002.7
Kenya,2019,private (excl. China),7092941507.599999
Kenya,2020,bilateral (China),7257655459.2
Kenya,2020,bilateral (excl. China),3766416118.6
Kenya,2020,multilateral,15110878420.6
Kenya,2020,private (excl. China),7398621383.099999
Kenya,2021,bilateral (China),7368022750.3
Kenya,2021,bilateral (excl. China),3749505032.3
Kenya,2021,multilateral,15780339382.7
Kenya,2021,private (excl. China),8329792551.0
Kenya,2022,bilateral (China),6685750502.6
Kenya,2022,bilateral (excl. China),3433880807.5
Kenya,2022,multilateral,16719975199.8
Kenya,2022,private (excl. China),8197223963.2
Kenya,2023,bilateral (China),6005055603.5
Kenya,2023,bilateral (excl. China),2845645993.5
Kenya,2023,multilateral,18594059561.8
Kenya,2023,private (excl. China),8418951250.0
Kenya,2024,bilateral (China),5367181239.9
Kenya,2024,bilateral (excl. China),2698815135.3
Kenya,2024,multilateral,19994656367.2
Kenya,2024,private (excl. China),7521891367.0
Lesotho,2000,bilateral (China),4525334.7
Lesotho,2000,bilateral (excl. China),92439352.8
Lesotho,2000,multilateral,475666322.4
Lesotho,2000,private (excl. China),84070590.10000001
Lesotho,2001,bilateral (China),10608931.0
Lesotho,2001,bilateral (excl. China),35349441.8
Lesotho,2001,multilateral,464957270.70000005
Lesotho,2001,private (excl. China),67539795.2
Lesotho,2002,bilateral (China),8456863.9
Lesotho,2002,bilateral (excl. China),51433902.8
Lesotho,2002,multilateral,494509338.2
Lesotho,2002,private (excl. China),74083952.3
Lesotho,2003,bilateral (China),8457477.0
Lesotho,2003,bilateral (excl. China),52751111.1
Lesotho,2003,multilateral,528430258.79999995
Lesotho,2003,private (excl. China),83000359.8
Lesotho,2004,bilateral (China),7249441.2
Lesotho,2004,bilateral (excl. China),67852297.6
Lesotho,2004,multilateral,563646069.0
Lesotho,2004,private (excl. China),82833304.0
Lesotho,2005,bilateral (China),7434760.1
Lesotho,2005,bilateral (excl. China),54249710.3
Lesotho,2005,multilateral,518424017.29999995
Lesotho,2005,private (excl. China),38824115.3
Lesotho,2006,bilateral (China),7683737.4
Lesotho,2006,bilateral (excl. China),25115522.3
Lesotho,2006,multilateral,548211510.5
Lesotho,2006,private (excl. China),32470161.3
Lesotho,2007,bilateral (China),1369000.4
Lesotho,2007,bilateral (excl. China),24146448.3
Lesotho,2007,multilateral,587826888.2
Lesotho,2007,private (excl. China),28835979.9
Lesotho,2008,bilateral (China),16465484.4
Lesotho,2008,bilateral (excl. China),20355309.4
Lesotho,2008,multilateral,603427820.5
Lesotho,2008,private (excl. China),22389420.5
Lesotho,2009,bilateral (China),27423625.6
Lesotho,2009,bilateral (excl. China),23539578.6
Lesotho,2009,multilateral,613991709.7
Lesotho,2009,private (excl. China),22887749.1
Lesotho,2010,bilateral (China),29599118.2
Lesotho,2010,bilateral (excl. China),25425399.9
Lesotho,2010,multilateral,632741100.1
Lesotho,2010,private (excl. China),21478614.8
Lesotho,2011,bilateral (China),32504880.3
Lesotho,2011,bilateral (excl. China),28239739.4
Lesotho,2011,multilateral,650078549.1
Lesotho,2011,private (excl. China),18493383.9
Lesotho,2012,bilateral (China),41588018.4
Lesotho,2012,bilateral (excl. China),34405408.7
Lesotho,2012,multilateral,668618993.6
Lesotho,2012,private (excl. China),17375626.6
Lesotho,2013,bilateral (China),43565318.7
Lesotho,2013,bilateral (excl. China),40791961.5
Lesotho,2013,multilateral,671936367.9
Lesotho,2013,private (excl. China),15573593.100000001
Lesotho,2014,bilateral (China),42643405.9
Lesotho,2014,bilateral (excl. China),61838818.699999996
Lesotho,2014,multilateral,651982937.4
Lesotho,2014,private (excl. China),12843680.5
Lesotho,2015,bilateral (China),40169914.6
Lesotho,2015,bilateral (excl. China),71208492.8
Lesotho,2015,multilateral,655792898.8
Lesotho,2015,private (excl. China),6583368.9
Lesotho,2016,bilateral (China),49700279.1
Lesotho,2016,bilateral (excl. China),70999126.1
Lesotho,2016,multilateral,648486841.0999999
Lesotho,2016,private (excl. China),5592000.5
Lesotho,2017,bilateral (China),49989403.6
Lesotho,2017,bilateral (excl. China),68453240.2
Lesotho,2017,multilateral,703495232.0
Lesotho,2017,private (excl. China),5576745.0
Lesotho,2018,bilateral (China),43685101.4
Lesotho,2018,bilateral (excl. China),64013213.7
Lesotho,2018,multilateral,696979418.5
Lesotho,2018,private (excl. China),4647555.0
Lesotho,2019,bilateral (China),71541863.5
Lesotho,2019,bilateral (excl. China),59237562.0
Lesotho,2019,multilateral,721650016.4
Lesotho,2019,private (excl. China),3798215.4
Lesotho,2020,bilateral (China),114674440.4
Lesotho,2020,bilateral (excl. China),56571458.5
Lesotho,2020,multilateral,755454521.3
Lesotho,2020,private (excl. China),4080107.5
Lesotho,2021,bilateral (China),146462545.5
Lesotho,2021,bilateral (excl. China),68369452.9
Lesotho,2021,multilateral,759523262.3
Lesotho,2021,private (excl. China),3635646.0
Lesotho,2022,bilateral (China),162593186.3
Lesotho,2022,bilateral (excl. China),59720233.1
Lesotho,2022,multilateral,742451791.7
Lesotho,2022,private (excl. China),3208332.8
Lesotho,2023,bilateral (China),182832325.5
Lesotho,2023,bilateral (excl. China),47306586.8
Lesotho,2023,multilateral,765459561.1
Lesotho,2023,private (excl. China),2944825.0
Lesotho,2024,bilateral (China),181579762.1
Lesotho,2024,bilateral (excl. China),38433316.7
Lesotho,2024,multilateral,793631010.2
Lesotho,2024,private (excl. China),2414403.6
Liberia,2000,bilateral (China),16200000.0
Liberia,2000,bilateral (excl. China),495739042.4
Liberia,2000,multilateral,391873898.6
Liberia,2000,private (excl. China),196750352.4
Liberia,2001,bilateral (China),16200000.0
Liberia,2001,bilateral (excl. China),488731613.2
Liberia,2001,multilateral,379733064.8
Liberia,2001,private (excl. China),189052943.2
Liberia,2002,bilateral (China),16200000.0
Liberia,2002,bilateral (excl. China),509715588.8
Liberia,2002,multilateral,403780579.3
Liberia,2002,private (excl. China),195572721.2
Liberia,2003,bilateral (China),16200000.0
Liberia,2003,bilateral (excl. China),536702757.3
Liberia,2003,multilateral,430934019.6
Liberia,2003,private (excl. China),204130952.2
Liberia,2004,bilateral (China),16200000.0
Liberia,2004,bilateral (excl. China),549593547.0
Liberia,2004,multilateral,465638265.0
Liberia,2004,private (excl. China),206836803.0
Liberia,2005,bilateral (China),16200000.0
Liberia,2005,bilateral (excl. China),525003226.6
Liberia,2005,multilateral,436662697.5
Liberia,2005,private (excl. China),197748559.0
Liberia,2006,bilateral (China),16200000.0
Liberia,2006,bilateral (excl. China),541044588.5
Liberia,2006,multilateral,444444361.6
Liberia,2006,private (excl. China),198653615.29999998
Liberia,2007,bilateral (China),16200000.0
Liberia,2007,bilateral (excl. China),622547777.5
Liberia,2007,multilateral,188775681.4
Liberia,2007,private (excl. China),202544667.89999998
Liberia,2008,bilateral (China),5100000.0
Liberia,2008,bilateral (excl. China),506784241.5
Liberia,2008,multilateral,154476276.0
Liberia,2008,private (excl. China),195185031.3
Liberia,2009,bilateral (China),0.0
Liberia,2009,bilateral (excl. China),498100993.8
Liberia,2009,multilateral,151063520.8
Liberia,2009,private (excl. China),20500000.0
Liberia,2010,bilateral (China),0.0
Liberia,2010,bilateral (excl. China),119819133.3
Liberia,2010,multilateral,63278622.1
Liberia,2010,private (excl. China),0.0
Liberia,2011,bilateral (China),5884080.1
Liberia,2011,bilateral (excl. China),122392000.0
Liberia,2011,multilateral,59826802.3
Liberia,2012,bilateral (China),5808954.5
Liberia,2012,bilateral (excl. China),121439000.0
Liberia,2012,multilateral,81241509.7
Liberia,2013,bilateral (China),5898826.7
Liberia,2013,bilateral (excl. China),109414000.0
Liberia,2013,multilateral,114472879.6
Liberia,2014,bilateral (China),5794737.7
Liberia,2014,bilateral (excl. China),108045000.0
Liberia,2014,multilateral,182609199.5
Liberia,2015,bilateral (China),5462219.8
Liberia,2015,bilateral (excl. China),108778000.0
Liberia,2015,multilateral,319979853.6
Liberia,2016,bilateral (China),5102017.3
Liberia,2016,bilateral (excl. China),127096802.7
Liberia,2016,multilateral,393442414.3
Liberia,2017,bilateral (China),21300602.0
Liberia,2017,bilateral (excl. China),130811263.4
Liberia,2017,multilateral,503442360.9
Liberia,2018,bilateral (China),53916678.9
Liberia,2018,bilateral (excl. China),61578270.4
Liberia,2018,multilateral,597161649.6
Liberia,2018,private (excl. China),0.0
Liberia,2019,bilateral (China),52819808.2
Liberia,2019,bilateral (excl. China),64108624.3
Liberia,2019,multilateral,704594336.6
Liberia,2020,bilateral (China),57465760.8
Liberia,2020,bilateral (excl. China),60035538.3
Liberia,2020,multilateral,828084469.6
Liberia,2021,bilateral (China),58949673.5
Liberia,2021,bilateral (excl. China),60080212.599999994
Liberia,2021,multilateral,897610799.0
Liberia,2022,bilateral (China),53755081.6
Liberia,2022,bilateral (excl. China),59752284.0
Liberia,2022,multilateral,995061634.8
Liberia,2023,bilateral (China),52569152.8
Liberia,2023,bilateral (excl. China),62746230.5
Liberia,2023,multilateral,1160057244.7
Liberia,2023,private (excl. China),7020065.0
Liberia,2024,bilateral (China),49604203.2
Liberia,2024,bilateral (excl. China),62635824.8
Liberia,2024,multilateral,1268773536.5
Liberia,2024,private (excl. China),27093473.1
Madagascar,2000,bilateral (China),21219391.4
Madagascar,2000,bilateral (excl. China),2407308648.5
Madagascar,2000,multilateral,1816580469.5
Madagascar,2000,private (excl. China),39263262.3
Madagascar,2001,bilateral (China),21220847.6
Madagascar,2001,bilateral (excl. China),1884512064.1000001
Madagascar,2001,multilateral,1840582512.5
Madagascar,2001,private (excl. China),36906623.0
Madagascar,2002,bilateral (China),21219631.5
Madagascar,2002,bilateral (excl. China),1949697437.0
Madagascar,2002,multilateral,2117858629.0
Madagascar,2002,private (excl. China),37187813.5
Madagascar,2003,bilateral (China),21221091.0
Madagascar,2003,bilateral (excl. China),2067933056.7
Madagascar,2003,multilateral,2484260611.2
Madagascar,2003,private (excl. China),37529920.9
Madagascar,2004,bilateral (China),34559605.5
Madagascar,2004,bilateral (excl. China),611134073.4
Madagascar,2004,multilateral,2835647303.8
Madagascar,2004,private (excl. China),11843552.5
Madagascar,2005,bilateral (China),35408983.2
Madagascar,2005,bilateral (excl. China),304983664.4
Madagascar,2005,multilateral,2836851120.7
Madagascar,2005,private (excl. China),9377454.6
Madagascar,2006,bilateral (China),37843558.7
Madagascar,2006,bilateral (excl. China),315484894.5
Madagascar,2006,multilateral,888308960.6
Madagascar,2006,private (excl. China),6848640.8
Madagascar,2007,bilateral (China),3076143.8
Madagascar,2007,bilateral (excl. China),313686255.2
Madagascar,2007,multilateral,1136171966.6
Madagascar,2007,private (excl. China),6943710.1
Madagascar,2008,bilateral (China),33882743.7
Madagascar,2008,bilateral (excl. China),310539328.7
Madagascar,2008,multilateral,1418406913.7
Madagascar,2008,private (excl. China),7302509.1
Madagascar,2009,bilateral (China),54056852.5
Madagascar,2009,bilateral (excl. China),347015948.3
Madagascar,2009,multilateral,1486355244.4
Madagascar,2009,private (excl. China),7512866.4
Madagascar,2010,bilateral (China),62335985.7
Madagascar,2010,bilateral (excl. China),393296841.5
Madagascar,2010,multilateral,1575279907.6
Madagascar,2010,private (excl. China),7995723.1
Madagascar,2011,bilateral (China),65521592.2
Madagascar,2011,bilateral (excl. China),433544618.0
Madagascar,2011,multilateral,1644238164.4
Madagascar,2011,private (excl. China),7919471.4
Madagascar,2012,bilateral (China),65639309.3
Madagascar,2012,bilateral (excl. China),451711743.59999996
Madagascar,2012,multilateral,1723796455.0
Madagascar,2012,private (excl. China),7893473.1
Madagascar,2013,bilateral (China),67652890.7
Madagascar,2013,bilateral (excl. China),380920056.0
Madagascar,2013,multilateral,1853919814.7
Madagascar,2013,private (excl. China),28963977.099999998
Madagascar,2014,bilateral (China),62975322.8
Madagascar,2014,bilateral (excl. China),402343531.0
Madagascar,2014,multilateral,1914553513.6999998
Madagascar,2014,private (excl. China),25728588.9
Madagascar,2015,bilateral (China),55125317.7
Madagascar,2015,bilateral (excl. China),394654755.8
Madagascar,2015,multilateral,1973809937.0
Madagascar,2015,private (excl. China),86357468.2
Madagascar,2016,bilateral (China),47101499.4
Madagascar,2016,bilateral (excl. China),324774675.2
Madagascar,2016,multilateral,2016553923.9
Madagascar,2016,private (excl. China),78134832.1
Madagascar,2017,bilateral (China),45587413.2
Madagascar,2017,bilateral (excl. China),309315378.4
Madagascar,2017,multilateral,2254832059.5
Madagascar,2017,private (excl. China),126552454.60000001
Madagascar,2018,bilateral (China),77575752.3
Madagascar,2018,bilateral (excl. China),312080169.6
Madagascar,2018,multilateral,2347340016.7
Madagascar,2018,private (excl. China),163673596.9
Madagascar,2019,bilateral (China),135429422.2
Madagascar,2019,bilateral (excl. China),339777863.7
Madagascar,2019,multilateral,2488200930.2
Madagascar,2019,private (excl. China),153554029.2
Madagascar,2020,bilateral (China),155350079.9
Madagascar,2020,bilateral (excl. China),398132326.3
Madagascar,2020,multilateral,2808592616.7
Madagascar,2020,private (excl. China),146038261.8
Madagascar,2021,bilateral (China),184328736.1
Madagascar,2021,bilateral (excl. China),427367652.09999996
Madagascar,2021,multilateral,2985989681.1
Madagascar,2021,private (excl. China),117758210.3
Madagascar,2022,bilateral (China),312031246.5
Madagascar,2022,bilateral (excl. China),461875930.3
Madagascar,2022,multilateral,3058783799.9
Madagascar,2022,private (excl. China),99277980.9
Madagascar,2023,bilateral (China),328695754.1
Madagascar,2023,bilateral (excl. China),540466173.6
Madagascar,2023,multilateral,3472134340.8
Madagascar,2023,private (excl. China),118187625.0
Madagascar,2024,bilateral (China),317480528.4
Madagascar,2024,bilateral (excl. China),550301066.6
Madagascar,2024,multilateral,3760205468.0
Madagascar,2024,private (excl. China),137766100.0
Malawi,2000,bilateral (excl. China),482262798.8
Malawi,2000,multilateral,2044376749.7
Malawi,2000,private (excl. China),17920970.6
Malawi,2001,bilateral (excl. China),401451585.0
Malawi,2001,multilateral,2058140295.5
Malawi,2001,private (excl. China),9510750.200000001
Malawi,2002,bilateral (excl. China),401603736.8
Malawi,2002,multilateral,2259008914.1
Malawi,2002,private (excl. China),9934350.2
Malawi,2003,bilateral (excl. China),403484724.2
Malawi,2003,multilateral,2520976259.9
Malawi,2003,private (excl. China),10582221.7
Malawi,2004,bilateral (excl. China),549659639.9
Malawi,2004,multilateral,2738441324.7
Malawi,2004,private (excl. China),7680079.7
Malawi,2005,bilateral (excl. China),482197919.5
Malawi,2005,multilateral,2561385771.8
Malawi,2005,private (excl. China),18382173.5
Malawi,2006,bilateral (excl. China),326181980.2
Malawi,2006,multilateral,430836945.20000005
Malawi,2006,private (excl. China),7603581.7
Malawi,2007,bilateral (excl. China),315194441.3
Malawi,2007,multilateral,437137863.3
Malawi,2007,private (excl. China),7272588.699999999
Malawi,2008,bilateral (excl. China),277092007.8
Malawi,2008,multilateral,486451732.2
Malawi,2008,private (excl. China),5640560.1
Malawi,2009,bilateral (China),26387627.8
Malawi,2009,bilateral (excl. China),267276029.6
Malawi,2009,multilateral,547000632.5
Malawi,2009,private (excl. China),5838751.8
Malawi,2010,bilateral (China),46991499.2
Malawi,2010,bilateral (excl. China),91188959.6
Malawi,2010,multilateral,585930519.0
Malawi,2010,private (excl. China),5415618.6
Malawi,2011,bilateral (China),155271945.3
Malawi,2011,bilateral (excl. China),133677166.6
Malawi,2011,multilateral,634633188.8
Malawi,2011,private (excl. China),5244176.7
Malawi,2012,bilateral (China),173014182.1
Malawi,2012,bilateral (excl. China),138513482.8
Malawi,2012,multilateral,710324534.3
Malawi,2012,private (excl. China),5347528.2
Malawi,2013,bilateral (China),242478201.9
Malawi,2013,bilateral (excl. China),162123590.8
Malawi,2013,multilateral,836447335.8
Malawi,2013,private (excl. China),5589572.3
Malawi,2014,bilateral (China),241820395.5
Malawi,2014,bilateral (excl. China),194558469.6
Malawi,2014,multilateral,928320017.4
Malawi,2014,private (excl. China),2110105.8
Malawi,2015,bilateral (China),238565200.6
Malawi,2015,bilateral (excl. China),202299448.7
Malawi,2015,multilateral,1014321846.4
Malawi,2015,private (excl. China),0.0
Malawi,2016,bilateral (China),217397191.3
Malawi,2016,bilateral (excl. China),201752593.1
Malawi,2016,multilateral,1088972144.6
Malawi,2017,bilateral (China),220088918.2
Malawi,2017,bilateral (excl. China),200340354.2
Malawi,2017,multilateral,1369379621.1
Malawi,2018,bilateral (China),220403618.8
Malawi,2018,bilateral (excl. China),218823723.3
Malawi,2018,multilateral,1487019163.5
Malawi,2019,bilateral (China),205022184.1
Malawi,2019,bilateral (excl. China),214409242.9
Malawi,2019,multilateral,1600235787.7
Malawi,2020,bilateral (China),234484842.9
Malawi,2020,bilateral (excl. China),203317228.1
Malawi,2020,multilateral,1817559029.3
Malawi,2021,bilateral (China),239341014.7
Malawi,2021,bilateral (excl. China),210702521.5
Malawi,2021,multilateral,1928726651.3
Malawi,2022,bilateral (China),227925565.3
Malawi,2022,bilateral (excl. China),198693157.6
Malawi,2022,multilateral,2119199728.6999998
Malawi,2023,bilateral (China),205757741.3
Malawi,2023,bilateral (excl. China),184208536.6
Malawi,2023,multilateral,2485815306.5
Malawi,2024,bilateral (China),203427499.0
Malawi,2024,bilateral (excl. China),168836665.8
Malawi,2024,multilateral,2631490649.2
Mali,2000,bilateral (China),150174514.8
Mali,2000,bilateral (excl. China),1007665272.9
Mali,2000,multilateral,1513194915.7
Mali,2001,bilateral (China),102322571.9
Mali,2001,bilateral (excl. China),965633135.8
Mali,2001,multilateral,1522669326.3
Mali,2002,bilateral (China),110587401.6
Mali,2002,bilateral (excl. China),577886688.2
Mali,2002,multilateral,1754916679.9
Mali,2003,bilateral (China),134206745.1
Mali,2003,bilateral (excl. China),625846873.1
Mali,2003,multilateral,2070953859.5
Mali,2003,private (excl. China),0.0
Mali,2004,bilateral (China),145418401.3
Mali,2004,bilateral (excl. China),635818892.3
Mali,2004,multilateral,2269796188.4
Mali,2004,private (excl. China),1975045.0
Mali,2005,bilateral (China),139502407.6
Mali,2005,bilateral (excl. China),635113139.0
Mali,2005,multilateral,2241031210.5
Mali,2005,private (excl. China),4711721.8
Mali,2006,bilateral (China),145650796.6
Mali,2006,bilateral (excl. China),682166999.2
Mali,2006,multilateral,691714485.4
Mali,2006,private (excl. China),6806256.0
Mali,2007,bilateral (China),58311201.2
Mali,2007,bilateral (excl. China),761665188.3
Mali,2007,multilateral,963988106.7
Mali,2007,private (excl. China),6521403.0
Mali,2008,bilateral (China),69307640.7
Mali,2008,bilateral (excl. China),746393156.0999999
Mali,2008,multilateral,1147805196.7
Mali,2008,private (excl. China),5150681.7
Mali,2009,bilateral (China),76793298.2
Mali,2009,bilateral (excl. China),337609568.79999995
Mali,2009,multilateral,1565158783.1
Mali,2009,private (excl. China),6882136.6
Mali,2010,bilateral (China),72469763.9
Mali,2010,bilateral (excl. China),380188197.2
Mali,2010,multilateral,1787951194.6
Mali,2010,private (excl. China),5249446.1
Mali,2011,bilateral (China),79353743.1
Mali,2011,bilateral (excl. China),399526727.0
Mali,2011,multilateral,2001652641.4
Mali,2011,private (excl. China),3876589.1
Mali,2012,bilateral (China),208656193.0
Mali,2012,bilateral (excl. China),425067056.0
Mali,2012,multilateral,2156870165.1
Mali,2012,private (excl. China),3465256.3
Mali,2013,bilateral (China),277564435.1
Mali,2013,bilateral (excl. China),420964846.9
Mali,2013,multilateral,2436210653.8999996
Mali,2013,private (excl. China),2546476.4
Mali,2014,bilateral (China),364140382.4
Mali,2014,bilateral (excl. China),410853802.5
Mali,2014,multilateral,2423709314.7
Mali,2014,private (excl. China),1431423.9
Mali,2015,bilateral (China),451422013.2
Mali,2015,bilateral (excl. China),425013764.6
Mali,2015,multilateral,2532208436.7
Mali,2015,private (excl. China),712009.8
Mali,2016,bilateral (China),511791185.2
Mali,2016,bilateral (excl. China),423560115.9
Mali,2016,multilateral,2543630919.0
Mali,2016,private (excl. China),371043.2
Mali,2017,bilateral (China),540809176.6
Mali,2017,bilateral (excl. China),431689941.7
Mali,2017,multilateral,2921566457.5
Mali,2017,private (excl. China),164783.8
Mali,2018,bilateral (China),519490625.1
Mali,2018,bilateral (excl. China),470801952.1
Mali,2018,multilateral,3055467258.2
Mali,2018,private (excl. China),142896.0
Mali,2019,bilateral (China),544973804.5
Mali,2019,bilateral (excl. China),520137822.0
Mali,2019,multilateral,3386243871.1
Mali,2019,private (excl. China),0.0
Mali,2020,bilateral (China),596939411.1
Mali,2020,bilateral (excl. China),673508401.7
Mali,2020,multilateral,3789998141.1000004
Mali,2021,bilateral (China),608061462.0
Mali,2021,bilateral (excl. China),975007271.2
Mali,2021,multilateral,3765500383.6000004
Mali,2022,bilateral (China),531869646.4
Mali,2022,bilateral (excl. China),1020564544.2
Mali,2022,multilateral,3749175602.8
Mali,2023,bilateral (China),486211376.8
Mali,2023,bilateral (excl. China),1027090238.0
Mali,2023,multilateral,4041332848.6
Mali,2024,bilateral (China),499995446.8
Mali,2024,bilateral (excl. China),1000577159.9000001
Mali,2024,multilateral,4117718731.8
Mauritania,2000,bilateral (China),78421365.5
Mauritania,2000,bilateral (excl. China),891826545.4
Mauritania,2000,multilateral,995179058.8
Mauritania,2000,private (excl. China),19145830.9
Mauritania,2001,bilateral (China),75099876.9
Mauritania,2001,bilateral (excl. China),771896128.8
Mauritania,2001,multilateral,1038179017.4000001
Mauritania,2001,private (excl. China),6454232.4
Mauritania,2002,bilateral (China),73241124.5
Mauritania,2002,bilateral (excl. China),667267940.3000001
Mauritania,2002,multilateral,1146944717.8
Mauritania,2002,private (excl. China),7468036.8
Mauritania,2003,bilateral (China),72532148.2
Mauritania,2003,bilateral (excl. China),619216750.7
Mauritania,2003,multilateral,1323405092.3
Mauritania,2003,private (excl. China),9111000.0
Mauritania,2004,bilateral (China),71514600.3
Mauritania,2004,bilateral (excl. China),502037402.90000004
Mauritania,2004,multilateral,1448980739.2
Mauritania,2004,private (excl. China),9322000.0
Mauritania,2005,bilateral (China),61170974.8
Mauritania,2005,bilateral (excl. China),509291418.2
Mauritania,2005,multilateral,1436220824.3
Mauritania,2005,private (excl. China),23406000.0
Mauritania,2006,bilateral (China),49313586.2
Mauritania,2006,bilateral (excl. China),490265011.1
Mauritania,2006,multilateral,754487022.2
Mauritania,2006,private (excl. China),21695000.0
Mauritania,2007,bilateral (China),0.0
Mauritania,2007,bilateral (excl. China),558275329.5
Mauritania,2007,multilateral,858978753.5
Mauritania,2007,private (excl. China),20199068.0
Mauritania,2008,bilateral (China),0.0
Mauritania,2008,bilateral (excl. China),604560290.3000001
Mauritania,2008,multilateral,1052145366.0
Mauritania,2008,private (excl. China),13723674.3
Mauritania,2009,bilateral (China),144528719.1
Mauritania,2009,bilateral (excl. China),600378061.5
Mauritania,2009,multilateral,1231689584.8
Mauritania,2009,private (excl. China),12376280.3
Mauritania,2010,bilateral (China),149008893.4
Mauritania,2010,bilateral (excl. China),674800868.8
Mauritania,2010,multilateral,1500946827.8
Mauritania,2010,private (excl. China),1177886.3
Mauritania,2011,bilateral (China),181987969.9
Mauritania,2011,bilateral (excl. China),742693466.2
Mauritania,2011,multilateral,1640820058.9
Mauritania,2011,private (excl. China),0.0
Mauritania,2012,bilateral (China),182314895.9
Mauritania,2012,bilateral (excl. China),1011301989.7
Mauritania,2012,multilateral,1827794283.8
Mauritania,2013,bilateral (China),251093068.3
Mauritania,2013,bilateral (excl. China),1063788282.3
Mauritania,2013,multilateral,1931857461.3000002
Mauritania,2014,bilateral (China),240192351.7
Mauritania,2014,bilateral (excl. China),1012844948.7
Mauritania,2014,multilateral,2043469970.0
Mauritania,2015,bilateral (China),340542863.7
Mauritania,2015,bilateral (excl. China),1277739243.0
Mauritania,2015,multilateral,2093267977.4
Mauritania,2016,bilateral (China),339445362.3
Mauritania,2016,bilateral (excl. China),1287188452.5
Mauritania,2016,multilateral,2238549076.9
Mauritania,2017,bilateral (China),348234895.8
Mauritania,2017,bilateral (excl. China),1295780409.4
Mauritania,2017,multilateral,2357751027.3
Mauritania,2018,bilateral (China),326338736.0
Mauritania,2018,bilateral (excl. China),1340302827.3
Mauritania,2018,multilateral,2283911756.1
Mauritania,2019,bilateral (China),322200509.4
Mauritania,2019,bilateral (excl. China),1336847625.9
Mauritania,2019,multilateral,2395355361.7
Mauritania,2020,bilateral (China),340255696.2
Mauritania,2020,bilateral (excl. China),1386882784.2
Mauritania,2020,multilateral,2458388919.1000004
Mauritania,2021,bilateral (China),352932902.9
Mauritania,2021,bilateral (excl. China),1331464947.6
Mauritania,2021,multilateral,2326698295.3999996
Mauritania,2022,bilateral (China),326630936.7
Mauritania,2022,bilateral (excl. China),1259032774.6
Mauritania,2022,multilateral,2210893029.0
Mauritania,2023,bilateral (China),306519950.5
Mauritania,2023,bilateral (excl. China),1213334369.1
Mauritania,2023,multilateral,2213969312.5
Mauritania,2024,bilateral (China),262993802.2
Mauritania,2024,bilateral (excl. China),1150439304.4
Mauritania,2024,multilateral,2194051233.9
Mauritius,2000,bilateral (China),17095104.7
Mauritius,2000,bilateral (excl. China),260960015.4
Mauritius,2000,multilateral,215701853.1
Mauritius,2000,private (excl. China),334070452.9
Mauritius,2001,bilateral (China),20946863.4
Mauritius,2001,bilateral (excl. China),232761271.70000002
Mauritius,2001,multilateral,188269809.2
Mauritius,2001,private (excl. China),319028241.6
Mauritius,2002,bilateral (China),21536008.1
Mauritius,2002,bilateral (excl. China),312553388.0
Mauritius,2002,multilateral,281695101.6
Mauritius,2002,private (excl. China),214904323.09999996
Mauritius,2003,bilateral (China),23714886.3
Mauritius,2003,bilateral (excl. China),313673034.3
Mauritius,2003,multilateral,284369820.0
Mauritius,2003,private (excl. China),285958160.8
Mauritius,2004,bilateral (China),25838216.6
Mauritius,2004,bilateral (excl. China),295355779.0
Mauritius,2004,multilateral,272384474.7
Mauritius,2004,private (excl. China),248421690.8
Mauritius,2005,bilateral (China),27528313.9
Mauritius,2005,bilateral (excl. China),242818759.3
Mauritius,2005,multilateral,250423291.9
Mauritius,2005,private (excl. China),195303014.70000002
Mauritius,2006,bilateral (China),28703497.3
Mauritius,2006,bilateral (excl. China),190271343.9
Mauritius,2006,multilateral,221309134.2
Mauritius,2006,private (excl. China),157575705.60000002
Mauritius,2007,bilateral (China),26508638.4
Mauritius,2007,bilateral (excl. China),217133947.8
Mauritius,2007,multilateral,253491161.0
Mauritius,2007,private (excl. China),130109668.6
Mauritius,2008,bilateral (China),24202147.7
Mauritius,2008,bilateral (excl. China),207115203.9
Mauritius,2008,multilateral,269845738.3
Mauritius,2008,private (excl. China),96325643.8
Mauritius,2009,bilateral (China),55403620.2
Mauritius,2009,bilateral (excl. China),222639849.0
Mauritius,2009,multilateral,376713898.9
Mauritius,2009,private (excl. China),85458168.7
Mauritius,2010,bilateral (China),149780938.7
Mauritius,2010,bilateral (excl. China),237632848.6
Mauritius,2010,multilateral,500716702.5
Mauritius,2010,private (excl. China),118853956.80000001
Mauritius,2011,bilateral (China),219468433.7
Mauritius,2011,bilateral (excl. China),297157915.5
Mauritius,2011,multilateral,579386458.8
Mauritius,2011,private (excl. China),75523460.7
Mauritius,2012,bilateral (China),336303135.8
Mauritius,2012,bilateral (excl. China),327368389.4
Mauritius,2012,multilateral,631125169.5
Mauritius,2012,private (excl. China),74149833.3
Mauritius,2013,bilateral (China),403772800.4
Mauritius,2013,bilateral (excl. China),390614072.0
Mauritius,2013,multilateral,880106244.5999999
Mauritius,2013,private (excl. China),61788773.8
Mauritius,2014,bilateral (China),430303497.2
Mauritius,2014,bilateral (excl. China),378394055.59999996
Mauritius,2014,multilateral,958708305.0
Mauritius,2014,private (excl. China),45722199.4
Mauritius,2015,bilateral (China),417727407.8
Mauritius,2015,bilateral (excl. China),377262738.5
Mauritius,2015,multilateral,889807875.4000001
Mauritius,2015,private (excl. China),35179102.300000004
Mauritius,2016,bilateral (China),368772959.1
Mauritius,2016,bilateral (excl. China),355111651.2
Mauritius,2016,multilateral,876808400.0999999
Mauritius,2016,private (excl. China),29424199.8
Mauritius,2017,bilateral (China),341523971.0
Mauritius,2017,bilateral (excl. China),364677547.8
Mauritius,2017,multilateral,815416781.3
Mauritius,2017,private (excl. China),33369625.9
Mauritius,2018,bilateral (China),336117443.3
Mauritius,2018,bilateral (excl. China),318011520.2
Mauritius,2018,multilateral,756543551.6
Mauritius,2018,private (excl. China),23644605.9
Mauritius,2019,bilateral (China),294503060.5
Mauritius,2019,bilateral (excl. China),282239706.3
Mauritius,2019,multilateral,789059736.3
Mauritius,2019,private (excl. China),19861088.2
Mauritius,2020,bilateral (China),285420231.3
Mauritius,2020,bilateral (excl. China),807477896.2
Mauritius,2020,multilateral,790371098.4
Mauritius,2020,private (excl. China),33240330.9
Mauritius,2021,bilateral (China),252085471.3
Mauritius,2021,bilateral (excl. China),1050287739.2
Mauritius,2021,multilateral,701818951.9000001
Mauritius,2021,private (excl. China),822086813.1
Mauritius,2022,bilateral (China),203858374.8
Mauritius,2022,bilateral (excl. China),1105844876.4
Mauritius,2022,multilateral,633313502.1
Mauritius,2022,private (excl. China),1406918925.4
Mauritius,2023,bilateral (China),161391933.7
Mauritius,2023,bilateral (excl. China),1189220281.7
Mauritius,2023,multilateral,864027077.0
Mauritius,2023,private (excl. China),1460749714.2
Mauritius,2024,bilateral (China),125728374.9
Mauritius,2024,bilateral (excl. China),1170841777.3
Mauritius,2024,multilateral,1036891804.2
Mauritius,2024,private (excl. China),1065834545.8
Morocco,2000,bilateral (China),6503000.0
Morocco,2000,bilateral (excl. China),6721535706.3
Morocco,2000,multilateral,6090354694.3
Morocco,2000,private (excl. China),4445238970.7
Morocco,2001,bilateral (China),0.0
Morocco,2001,bilateral (excl. China),5736679953.5
Morocco,2001,multilateral,5714037818.1
Morocco,2001,private (excl. China),3925703022.7000003
Morocco,2002,bilateral (China),0.0
Morocco,2002,bilateral (excl. China),5709751106.6
Morocco,2002,multilateral,5684075597.3
Morocco,2002,private (excl. China),3015394765.1
Morocco,2003,bilateral (China),0.0
Morocco,2003,bilateral (excl. China),5342042292.1
Morocco,2003,multilateral,5763013410.9
Morocco,2003,private (excl. China),3407015703.2
Morocco,2004,bilateral (China),0.0
Morocco,2004,bilateral (excl. China),5169690523.1
Morocco,2004,multilateral,6076877369.1
Morocco,2004,private (excl. China),2976166136.7999997
Morocco,2005,bilateral (China),0.0
Morocco,2005,bilateral (excl. China),4322985345.9
Morocco,2005,multilateral,5880608232.2
Morocco,2005,private (excl. China),2292118190.0
Morocco,2006,bilateral (China),2414102.2
Morocco,2006,bilateral (excl. China),4625431550.6
Morocco,2006,multilateral,6686456012.6
Morocco,2006,private (excl. China),2288592929.0
Morocco,2007,bilateral (China),6876078.1
Morocco,2007,bilateral (excl. China),5254052271.8
Morocco,2007,multilateral,7946898425.8
Morocco,2007,private (excl. China),2558338697.3
Morocco,2008,bilateral (China),62769689.2
Morocco,2008,bilateral (excl. China),5967907668.1
Morocco,2008,multilateral,8624314278.5
Morocco,2008,private (excl. China),1989601072.0000002
Morocco,2009,bilateral (China),122672941.8
Morocco,2009,bilateral (excl. China),6605272952.4
Morocco,2009,multilateral,10077710262.4
Morocco,2009,private (excl. China),2533686666.6
Morocco,2010,bilateral (China),528142397.7
Morocco,2010,bilateral (excl. China),6581808839.8
Morocco,2010,multilateral,10186198801.5
Morocco,2010,private (excl. China),3851555218.8
Morocco,2011,bilateral (China),531276444.7
Morocco,2011,bilateral (excl. China),6753473516.400001
Morocco,2011,multilateral,11328093079.9
Morocco,2011,private (excl. China),3871633021.8
Morocco,2012,bilateral (China),544025834.1
Morocco,2012,bilateral (excl. China),7049512969.3
Morocco,2012,multilateral,12071695984.4
Morocco,2012,private (excl. China),5530384279.200001
Morocco,2013,bilateral (China),532755662.6
Morocco,2013,bilateral (excl. China),7068836218.7
Morocco,2013,multilateral,14250446559.5
Morocco,2013,private (excl. China),6595646471.8
Morocco,2014,bilateral (China),542463706.8
Morocco,2014,bilateral (excl. China),6891566554.400001
Morocco,2014,multilateral,13782919877.0
Morocco,2014,private (excl. China),9129754736.1
Morocco,2015,bilateral (China),523182515.2
Morocco,2015,bilateral (excl. China),6729632729.1
Morocco,2015,multilateral,13336390876.7
Morocco,2015,private (excl. China),10775703459.2
Morocco,2016,bilateral (China),663651509.7
Morocco,2016,bilateral (excl. China),6847054156.3
Morocco,2016,multilateral,13701926390.0
Morocco,2016,private (excl. China),10452736149.9
Morocco,2017,bilateral (China),626428609.1
Morocco,2017,bilateral (excl. China),7673577838.2
Morocco,2017,multilateral,16214177794.6
Morocco,2017,private (excl. China),10525592207.8
Morocco,2018,bilateral (China),559462284.0
Morocco,2018,bilateral (excl. China),7063298491.3
Morocco,2018,multilateral,15794534259.0
Morocco,2018,private (excl. China),10342023295.0
Morocco,2019,bilateral (China),484515489.9
Morocco,2019,bilateral (excl. China),6622016941.299999
Morocco,2019,multilateral,16791933181.1
Morocco,2019,private (excl. China),12873498006.2
Morocco,2020,bilateral (China),445396672.5
Morocco,2020,bilateral (excl. China),7142403567.1
Morocco,2020,multilateral,19816349864.3
Morocco,2020,private (excl. China),16545031483.3
Morocco,2021,bilateral (China),405939525.2
Morocco,2021,bilateral (excl. China),6557520843.9
Morocco,2021,multilateral,19204016283.0
Morocco,2021,private (excl. China),16254675543.0
Morocco,2022,bilateral (China),366045260.2
Morocco,2022,bilateral (excl. China),6689750352.900001
Morocco,2022,multilateral,19964683869.4
Morocco,2022,private (excl. China),14265234222.199999
Morocco,2023,bilateral (China),326514757.7
Morocco,2023,bilateral (excl. China),6840328177.2
Morocco,2023,multilateral,21093076158.7
Morocco,2023,private (excl. China),16856790650.0
Morocco,2024,bilateral (China),287039569.5
Morocco,2024,bilateral (excl. China),6961053313.400001
Morocco,2024,multilateral,21527945134.4
Morocco,2024,private (excl. China),16951266901.1
Mozambique,2000,bilateral (China),33140068.1
Mozambique,2000,bilateral (excl. China),3544259070.2
Mozambique,2000,multilateral,1106516296.7
Mozambique,2000,private (excl. China),9143092.3
Mozambique,2001,bilateral (China),18435651.1
Mozambique,2001,bilateral (excl. China),1341229685.5
Mozambique,2001,multilateral,1183720867.6
Mozambique,2001,private (excl. China),1180015.4
Mozambique,2002,bilateral (China),18879430.5
Mozambique,2002,bilateral (excl. China),1320714836.3
Mozambique,2002,multilateral,1504321217.8
Mozambique,2002,private (excl. China),577142.5
Mozambique,2003,bilateral (China),19426522.0
Mozambique,2003,bilateral (excl. China),1267423147.6
Mozambique,2003,multilateral,1835997334.5
Mozambique,2003,private (excl. China),0.0
Mozambique,2004,bilateral (China),19716460.6
Mozambique,2004,bilateral (excl. China),1135592449.4
Mozambique,2004,multilateral,2215068522.9
Mozambique,2005,bilateral (China),19384330.2
Mozambique,2005,bilateral (excl. China),1011426981.4
Mozambique,2005,multilateral,2337105442.4
Mozambique,2006,bilateral (China),21967070.0
Mozambique,2006,bilateral (excl. China),1015265773.4
Mozambique,2006,multilateral,1048196162.0
Mozambique,2006,private (excl. China),0.0
Mozambique,2007,bilateral (China),4914711.2
Mozambique,2007,bilateral (excl. China),1006675343.4
Mozambique,2007,multilateral,1405453896.6
Mozambique,2007,private (excl. China),6665668.8
Mozambique,2008,bilateral (China),14031545.3
Mozambique,2008,bilateral (excl. China),1099128868.5
Mozambique,2008,multilateral,1729099994.7
Mozambique,2008,private (excl. China),5501390.1
Mozambique,2009,bilateral (China),161970205.8
Mozambique,2009,bilateral (excl. China),1113007655.2
Mozambique,2009,multilateral,2021621748.5
Mozambique,2009,private (excl. China),26750188.8
Mozambique,2010,bilateral (China),121772868.6
Mozambique,2010,bilateral (excl. China),782975816.0
Mozambique,2010,multilateral,2261857791.4
Mozambique,2010,private (excl. China),96141521.4
Mozambique,2011,bilateral (China),224762624.2
Mozambique,2011,bilateral (excl. China),886205741.0999999
Mozambique,2011,multilateral,2573725104.3
Mozambique,2011,private (excl. China),209830055.0
Mozambique,2012,bilateral (China),360529956.1
Mozambique,2012,bilateral (excl. China),1030437917.2
Mozambique,2012,multilateral,2916662288.1000004
Mozambique,2012,private (excl. China),233638114.3
Mozambique,2013,bilateral (China),705373242.4
Mozambique,2013,bilateral (excl. China),1448233161.6
Mozambique,2013,multilateral,3378260713.3
Mozambique,2013,private (excl. China),1771462210.2
Mozambique,2014,bilateral (China),1295438205.1
Mozambique,2014,bilateral (excl. China),1482500134.1
Mozambique,2014,multilateral,3478043464.6
Mozambique,2014,private (excl. China),2273650126.0
Mozambique,2015,bilateral (China),1491133807.2
Mozambique,2015,bilateral (excl. China),1766244288.5
Mozambique,2015,multilateral,3671117774.5
Mozambique,2015,private (excl. China),2252852644.3
Mozambique,2016,bilateral (China),1625821439.6
Mozambique,2016,bilateral (excl. China),1810906026.3
Mozambique,2016,multilateral,3783583732.5
Mozambique,2016,private (excl. China),2326034125.9
Mozambique,2017,bilateral (China),1977612384.1
Mozambique,2017,bilateral (excl. China),2010199602.5
Mozambique,2017,multilateral,4131338706.9
Mozambique,2017,private (excl. China),2380065381.8
Mozambique,2018,bilateral (China),2103397543.1
Mozambique,2018,bilateral (excl. China),2092933783.6999998
Mozambique,2018,multilateral,4254991591.2
Mozambique,2018,private (excl. China),2300972411.8
Mozambique,2019,bilateral (China),2038385206.4
Mozambique,2019,bilateral (excl. China),2177601259.1
Mozambique,2019,multilateral,4454602856.7
Mozambique,2019,private (excl. China),2453742190.8
Mozambique,2020,bilateral (China),2072353716.5
Mozambique,2020,bilateral (excl. China),2243395544.5
Mozambique,2020,multilateral,4746420141.2
Mozambique,2020,private (excl. China),2396493167.3
Mozambique,2021,bilateral (China),2024414196.2
Mozambique,2021,bilateral (excl. China),2214286362.1
Mozambique,2021,multilateral,4678550812.0
Mozambique,2021,private (excl. China),2364888249.2
Mozambique,2022,bilateral (China),1767284023.7
Mozambique,2022,bilateral (excl. China),2220216419.6
Mozambique,2022,multilateral,4485165693.4
Mozambique,2022,private (excl. China),2337725920.2
Mozambique,2023,bilateral (China),1639720950.5
Mozambique,2023,bilateral (excl. China),2296625876.4
Mozambique,2023,multilateral,4505457683.1
Mozambique,2023,private (excl. China),1683144035.0
Mozambique,2024,bilateral (China),1429835347.2
Mozambique,2024,bilateral (excl. China),2221249769.7
Mozambique,2024,multilateral,4474168585.9
Mozambique,2024,private (excl. China),1024893787.6
Niger,2000,bilateral (China),23506417.1
Niger,2000,bilateral (excl. China),439803356.2
Niger,2000,multilateral,1029749843.5
Niger,2000,private (excl. China),1500000.0
Niger,2001,bilateral (China),20529552.5
Niger,2001,bilateral (excl. China),381696205.2
Niger,2001,multilateral,1041294387.1
Niger,2001,private (excl. China),1250000.0
Niger,2002,bilateral (China),20528916.5
Niger,2002,bilateral (excl. China),382126483.0
Niger,2002,multilateral,1237180085.0
Niger,2002,private (excl. China),1250000.0
Niger,2003,bilateral (China),20529679.8
Niger,2003,bilateral (excl. China),455564348.2
Niger,2003,multilateral,1442814043.8
Niger,2003,private (excl. China),1250000.0
Niger,2004,bilateral (China),20529934.1
Niger,2004,bilateral (excl. China),172261201.5
Niger,2004,multilateral,1582646237.9
Niger,2004,private (excl. China),1150000.0
Niger,2005,bilateral (China),20799055.8
Niger,2005,bilateral (excl. China),173345708.8
Niger,2005,multilateral,1552969419.9
Niger,2005,private (excl. China),1150000.0
Niger,2006,bilateral (China),12727214.5
Niger,2006,bilateral (excl. China),163928452.1
Niger,2006,multilateral,477769867.5
Niger,2006,private (excl. China),1150000.0
Niger,2007,bilateral (China),12915423.2
Niger,2007,bilateral (excl. China),166681950.89999998
Niger,2007,multilateral,573991398.5
Niger,2007,private (excl. China),1150000.0
Niger,2008,bilateral (China),10000000.0
Niger,2008,bilateral (excl. China),176446866.10000002
Niger,2008,multilateral,589616366.9
Niger,2008,private (excl. China),1150000.0
Niger,2009,bilateral (China),142000000.0
Niger,2009,bilateral (excl. China),191446325.5
Niger,2009,multilateral,621747569.9
Niger,2009,private (excl. China),1150000.0
Niger,2010,bilateral (China),335600000.0
Niger,2010,bilateral (excl. China),205269579.4
Niger,2010,multilateral,663756347.1
Niger,2010,private (excl. China),1150000.0
Niger,2011,bilateral (China),890000000.0
Niger,2011,bilateral (excl. China),200782693.9
Niger,2011,multilateral,815425237.9
Niger,2011,private (excl. China),0.0
Niger,2012,bilateral (China),362000000.0
Niger,2012,bilateral (excl. China),228215984.0
Niger,2012,multilateral,935004270.2
Niger,2013,bilateral (China),347483656.3
Niger,2013,bilateral (excl. China),308655045.3
Niger,2013,multilateral,1084164717.8
Niger,2014,bilateral (China),307446679.5
Niger,2014,bilateral (excl. China),303133222.8
Niger,2014,multilateral,1126384478.5
Niger,2015,bilateral (China),279462797.3
Niger,2015,bilateral (excl. China),263364674.2
Niger,2015,multilateral,1429874744.2
Niger,2016,bilateral (China),311921137.0
Niger,2016,bilateral (excl. China),291550970.4
Niger,2016,multilateral,1632816859.5
Niger,2017,bilateral (China),337320384.2
Niger,2017,bilateral (excl. China),323909867.7
Niger,2017,multilateral,2022773839.3
Niger,2018,bilateral (China),368673812.6
Niger,2018,bilateral (excl. China),354957487.7
Niger,2018,multilateral,2080626702.6
Niger,2019,bilateral (China),326771431.4
Niger,2019,bilateral (excl. China),376492039.1
Niger,2019,multilateral,2451214226.2
Niger,2020,bilateral (China),302744226.7
Niger,2020,bilateral (excl. China),423727176.0
Niger,2020,multilateral,3057171386.0
Niger,2020,private (excl. China),219255773.8
Niger,2021,bilateral (China),288678863.1
Niger,2021,bilateral (excl. China),432637621.09999996
Niger,2021,multilateral,3314036103.3
Niger,2021,private (excl. China),202370702.8
Niger,2022,bilateral (China),226918791.3
Niger,2022,bilateral (excl. China),474639565.2
Niger,2022,multilateral,3764507149.6
Niger,2022,private (excl. China),182954964.6
Niger,2023,bilateral (China),199849794.4
Niger,2023,bilateral (excl. China),490205772.8
Niger,2023,multilateral,3962795430.3
Niger,2023,private (excl. China),181644320.0
Niger,2024,bilateral (China),164433204.2
Niger,2024,bilateral (excl. China),447512513.40000004
Niger,2024,multilateral,3767170475.1
Niger,2024,private (excl. China),148502443.8
Nigeria,2000,bilateral (excl. China),23271961392.9
Nigeria,2000,multilateral,3324407737.8
Nigeria,2000,private (excl. China),3445722360.7
Nigeria,2001,bilateral (excl. China),23052591012.0
Nigeria,2001,multilateral,2900882517.5
Nigeria,2001,private (excl. China),3284881304.2
Nigeria,2002,bilateral (China),0.0
Nigeria,2002,bilateral (excl. China),22646391345.3
Nigeria,2002,multilateral,2914715974.1
Nigeria,2002,private (excl. China),2519289183.1
Nigeria,2003,bilateral (China),30169018.0
Nigeria,2003,bilateral (excl. China),25956861354.7
Nigeria,2003,multilateral,2929305207.1
Nigeria,2003,private (excl. China),2378796999.0
Nigeria,2004,bilateral (China),82576120.6
Nigeria,2004,bilateral (excl. China),27258364173.8
Nigeria,2004,multilateral,2876872012.8
Nigeria,2004,private (excl. China),2332467675.6
Nigeria,2005,bilateral (China),134346481.8
Nigeria,2005,bilateral (excl. China),15344163719.2
Nigeria,2005,multilateral,2560621280.6
Nigeria,2005,private (China),26143000.0
Nigeria,2005,private (excl. China),2182935819.3
Nigeria,2006,bilateral (China),443841827.0
Nigeria,2006,bilateral (excl. China),6100822.7
Nigeria,2006,multilateral,2713100802.8
Nigeria,2006,private (China),59379000.0
Nigeria,2006,private (excl. China),606569144.0
Nigeria,2007,bilateral (China),581242606.7
Nigeria,2007,bilateral (excl. China),4724335.1
Nigeria,2007,multilateral,2932076545.9
Nigeria,2007,private (China),77579000.0
Nigeria,2007,private (excl. China),18850000.0
Nigeria,2008,bilateral (China),762830000.1
Nigeria,2008,bilateral (excl. China),2520337.5
Nigeria,2008,multilateral,3024050423.2
Nigeria,2008,private (China),101143000.0
Nigeria,2008,private (excl. China),11310000.0
Nigeria,2009,bilateral (China),611982000.0
Nigeria,2009,bilateral (excl. China),1877191.1
Nigeria,2009,multilateral,3520943046.8
Nigeria,2009,private (China),82753000.0
Nigeria,2009,private (excl. China),3770000.0
Nigeria,2010,bilateral (China),379820000.0
Nigeria,2010,bilateral (excl. China),1284211.3
Nigeria,2010,multilateral,4304416281.5
Nigeria,2010,private (China),0.0
Nigeria,2010,private (excl. China),0.0
Nigeria,2011,bilateral (China),636822000.0
Nigeria,2011,bilateral (excl. China),632624.6
Nigeria,2011,multilateral,4798489257.6
Nigeria,2011,private (excl. China),500000000.0
Nigeria,2012,bilateral (China),802958000.0
Nigeria,2012,bilateral (excl. China),20004000.0
Nigeria,2012,multilateral,5356366625.7
Nigeria,2012,private (excl. China),500000000.0
Nigeria,2013,bilateral (China),987606301.0
Nigeria,2013,bilateral (excl. China),59004000.0
Nigeria,2013,multilateral,6238408682.3
Nigeria,2013,private (excl. China),1000000000.0
Nigeria,2014,bilateral (China),1293131000.0
Nigeria,2014,bilateral (excl. China),145702050.0
Nigeria,2014,multilateral,6727322661.7
Nigeria,2014,private (excl. China),1500000000.0
Nigeria,2015,bilateral (China),1444725000.0
Nigeria,2015,bilateral (excl. China),237970561.6
Nigeria,2015,multilateral,7494755943.1
Nigeria,2015,private (excl. China),1500000000.0
Nigeria,2016,bilateral (China),1642044000.0
Nigeria,2016,bilateral (excl. China),293164036.3
Nigeria,2016,multilateral,7893048630.9
Nigeria,2016,private (excl. China),1500000000.0
Nigeria,2017,bilateral (China),1930983000.0
Nigeria,2017,bilateral (excl. China),488600027.3
Nigeria,2017,multilateral,10137013553.6
Nigeria,2017,private (excl. China),6300000000.0
Nigeria,2018,bilateral (China),2485077000.0
Nigeria,2018,bilateral (excl. China),649930171.4
Nigeria,2018,multilateral,10971897165.5
Nigeria,2018,private (excl. China),11168352000.0
Nigeria,2019,bilateral (China),3175120000.0
Nigeria,2019,bilateral (excl. China),671191202.1
Nigeria,2019,multilateral,12564806876.5
Nigeria,2019,private (excl. China),11168352000.0
Nigeria,2020,bilateral (China),3403988802.3
Nigeria,2020,bilateral (excl. China),786007159.4
Nigeria,2020,multilateral,14327731382.9
Nigeria,2020,private (excl. China),13539566305.3
Nigeria,2021,bilateral (China),3634626542.9
Nigeria,2021,bilateral (excl. China),823731887.9
Nigeria,2021,multilateral,15260656453.3
Nigeria,2021,private (excl. China),16430497732.5
Nigeria,2022,bilateral (China),4291730985.4
Nigeria,2022,bilateral (excl. China),824876922.9
Nigeria,2022,multilateral,17022009243.1
Nigeria,2022,private (excl. China),17842670613.2
Nigeria,2023,bilateral (China),5164932943.4
Nigeria,2023,bilateral (excl. China),871662423.7
Nigeria,2023,multilateral,21096500587.4
Nigeria,2023,private (excl. China),16906776505.0
Nigeria,2024,bilateral (China),5319396325.1
Nigeria,2024,bilateral (excl. China),778169437.2
Nigeria,2024,multilateral,23800214693.3
Nigeria,2024,private (excl. China),20293748739.3
Rwanda,2000,bilateral (China),18061229.6
Rwanda,2000,bilateral (excl. China),131911358.39999999
Rwanda,2000,multilateral,995597750.2
Rwanda,2000,private (excl. China),1140899.2
Rwanda,2001,bilateral (China),17870070.6
Rwanda,2001,bilateral (excl. China),129427356.3
Rwanda,2001,multilateral,1013538670.2
Rwanda,2001,private (excl. China),1080574.4
Rwanda,2002,bilateral (China),17676537.0
Rwanda,2002,bilateral (excl. China),130253853.3
Rwanda,2002,multilateral,1154474190.5
Rwanda,2002,private (excl. China),1285825.9
Rwanda,2003,bilateral (China),16642744.0
Rwanda,2003,bilateral (excl. China),130343199.1
Rwanda,2003,multilateral,1266189500.8
Rwanda,2003,private (excl. China),1548582.1
Rwanda,2004,bilateral (China),15608046.9
Rwanda,2004,bilateral (excl. China),125206822.0
Rwanda,2004,multilateral,1398347603.2
Rwanda,2004,private (excl. China),1670090.1
Rwanda,2005,bilateral (China),14945478.5
Rwanda,2005,bilateral (excl. China),41728475.1
Rwanda,2005,multilateral,1356904522.8
Rwanda,2005,private (excl. China),0.0
Rwanda,2006,bilateral (China),16733515.2
Rwanda,2006,bilateral (excl. China),37593337.4
Rwanda,2006,multilateral,334350065.0
Rwanda,2007,bilateral (China),30552939.2
Rwanda,2007,bilateral (excl. China),68057874.2
Rwanda,2007,multilateral,466557827.79999995
Rwanda,2008,bilateral (China),0.0
Rwanda,2008,bilateral (excl. China),87686884.2
Rwanda,2008,multilateral,561988112.7
Rwanda,2009,bilateral (China),6170733.1
Rwanda,2009,bilateral (excl. China),94113472.3
Rwanda,2009,multilateral,615258623.6
Rwanda,2010,bilateral (China),20400579.8
Rwanda,2010,bilateral (excl. China),99330604.5
Rwanda,2010,multilateral,639261901.7
Rwanda,2011,bilateral (China),28695741.9
Rwanda,2011,bilateral (excl. China),123127097.0
Rwanda,2011,multilateral,819668612.8
Rwanda,2012,bilateral (China),31039652.8
Rwanda,2012,bilateral (excl. China),137652618.6
Rwanda,2012,multilateral,876518053.7
Rwanda,2013,bilateral (China),56448938.1
Rwanda,2013,bilateral (excl. China),160788743.5
Rwanda,2013,multilateral,935474990.1
Rwanda,2013,private (excl. China),400000000.0
Rwanda,2014,bilateral (China),86299722.1
Rwanda,2014,bilateral (excl. China),167257834.5
Rwanda,2014,multilateral,1101879932.8
Rwanda,2014,private (excl. China),400000000.0
Rwanda,2015,bilateral (China),117124547.5
Rwanda,2015,bilateral (excl. China),177449789.5
Rwanda,2015,multilateral,1362758990.7
Rwanda,2015,private (excl. China),400000000.0
Rwanda,2016,bilateral (China),129527900.1
Rwanda,2016,bilateral (excl. China),178249933.6
Rwanda,2016,multilateral,1645501935.5
Rwanda,2016,private (excl. China),400000000.0
Rwanda,2017,bilateral (China),160018428.7
Rwanda,2017,bilateral (excl. China),192490707.4
Rwanda,2017,multilateral,2080914938.8
Rwanda,2017,private (excl. China),400000000.0
Rwanda,2018,bilateral (China),160352692.3
Rwanda,2018,bilateral (excl. China),221700293.7
Rwanda,2018,multilateral,2467440063.5
Rwanda,2018,private (excl. China),400000000.0
Rwanda,2019,bilateral (China),194717189.1
Rwanda,2019,bilateral (excl. China),291483848.5
Rwanda,2019,multilateral,2978838544.7
Rwanda,2019,private (excl. China),464093000.0
Rwanda,2020,bilateral (China),258082449.6
Rwanda,2020,bilateral (excl. China),381732332.7
Rwanda,2020,multilateral,3737266306.4
Rwanda,2020,private (excl. China),745098000.0
Rwanda,2021,bilateral (China),333483925.7
Rwanda,2021,bilateral (excl. China),481652781.1
Rwanda,2021,multilateral,3923887480.2
Rwanda,2021,private (excl. China),1055044000.0
Rwanda,2022,bilateral (China),332504723.6
Rwanda,2022,bilateral (excl. China),502274966.3
Rwanda,2022,multilateral,4135266643.7
Rwanda,2022,private (excl. China),1174495000.0
Rwanda,2023,bilateral (China),344512850.7
Rwanda,2023,bilateral (excl. China),568070447.4
Rwanda,2023,multilateral,5008814899.6
Rwanda,2023,private (excl. China),1309483000.0
Rwanda,2024,bilateral (China),361436047.9
Rwanda,2024,bilateral (excl. China),727263992.4
Rwanda,2024,multilateral,5567747319.5
Rwanda,2024,private (excl. China),1689152000.0
Sao Tome and Principe,2000,bilateral (China),16750779.3
Sao Tome and Principe,2000,bilateral (excl. China),92254652.9
Sao Tome and Principe,2000,multilateral,169279555.7
Sao Tome and Principe,2001,bilateral (China),16751183.4
Sao Tome and Principe,2001,bilateral (excl. China),97620335.2
Sao Tome and Principe,2001,multilateral,168786858.8
Sao Tome and Principe,2002,bilateral (China),16772471.3
Sao Tome and Principe,2002,bilateral (excl. China),99881068.6
Sao Tome and Principe,2002,multilateral,184530257.1
Sao Tome and Principe,2003,bilateral (China),16772877.9
Sao Tome and Principe,2003,bilateral (excl. China),104878575.9
Sao Tome and Principe,2003,multilateral,199173769.8
Sao Tome and Principe,2004,bilateral (China),16773013.5
Sao Tome and Principe,2004,bilateral (excl. China),106959620.1
Sao Tome and Principe,2004,multilateral,211679654.0
Sao Tome and Principe,2005,bilateral (China),16916397.7
Sao Tome and Principe,2005,bilateral (excl. China),99796979.1
Sao Tome and Principe,2005,multilateral,197420971.0
Sao Tome and Principe,2006,bilateral (China),16926803.0
Sao Tome and Principe,2006,bilateral (excl. China),108342243.7
Sao Tome and Principe,2006,multilateral,203161323.8
Sao Tome and Principe,2007,bilateral (China),17324501.7
Sao Tome and Principe,2007,bilateral (excl. China),85471916.7
Sao Tome and Principe,2007,multilateral,37668262.7
Sao Tome and Principe,2008,bilateral (China),17748553.8
Sao Tome and Principe,2008,bilateral (excl. China),52144827.4
Sao Tome and Principe,2008,multilateral,35853987.3
Sao Tome and Principe,2009,bilateral (China),17461822.0
Sao Tome and Principe,2009,bilateral (excl. China),67799048.7
Sao Tome and Principe,2009,multilateral,36715380.6
Sao Tome and Principe,2010,bilateral (China),17657033.3
Sao Tome and Principe,2010,bilateral (excl. China),87377842.7
Sao Tome and Principe,2010,multilateral,37268806.8
Sao Tome and Principe,2011,bilateral (China),18306246.1
Sao Tome and Principe,2011,bilateral (excl. China),115262924.19999999
Sao Tome and Principe,2011,multilateral,41660477.3
Sao Tome and Principe,2012,bilateral (China),18319077.2
Sao Tome and Principe,2012,bilateral (excl. China),106363435.0
Sao Tome and Principe,2012,multilateral,38729076.6
Sao Tome and Principe,2013,bilateral (China),18538557.9
Sao Tome and Principe,2013,bilateral (excl. China),120125071.9
Sao Tome and Principe,2013,multilateral,38886764.8
Sao Tome and Principe,2014,bilateral (China),18518142.9
Sao Tome and Principe,2014,bilateral (excl. China),124965120.8
Sao Tome and Principe,2014,multilateral,37735583.9
Sao Tome and Principe,2015,bilateral (China),18096142.0
Sao Tome and Principe,2015,bilateral (excl. China),147012539.0
Sao Tome and Principe,2015,multilateral,37884695.2
Sao Tome and Principe,2015,private (excl. China),10000000.0
Sao Tome and Principe,2016,bilateral (China),17639006.5
Sao Tome and Principe,2016,bilateral (excl. China),150522434.8
Sao Tome and Principe,2016,multilateral,40130530.2
Sao Tome and Principe,2016,private (excl. China),10000000.0
Sao Tome and Principe,2017,bilateral (China),18074743.9
Sao Tome and Principe,2017,bilateral (excl. China),175770798.5
Sao Tome and Principe,2017,multilateral,44886250.2
Sao Tome and Principe,2017,private (excl. China),10000000.0
Sao Tome and Principe,2018,bilateral (China),0.0
Sao Tome and Principe,2018,bilateral (excl. China),172659853.7
Sao Tome and Principe,2018,multilateral,46888875.0
Sao Tome and Principe,2018,private (excl. China),10000000.0
Sao Tome and Principe,2019,bilateral (excl. China),177701744.7
Sao Tome and Principe,2019,multilateral,48947407.6
Sao Tome and Principe,2019,private (excl. China),10000000.0
Sao Tome and Principe,2020,bilateral (excl. China),186729532.8
Sao Tome and Principe,2020,multilateral,55855958.2
Sao Tome and Principe,2020,private (excl. China),10000000.0
Sao Tome and Principe,2021,bilateral (excl. China),181542773.8
Sao Tome and Principe,2021,multilateral,54024313.6
Sao Tome and Principe,2021,private (excl. China),10000000.0
Sao Tome and Principe,2022,bilateral (excl. China),157127438.5
Sao Tome and Principe,2022,multilateral,51123046.7
Sao Tome and Principe,2022,private (excl. China),10000000.0
Sao Tome and Principe,2023,bilateral (excl. China),161074627.0
Sao Tome and Principe,2023,multilateral,77696008.9
Sao Tome and Principe,2023,private (excl. China),10000000.0
Sao Tome and Principe,2024,bilateral (excl. China),170724576.1
Sao Tome and Principe,2024,multilateral,73815484.1
Sao Tome and Principe,2024,private (excl. China),10000000.0
Senegal,2000,bilateral (China),99895701.5
Senegal,2000,bilateral (excl. China),1190671288.8
Senegal,2000,multilateral,1912776915.4
Senegal,2000,private (excl. China),4833942.0
Senegal,2001,bilateral (China),98608222.0
Senegal,2001,bilateral (excl. China),1111543564.3
Senegal,2001,multilateral,1947138833.2
Senegal,2001,private (excl. China),11759038.0
Senegal,2002,bilateral (China),97157564.3
Senegal,2002,bilateral (excl. China),1173743248.7
Senegal,2002,multilateral,2222161720.5
Senegal,2002,private (excl. China),13102421.1
Senegal,2003,bilateral (China),95708456.0
Senegal,2003,bilateral (excl. China),1252238399.7
Senegal,2003,multilateral,2554456628.2
Senegal,2003,private (excl. China),13823111.0
Senegal,2004,bilateral (China),94097803.3
Senegal,2004,bilateral (excl. China),566510938.0
Senegal,2004,multilateral,2843621373.9
Senegal,2004,private (excl. China),12285492.0
Senegal,2005,bilateral (China),92448470.5
Senegal,2005,bilateral (excl. China),582507791.6
Senegal,2005,multilateral,2816076808.4
Senegal,2005,private (excl. China),9387863.6
Senegal,2006,bilateral (China),88039612.8
Senegal,2006,bilateral (excl. China),554517553.0
Senegal,2006,multilateral,983783499.8
Senegal,2006,private (excl. China),11335784.0
Senegal,2007,bilateral (China),96497286.1
Senegal,2007,bilateral (excl. China),501204877.2
Senegal,2007,multilateral,1381621261.8
Senegal,2007,private (excl. China),7324901.9
Senegal,2008,bilateral (China),132686532.5
Senegal,2008,bilateral (excl. China),682777410.0
Senegal,2008,multilateral,1550813562.1
Senegal,2008,private (excl. China),4483803.8
Senegal,2009,bilateral (China),175550220.4
Senegal,2009,bilateral (excl. China),769400087.4
Senegal,2009,multilateral,1806209648.4
Senegal,2009,private (excl. China),201871430.4
Senegal,2010,bilateral (China),184091090.7
Senegal,2010,bilateral (excl. China),792714095.4
Senegal,2010,multilateral,1972812157.1
Senegal,2010,private (excl. China),200000000.0
Senegal,2011,bilateral (China),210338346.1
Senegal,2011,bilateral (excl. China),664009252.5999999
Senegal,2011,multilateral,2237403349.3
Senegal,2011,private (excl. China),500000000.0
Senegal,2012,bilateral (China),301736745.8
Senegal,2012,bilateral (excl. China),867617944.9
Senegal,2012,multilateral,2524847437.1
Senegal,2012,private (excl. China),485968093.0
Senegal,2013,bilateral (China),334788771.6
Senegal,2013,bilateral (excl. China),884341474.1999999
Senegal,2013,multilateral,2793473401.5
Senegal,2013,private (excl. China),496643760.4
Senegal,2014,bilateral (China),360032582.6
Senegal,2014,bilateral (excl. China),904611524.7
Senegal,2014,multilateral,2754333565.8
Senegal,2014,private (excl. China),942025885.7
Senegal,2015,bilateral (China),503820523.4
Senegal,2015,bilateral (excl. China),987089875.3
Senegal,2015,multilateral,2776286338.7
Senegal,2015,private (excl. China),1059675629.9
Senegal,2016,bilateral (China),902176919.2
Senegal,2016,bilateral (excl. China),1143848439.8
Senegal,2016,multilateral,3058484541.3
Senegal,2016,private (excl. China),1043747998.1
Senegal,2017,bilateral (China),1142930844.6
Senegal,2017,bilateral (excl. China),1352360481.8
Senegal,2017,multilateral,3623384244.1
Senegal,2017,private (excl. China),2224277625.5
Senegal,2018,bilateral (China),1478465184.8
Senegal,2018,bilateral (excl. China),1962652923.0
Senegal,2018,multilateral,4303555145.7
Senegal,2018,private (China),0.0
Senegal,2018,private (excl. China),4450396220.0
Senegal,2019,bilateral (China),1719295772.0
Senegal,2019,bilateral (excl. China),2103679434.8
Senegal,2019,multilateral,5474854738.2
Senegal,2019,private (China),0.0
Senegal,2019,private (excl. China),4532914430.8
Senegal,2020,bilateral (China),1781212425.6
Senegal,2020,bilateral (excl. China),2635496108.2000003
Senegal,2020,multilateral,6699098198.3
Senegal,2020,private (China),0.0
Senegal,2020,private (excl. China),4993347632.8
Senegal,2021,bilateral (China),1940425735.5
Senegal,2021,bilateral (excl. China),2606810552.7999997
Senegal,2021,multilateral,7071050419.5
Senegal,2021,private (China),0.0
Senegal,2021,private (excl. China),5305688640.599999
Senegal,2022,bilateral (China),2084307216.3
Senegal,2022,bilateral (excl. China),2511513740.9
Senegal,2022,multilateral,7682391349.200001
Senegal,2022,private (China),11686736.2
Senegal,2022,private (excl. China),5606111732.8
Senegal,2023,bilateral (China),2234761178.5
Senegal,2023,bilateral (excl. China),2848250611.3
Senegal,2023,multilateral,9397633840.3
Senegal,2023,private (China),19440265.0
Senegal,2023,private (excl. China),7914949955.7
Senegal,2024,bilateral (China),2197914178.4
Senegal,2024,bilateral (excl. China),2834792983.9
Senegal,2024,multilateral,9505293611.9
Senegal,2024,private (China),21887545.2
Senegal,2024,private (excl. China),10533993965.5
Sierra Leone,2000,bilateral (China),44676169.4
Sierra Leone,2000,bilateral (excl. China),356648117.7
Sierra Leone,2000,multilateral,575998102.3
Sierra Leone,2000,private (excl. China),28447097.200000003
Sierra Leone,2001,bilateral (China),30394146.6
Sierra Leone,2001,bilateral (excl. China),400700386.1
Sierra Leone,2001,multilateral,617453513.4
Sierra Leone,2001,private (excl. China),15177448.299999999
Sierra Leone,2002,bilateral (China),30420726.6
Sierra Leone,2002,bilateral (excl. China),436565412.6
Sierra Leone,2002,multilateral,722422834.9
Sierra Leone,2002,private (excl. China),15579265.799999999
Sierra Leone,2003,bilateral (China),30579268.4
Sierra Leone,2003,bilateral (excl. China),485690678.1
Sierra Leone,2003,multilateral,820813877.7
Sierra Leone,2003,private (excl. China),26900936.5
Sierra Leone,2004,bilateral (China),30579804.1
Sierra Leone,2004,bilateral (excl. China),487389421.5
Sierra Leone,2004,multilateral,902380889.9
Sierra Leone,2004,private (excl. China),18631057.8
Sierra Leone,2005,bilateral (China),31146406.9
Sierra Leone,2005,bilateral (excl. China),444184626.3
Sierra Leone,2005,multilateral,863548905.9
Sierra Leone,2005,private (excl. China),227512450.5
Sierra Leone,2006,bilateral (China),26237172.7
Sierra Leone,2006,bilateral (excl. China),355438016.0
Sierra Leone,2006,multilateral,852125836.4
Sierra Leone,2006,private (excl. China),221839455.9
Sierra Leone,2007,bilateral (China),11814787.7
Sierra Leone,2007,bilateral (excl. China),36307003.6
Sierra Leone,2007,multilateral,222674919.4
Sierra Leone,2007,private (excl. China),211100000.0
Sierra Leone,2008,bilateral (China),25145020.8
Sierra Leone,2008,bilateral (excl. China),35501150.699999996
Sierra Leone,2008,multilateral,273016554.4
Sierra Leone,2008,private (excl. China),211100000.0
Sierra Leone,2009,bilateral (China),25160833.8
Sierra Leone,2009,bilateral (excl. China),46139857.6
Sierra Leone,2009,multilateral,322249673.8
Sierra Leone,2009,private (excl. China),211100000.0
Sierra Leone,2010,bilateral (China),25679924.4
Sierra Leone,2010,bilateral (excl. China),52769273.8
Sierra Leone,2010,multilateral,371238087.9
Sierra Leone,2010,private (excl. China),211100000.0
Sierra Leone,2011,bilateral (China),28879219.4
Sierra Leone,2011,bilateral (excl. China),88935476.7
Sierra Leone,2011,multilateral,415603037.0
Sierra Leone,2011,private (excl. China),208000000.0
Sierra Leone,2012,bilateral (China),47862818.7
Sierra Leone,2012,bilateral (excl. China),95304333.39999999
Sierra Leone,2012,multilateral,487439700.4
Sierra Leone,2012,private (excl. China),209600000.0
Sierra Leone,2013,bilateral (China),50967342.9
Sierra Leone,2013,bilateral (excl. China),106418381.60000001
Sierra Leone,2013,multilateral,552050315.1
Sierra Leone,2013,private (excl. China),195440000.0
Sierra Leone,2014,bilateral (China),49587904.0
Sierra Leone,2014,bilateral (excl. China),107349059.5
Sierra Leone,2014,multilateral,564029306.9
Sierra Leone,2014,private (excl. China),195440000.0
Sierra Leone,2015,bilateral (China),56952934.3
Sierra Leone,2015,bilateral (excl. China),112048097.4
Sierra Leone,2015,multilateral,590704813.4
Sierra Leone,2015,private (excl. China),193440000.0
Sierra Leone,2016,bilateral (China),53195857.0
Sierra Leone,2016,bilateral (excl. China),133943886.9
Sierra Leone,2016,multilateral,599010063.1
Sierra Leone,2016,private (excl. China),193440000.0
Sierra Leone,2017,bilateral (China),53004962.6
Sierra Leone,2017,bilateral (excl. China),127161156.4
Sierra Leone,2017,multilateral,716189115.4
Sierra Leone,2017,private (excl. China),193440000.0
Sierra Leone,2018,bilateral (China),47739091.6
Sierra Leone,2018,bilateral (excl. China),139662141.0
Sierra Leone,2018,multilateral,762853812.0
Sierra Leone,2018,private (excl. China),193440000.0
Sierra Leone,2019,bilateral (China),44082668.5
Sierra Leone,2019,bilateral (excl. China),176576701.6
Sierra Leone,2019,multilateral,833401781.2
Sierra Leone,2019,private (excl. China),187000000.0
Sierra Leone,2020,bilateral (China),63012139.4
Sierra Leone,2020,bilateral (excl. China),175276532.8
Sierra Leone,2020,multilateral,941960162.5
Sierra Leone,2020,private (excl. China),179430000.0
Sierra Leone,2021,bilateral (China),76267565.5
Sierra Leone,2021,bilateral (excl. China),175575098.0
Sierra Leone,2021,multilateral,967007847.9
Sierra Leone,2021,private (excl. China),168030000.0
Sierra Leone,2022,bilateral (China),69301478.5
Sierra Leone,2022,bilateral (excl. China),168352706.2
Sierra Leone,2022,multilateral,945380829.1
Sierra Leone,2022,private (excl. China),164930000.0
Sierra Leone,2023,bilateral (China),63860654.8
Sierra Leone,2023,bilateral (excl. China),176996168.4
Sierra Leone,2023,multilateral,958510730.2
Sierra Leone,2023,private (excl. China),164930000.0
Sierra Leone,2024,bilateral (China),57871536.7
Sierra Leone,2024,bilateral (excl. China),170001200.3
Sierra Leone,2024,multilateral,921287994.4
Sierra Leone,2024,private (excl. China),164930000.0
"Somalia, Fed. Rep.",2000,bilateral (excl. China),1057309808.8
"Somalia, Fed. Rep.",2000,multilateral,673332806.7
"Somalia, Fed. Rep.",2001,bilateral (excl. China),1045103159.9
"Somalia, Fed. Rep.",2001,multilateral,654244144.0
"Somalia, Fed. Rep.",2002,bilateral (excl. China),1073260815.2
"Somalia, Fed. Rep.",2002,multilateral,693014288.2
"Somalia, Fed. Rep.",2003,bilateral (excl. China),1100988284.3
"Somalia, Fed. Rep.",2003,multilateral,742275122.0
"Somalia, Fed. Rep.",2004,bilateral (excl. China),1087757657.3
"Somalia, Fed. Rep.",2004,multilateral,767900465.2
"Somalia, Fed. Rep.",2005,bilateral (excl. China),1064142663.3
"Somalia, Fed. Rep.",2005,multilateral,723505267.1
"Somalia, Fed. Rep.",2006,bilateral (excl. China),1077780645.5
"Somalia, Fed. Rep.",2006,multilateral,750446271.4
"Somalia, Fed. Rep.",2007,bilateral (excl. China),1099587898.1
"Somalia, Fed. Rep.",2007,multilateral,782028634.4
"Somalia, Fed. Rep.",2008,bilateral (excl. China),1104160510.0
"Somalia, Fed. Rep.",2008,multilateral,774634110.3
"Somalia, Fed. Rep.",2009,bilateral (excl. China),1104692263.8
"Somalia, Fed. Rep.",2009,multilateral,779940162.5
"Somalia, Fed. Rep.",2010,bilateral (excl. China),1105524975.2
"Somalia, Fed. Rep.",2010,multilateral,773356935.5
"Somalia, Fed. Rep.",2011,bilateral (excl. China),1105909074.8
"Somalia, Fed. Rep.",2011,multilateral,772689140.1
"Somalia, Fed. Rep.",2012,bilateral (excl. China),1099362716.3
"Somalia, Fed. Rep.",2012,multilateral,770977792.9
"Somalia, Fed. Rep.",2013,bilateral (excl. China),1091900298.9
"Somalia, Fed. Rep.",2013,multilateral,768366827.5
"Somalia, Fed. Rep.",2014,bilateral (excl. China),1065572541.6
"Somalia, Fed. Rep.",2014,multilateral,733689159.2
"Somalia, Fed. Rep.",2015,bilateral (excl. China),1048370405.4
"Somalia, Fed. Rep.",2015,multilateral,710455407.8
"Somalia, Fed. Rep.",2016,bilateral (excl. China),1045700460.4
"Somalia, Fed. Rep.",2016,multilateral,698189048.6
"Somalia, Fed. Rep.",2017,bilateral (excl. China),1060655954.7
"Somalia, Fed. Rep.",2017,multilateral,725004180.8
"Somalia, Fed. Rep.",2018,bilateral (excl. China),1334035997.7
"Somalia, Fed. Rep.",2018,multilateral,716473724.6
"Somalia, Fed. Rep.",2019,bilateral (excl. China),1335036842.4
"Somalia, Fed. Rep.",2019,multilateral,714317545.1
"Somalia, Fed. Rep.",2020,bilateral (excl. China),2235910702.8
"Somalia, Fed. Rep.",2020,multilateral,372626499.5
"Somalia, Fed. Rep.",2021,bilateral (excl. China),1947494838.3
"Somalia, Fed. Rep.",2021,multilateral,365645554.2
"Somalia, Fed. Rep.",2022,bilateral (excl. China),1972942795.7
"Somalia, Fed. Rep.",2022,multilateral,338409903.6
"Somalia, Fed. Rep.",2023,bilateral (excl. China),1701151844.4
"Somalia, Fed. Rep.",2023,multilateral,318153032.8
"Somalia, Fed. Rep.",2024,bilateral (excl. China),436993497.2
"Somalia, Fed. Rep.",2024,multilateral,226728903.7
South Africa,2000,bilateral (excl. China),14664679.6
South Africa,2000,multilateral,144720793.9
South Africa,2000,private (excl. China),10161393300.1
South Africa,2001,bilateral (excl. China),23324485.8
South Africa,2001,multilateral,121887828.2
South Africa,2001,private (excl. China),8872130393.7
South Africa,2002,bilateral (excl. China),41337656.6
South Africa,2002,multilateral,128794056.4
South Africa,2002,private (excl. China),15977106248.099998
South Africa,2003,bilateral (excl. China),59416572.0
South Africa,2003,multilateral,211537340.9
South Africa,2003,private (excl. China),17899594398.0
South Africa,2004,bilateral (excl. China),75724587.4
South Africa,2004,multilateral,262964228.8
South Africa,2004,private (excl. China),17461618027.1
South Africa,2005,bilateral (excl. China),72697832.8
South Africa,2005,multilateral,286194514.7
South Africa,2005,private (excl. China),18012155050.3
South Africa,2006,bilateral (excl. China),89102952.0
South Africa,2006,multilateral,316096156.4
South Africa,2006,private (excl. China),17392798600.8
South Africa,2007,bilateral (excl. China),103884624.9
South Africa,2007,multilateral,291493122.6
South Africa,2007,private (excl. China),17467230174.0
South Africa,2008,bilateral (excl. China),104511103.2
South Africa,2008,multilateral,258935142.6
South Africa,2008,private (excl. China),21173355381.8
South Africa,2009,bilateral (excl. China),113365135.8
South Africa,2009,multilateral,227222428.2
South Africa,2009,private (excl. China),23009740888.8
South Africa,2010,bilateral (excl. China),106945439.4
South Africa,2010,multilateral,1138925211.3
South Africa,2010,private (excl. China),35091901013.6
South Africa,2011,bilateral (excl. China),142780280.2
South Africa,2011,multilateral,1457332923.5
South Africa,2011,private (excl. China),42704846671.0
South Africa,2012,bilateral (excl. China),182053230.2
South Africa,2012,multilateral,2839004105.3
South Africa,2012,private (excl. China),58125484674.7
South Africa,2013,bilateral (excl. China),187342540.89999998
South Africa,2013,multilateral,3121892496.7
South Africa,2013,private (excl. China),56770891782.0
South Africa,2014,bilateral (excl. China),171011995.0
South Africa,2014,multilateral,4184291195.8999996
South Africa,2014,private (excl. China),58316156316.0
South Africa,2015,bilateral (excl. China),363334858.3
South Africa,2015,multilateral,3567429399.0
South Africa,2015,private (excl. China),49990315386.5
South Africa,2016,bilateral (excl. China),494269528.7
South Africa,2016,multilateral,4255773633.1000004
South Africa,2016,private (excl. China),64942778770.4
South Africa,2017,bilateral (China),1000000000.0
South Africa,2017,bilateral (excl. China),605322118.9
South Africa,2017,multilateral,5552180774.3
South Africa,2017,private (excl. China),83485352218.70001
South Africa,2018,bilateral (China),1400000000.0
South Africa,2018,bilateral (excl. China),541642200.0
South Africa,2018,multilateral,4865915704.1
South Africa,2018,private (excl. China),81869809869.6
South Africa,2019,bilateral (China),2298798000.0
South Africa,2019,bilateral (excl. China),549652018.1
South Africa,2019,multilateral,4869731652.3
South Africa,2019,private (excl. China),94345378668.4
South Africa,2020,bilateral (China),2918135000.0
South Africa,2020,bilateral (excl. China),496298832.0
South Africa,2020,multilateral,5859138731.2
South Africa,2020,private (excl. China),90172096100.90001
South Africa,2021,bilateral (China),3303493000.0
South Africa,2021,bilateral (excl. China),417465047.70000005
South Africa,2021,multilateral,6646162880.1
South Africa,2021,private (excl. China),84820113833.90001
South Africa,2022,bilateral (China),3428931000.0
South Africa,2022,bilateral (excl. China),714113814.1
South Africa,2022,multilateral,7289775982.6
South Africa,2022,private (excl. China),79812117274.0
South Africa,2023,bilateral (China),3529455000.0
South Africa,2023,bilateral (excl. China),711292762.0
South Africa,2023,multilateral,7681648041.0
South Africa,2023,private (excl. China),77603326059.4
South Africa,2024,bilateral (China),3330526000.0
South Africa,2024,bilateral (excl. China),1238162884.2
South Africa,2024,multilateral,9177022607.4
South Africa,2024,private (excl. China),84067687268.0
Sub-Saharan Africa (excluding high income),2000,bilateral (China),2483758617.9
Sub-Saharan Africa (excluding high income),2000,bilateral (excl. China),78513201265.9
Sub-Saharan Africa (excluding high income),2000,multilateral,54621524412.6
Sub-Saharan Africa (excluding high income),2000,private (China),931387.9
Sub-Saharan Africa (excluding high income),2000,private (excl. China),27891019937.399998
Sub-Saharan Africa (excluding high income),2001,bilateral (China),2513429467.7
Sub-Saharan Africa (excluding high income),2001,bilateral (excl. China),72119207933.2
Sub-Saharan Africa (excluding high income),2001,multilateral,54611038748.7
Sub-Saharan Africa (excluding high income),2001,private (China),6710373.7
Sub-Saharan Africa (excluding high income),2001,private (excl. China),26358931777.7
Sub-Saharan Africa (excluding high income),2002,bilateral (China),2594358995.2
Sub-Saharan Africa (excluding high income),2002,bilateral (excl. China),75546562489.6
Sub-Saharan Africa (excluding high income),2002,multilateral,61259983804.8
Sub-Saharan Africa (excluding high income),2002,private (China),5735769.6
Sub-Saharan Africa (excluding high income),2002,private (excl. China),32890060532.3
Sub-Saharan Africa (excluding high income),2003,bilateral (China),2711206755.0
Sub-Saharan Africa (excluding high income),2003,bilateral (excl. China),81969418282.3
Sub-Saharan Africa (excluding high income),2003,multilateral,69264623303.3
Sub-Saharan Africa (excluding high income),2003,private (China),5362815.2
Sub-Saharan Africa (excluding high income),2003,private (excl. China),35091551041.5
Sub-Saharan Africa (excluding high income),2004,bilateral (China),2966767287.0
Sub-Saharan Africa (excluding high income),2004,bilateral (excl. China),79893262269.8
Sub-Saharan Africa (excluding high income),2004,multilateral,75244368659.2
Sub-Saharan Africa (excluding high income),2004,private (China),5362942.9
Sub-Saharan Africa (excluding high income),2004,private (excl. China),35540477275.200005
Sub-Saharan Africa (excluding high income),2005,bilateral (China),3151500615.9
Sub-Saharan Africa (excluding high income),2005,bilateral (excl. China),59709685716.5
Sub-Saharan Africa (excluding high income),2005,multilateral,72784424247.5
Sub-Saharan Africa (excluding high income),2005,private (China),174554966.1
Sub-Saharan Africa (excluding high income),2005,private (excl. China),36805872093.2
Sub-Saharan Africa (excluding high income),2006,bilateral (China),4006399460.8
Sub-Saharan Africa (excluding high income),2006,bilateral (excl. China),40710012160.9
Sub-Saharan Africa (excluding high income),2006,multilateral,43568710969.9
Sub-Saharan Africa (excluding high income),2006,private (China),316957248.8
Sub-Saharan Africa (excluding high income),2006,private (excl. China),33061386527.0
Sub-Saharan Africa (excluding high income),2007,bilateral (China),4843885817.4
Sub-Saharan Africa (excluding high income),2007,bilateral (excl. China),42198939201.9
Sub-Saharan Africa (excluding high income),2007,multilateral,48503192278.7
Sub-Saharan Africa (excluding high income),2007,private (China),352801967.7
Sub-Saharan Africa (excluding high income),2007,private (excl. China),34134099705.0
Sub-Saharan Africa (excluding high income),2008,bilateral (China),6092458058.6
Sub-Saharan Africa (excluding high income),2008,bilateral (excl. China),40040594541.6
Sub-Saharan Africa (excluding high income),2008,multilateral,50886090627.8
Sub-Saharan Africa (excluding high income),2008,private (China),385737741.3
Sub-Saharan Africa (excluding high income),2008,private (excl. China),40285479125.200005
Sub-Saharan Africa (excluding high income),2009,bilateral (China),7826443179.0
Sub-Saharan Africa (excluding high income),2009,bilateral (excl. China),43373635437.4
Sub-Saharan Africa (excluding high income),2009,multilateral,55506479465.8
Sub-Saharan Africa (excluding high income),2009,private (China),1332573405.8
Sub-Saharan Africa (excluding high income),2009,private (excl. China),42249627876.0
Sub-Saharan Africa (excluding high income),2010,bilateral (China),10592881911.0
Sub-Saharan Africa (excluding high income),2010,bilateral (excl. China),33667230453.4
Sub-Saharan Africa (excluding high income),2010,multilateral,59284351602.1
Sub-Saharan Africa (excluding high income),2010,private (China),5297447609.1
Sub-Saharan Africa (excluding high income),2010,private (excl. China),51359301676.799995
Sub-Saharan Africa (excluding high income),2011,bilateral (China),13313121878.3
Sub-Saharan Africa (excluding high income),2011,bilateral (excl. China),34563570653.299995
Sub-Saharan Africa (excluding high income),2011,multilateral,63662036038.799995
Sub-Saharan Africa (excluding high income),2011,private (China),7092837891.5
Sub-Saharan Africa (excluding high income),2011,private (excl. China),63069748177.6
Sub-Saharan Africa (excluding high income),2012,bilateral (China),17007871822.7
Sub-Saharan Africa (excluding high income),2012,bilateral (excl. China),31870247650.8
Sub-Saharan Africa (excluding high income),2012,multilateral,67315320530.200005
Sub-Saharan Africa (excluding high income),2012,private (China),7100470813.0
Sub-Saharan Africa (excluding high income),2012,private (excl. China),84032889422.09999
Sub-Saharan Africa (excluding high income),2013,bilateral (China),23383250476.9
Sub-Saharan Africa (excluding high income),2013,bilateral (excl. China),33255944552.300003
Sub-Saharan Africa (excluding high income),2013,multilateral,74920813776.6
Sub-Saharan Africa (excluding high income),2013,private (China),9115983821.7
Sub-Saharan Africa (excluding high income),2013,private (excl. China),93695794119.7
Sub-Saharan Africa (excluding high income),2014,bilateral (China),31039429636.9
Sub-Saharan Africa (excluding high income),2014,bilateral (excl. China),33225750141.4
Sub-Saharan Africa (excluding high income),2014,multilateral,79314642830.9
Sub-Saharan Africa (excluding high income),2014,private (China),11145083832.8
Sub-Saharan Africa (excluding high income),2014,private (excl. China),109108290895.90001
Sub-Saharan Africa (excluding high income),2015,bilateral (China),36348274351.2
Sub-Saharan Africa (excluding high income),2015,bilateral (excl. China),34828181452.0
Sub-Saharan Africa (excluding high income),2015,multilateral,82962048595.40001
Sub-Saharan Africa (excluding high income),2015,private (China),10915662948.7
Sub-Saharan Africa (excluding high income),2015,private (excl. China),108175444250.0
Sub-Saharan Africa (excluding high income),2016,bilateral (China),41389566643.5
Sub-Saharan Africa (excluding high income),2016,bilateral (excl. China),34899108937.3
Sub-Saharan Africa (excluding high income),2016,multilateral,88934353647.1
Sub-Saharan Africa (excluding high income),2016,private (China),19408154686.1
Sub-Saharan Africa (excluding high income),2016,private (excl. China),123663984213.49998
Sub-Saharan Africa (excluding high income),2017,bilateral (China),48062565990.8
Sub-Saharan Africa (excluding high income),2017,bilateral (excl. China),37641891778.0
Sub-Saharan Africa (excluding high income),2017,multilateral,106246601296.3
Sub-Saharan Africa (excluding high income),2017,private (China),20840414739.7
Sub-Saharan Africa (excluding high income),2017,private (excl. China),151960509916.0
Sub-Saharan Africa (excluding high income),2018,bilateral (China),54480647908.1
Sub-Saharan Africa (excluding high income),2018,bilateral (excl. China),40595289066.1
Sub-Saharan Africa (excluding high income),2018,multilateral,112772588699.5
Sub-Saharan Africa (excluding high income),2018,private (China),21875774415.0
Sub-Saharan Africa (excluding high income),2018,private (excl. China),167597430666.0
Sub-Saharan Africa (excluding high income),2019,bilateral (China),58454159836.0
Sub-Saharan Africa (excluding high income),2019,bilateral (excl. China),41577799350.1
Sub-Saharan Africa (excluding high income),2019,multilateral,126383223000.2
Sub-Saharan Africa (excluding high income),2019,private (China),24091113092.6
Sub-Saharan Africa (excluding high income),2019,private (excl. China),187626701431.0
Sub-Saharan Africa (excluding high income),2020,bilateral (China),61219066790.9
Sub-Saharan Africa (excluding high income),2020,bilateral (excl. China),46063162344.6
Sub-Saharan Africa (excluding high income),2020,multilateral,145892054422.7
Sub-Saharan Africa (excluding high income),2020,private (China),23749710723.9
Sub-Saharan Africa (excluding high income),2020,private (excl. China),193338123727.8
Sub-Saharan Africa (excluding high income),2021,bilateral (China),62068027058.0
Sub-Saharan Africa (excluding high income),2021,bilateral (excl. China),47087727439.9
Sub-Saharan Africa (excluding high income),2021,multilateral,152210696489.9
Sub-Saharan Africa (excluding high income),2021,private (China),23385423720.0
Sub-Saharan Africa (excluding high income),2021,private (excl. China),198809348619.5
Sub-Saharan Africa (excluding high income),2022,bilateral (China),60302071211.9
Sub-Saharan Africa (excluding high income),2022,bilateral (excl. China),46367267405.7
Sub-Saharan Africa (excluding high income),2022,multilateral,162239436726.8
Sub-Saharan Africa (excluding high income),2022,private (China),22652967369.6
Sub-Saharan Africa (excluding high income),2022,private (excl. China),196899745773.9
Sub-Saharan Africa (excluding high income),2023,bilateral (China),58754593210.8
Sub-Saharan Africa (excluding high income),2023,bilateral (excl. China),48481398721.3
Sub-Saharan Africa (excluding high income),2023,multilateral,182947161476.9
Sub-Saharan Africa (excluding high income),2023,private (China),20414620610.0
Sub-Saharan Africa (excluding high income),2023,private (excl. China),198690481417.90002
Sub-Saharan Africa (excluding high income),2024,bilateral (China),56775669617.7
Sub-Saharan Africa (excluding high income),2024,bilateral (excl. China),47696325167.4
Sub-Saharan Africa (excluding high income),2024,multilateral,197828689006.1
Sub-Saharan Africa (excluding high income),2024,private (China),17740359175.1
Sub-Saharan Africa (excluding high income),2024,private (excl. China),210774939239.8
Sudan,2000,bilateral (China),1008615224.3
Sudan,2000,bilateral (excl. China),5411171384.0
Sudan,2000,multilateral,1967587502.1
Sudan,2000,private (China),81000.0
Sudan,2000,private (excl. China),1774088251.7
Sudan,2001,bilateral (China),1103985922.6
Sudan,2001,bilateral (excl. China),5066267235.9
Sudan,2001,multilateral,2159515336.8
Sudan,2001,private (China),81000.0
Sudan,2001,private (excl. China),1745517277.7
Sudan,2002,bilateral (China),1096875642.9
Sudan,2002,bilateral (excl. China),5300745966.5
Sudan,2002,multilateral,2289979454.9
Sudan,2002,private (China),81000.0
Sudan,2002,private (excl. China),1985459189.6
Sudan,2003,bilateral (China),1126857848.7
Sudan,2003,bilateral (excl. China),5502174696.3
Sudan,2003,multilateral,2452218948.7
Sudan,2003,private (China),81000.0
Sudan,2003,private (excl. China),2153390289.7
Sudan,2004,bilateral (China),1178666266.0
Sudan,2004,bilateral (excl. China),5650098803.6
Sudan,2004,multilateral,2594341941.2
Sudan,2004,private (China),81000.0
Sudan,2004,private (excl. China),2297937081.7
Sudan,2005,bilateral (China),1169115917.0
Sudan,2005,bilateral (excl. China),5439564433.0
Sudan,2005,multilateral,2595557680.0
Sudan,2005,private (China),81000.0
Sudan,2005,private (excl. China),2103802788.8
Sudan,2006,bilateral (China),1313601756.9
Sudan,2006,bilateral (excl. China),5663587456.5
Sudan,2006,multilateral,2821726244.3
Sudan,2006,private (China),81000.0
Sudan,2006,private (excl. China),2216508678.2
Sudan,2007,bilateral (China),1313827498.4
Sudan,2007,bilateral (excl. China),6067005953.8
Sudan,2007,multilateral,3183389987.9
Sudan,2007,private (China),81000.0
Sudan,2007,private (excl. China),2349068566.5
Sudan,2008,bilateral (China),1534488606.4
Sudan,2008,bilateral (excl. China),6043273096.099999
Sudan,2008,multilateral,3323286678.1
Sudan,2008,private (China),81000.0
Sudan,2008,private (excl. China),2406797362.6
Sudan,2009,bilateral (China),1928566535.3
Sudan,2009,bilateral (excl. China),6136750240.2
Sudan,2009,multilateral,3365169539.4
Sudan,2009,private (China),81000.0
Sudan,2009,private (excl. China),2465062097.2
Sudan,2010,bilateral (China),2356597910.6
Sudan,2010,bilateral (excl. China),6257734817.8
Sudan,2010,multilateral,3377987412.7
Sudan,2010,private (China),81000.0
Sudan,2010,private (excl. China),2645323698.4
Sudan,2011,bilateral (China),1681733419.1
Sudan,2011,bilateral (excl. China),6326099385.2
Sudan,2011,multilateral,3520995940.1
Sudan,2011,private (China),0.0
Sudan,2011,private (excl. China),3759441014.0
Sudan,2012,bilateral (China),1668713996.0
Sudan,2012,bilateral (excl. China),6363058034.7
Sudan,2012,multilateral,3495107612.2
Sudan,2012,private (excl. China),4347634971.7
Sudan,2013,bilateral (China),1694746167.1
Sudan,2013,bilateral (excl. China),6458398843.4
Sudan,2013,multilateral,3607256941.0
Sudan,2013,private (excl. China),4801076767.3
Sudan,2014,bilateral (China),1677194826.6
Sudan,2014,bilateral (excl. China),6295913078.1
Sudan,2014,multilateral,3489977685.6
Sudan,2014,private (excl. China),4588457465.2
Sudan,2015,bilateral (China),1579515305.1
Sudan,2015,bilateral (excl. China),6432698714.5
Sudan,2015,multilateral,3350899771.1000004
Sudan,2015,private (excl. China),4582538667.5
Sudan,2016,bilateral (China),1487722932.0
Sudan,2016,bilateral (excl. China),6328136299.7
Sudan,2016,multilateral,3337635483.7
Sudan,2016,private (excl. China),4536850879.7
Sudan,2017,bilateral (China),1421051162.6
Sudan,2017,bilateral (excl. China),6493551762.5
Sudan,2017,multilateral,3455336205.5
Sudan,2017,private (excl. China),4615804460.400001
Sudan,2018,bilateral (China),1330229314.9
Sudan,2018,bilateral (excl. China),6424927816.9
Sudan,2018,multilateral,3410720647.1
Sudan,2018,private (excl. China),4596364081.2
Sudan,2019,bilateral (China),1246210047.7
Sudan,2019,bilateral (excl. China),7246144064.4
Sudan,2019,multilateral,3671474744.2
Sudan,2019,private (excl. China),4630118436.6
Sudan,2020,bilateral (China),1187609361.3
Sudan,2020,bilateral (excl. China),7324131324.7
Sudan,2020,multilateral,3746436175.5
Sudan,2020,private (excl. China),4826072948.5
Sudan,2021,bilateral (China),1112830125.3
Sudan,2021,bilateral (excl. China),7226322651.8
Sudan,2021,multilateral,2521106951.6000004
Sudan,2021,private (excl. China),4750856676.1
Sudan,2022,bilateral (China),1040725493.7
Sudan,2022,bilateral (excl. China),7110200074.900001
Sudan,2022,multilateral,2375095738.7
Sudan,2022,private (excl. China),4726730053.6
Sudan,2023,bilateral (China),983361354.1
Sudan,2023,bilateral (excl. China),7140100761.900001
Sudan,2023,multilateral,2308024222.1
Sudan,2023,private (excl. China),4932789359.0
Sudan,2024,bilateral (China),920679009.4
Sudan,2024,bilateral (excl. China),7055574250.1
Sudan,2024,multilateral,2202964547.0
Sudan,2024,private (excl. China),4771523595.2
Tanzania,2000,bilateral (China),165480727.1
Tanzania,2000,bilateral (excl. China),2355850491.8
Tanzania,2000,multilateral,3277996652.1
Tanzania,2000,private (excl. China),186915988.0
Tanzania,2001,bilateral (China),134026140.6
Tanzania,2001,bilateral (excl. China),2074928921.0
Tanzania,2001,multilateral,3253227631.8
Tanzania,2001,private (excl. China),76579179.2
Tanzania,2002,bilateral (China),134119629.8
Tanzania,2002,bilateral (excl. China),2196537738.6
Tanzania,2002,multilateral,3609953862.1
Tanzania,2002,private (excl. China),65971179.1
Tanzania,2003,bilateral (China),138282091.9
Tanzania,2003,bilateral (excl. China),1465893335.3
Tanzania,2003,multilateral,4325798305.5
Tanzania,2003,private (excl. China),85772968.8
Tanzania,2004,bilateral (China),138285392.5
Tanzania,2004,bilateral (excl. China),1461295550.5
Tanzania,2004,multilateral,4847856372.3
Tanzania,2004,private (excl. China),93144581.1
Tanzania,2005,bilateral (China),143819278.2
Tanzania,2005,bilateral (excl. China),1338846425.1
Tanzania,2005,multilateral,4887718974.3
Tanzania,2005,private (excl. China),107247593.8
Tanzania,2006,bilateral (China),151357561.5
Tanzania,2006,bilateral (excl. China),724599552.6
Tanzania,2006,multilateral,1492718037.4
Tanzania,2006,private (excl. China),96333646.7
Tanzania,2007,bilateral (China),175240098.0
Tanzania,2007,bilateral (excl. China),724461564.9
Tanzania,2007,multilateral,2190295390.6
Tanzania,2007,private (excl. China),104113196.10000001
Tanzania,2008,bilateral (China),190306093.5
Tanzania,2008,bilateral (excl. China),759886311.8000001
Tanzania,2008,multilateral,2686075733.9
Tanzania,2008,private (excl. China),100072365.8
Tanzania,2009,bilateral (China),221263090.4
Tanzania,2009,bilateral (excl. China),775153900.8
Tanzania,2009,multilateral,3586245888.2
Tanzania,2009,private (excl. China),132129384.30000001
Tanzania,2010,bilateral (China),236835695.9
Tanzania,2010,bilateral (excl. China),918149255.4
Tanzania,2010,multilateral,4390660771.8
Tanzania,2010,private (excl. China),134562817.1
Tanzania,2011,bilateral (China),340373522.8
Tanzania,2011,bilateral (excl. China),1020677842.2
Tanzania,2011,multilateral,4791345001.1
Tanzania,2011,private (China),85854000.0
Tanzania,2011,private (excl. China),353788970.7
Tanzania,2012,bilateral (China),587778807.8
Tanzania,2012,bilateral (excl. China),1083138668.8
Tanzania,2012,multilateral,5475366250.7
Tanzania,2012,private (China),166965894.2
Tanzania,2012,private (excl. China),553496589.9
Tanzania,2013,bilateral (China),1209106660.5
Tanzania,2013,bilateral (excl. China),1019358282.2
Tanzania,2013,multilateral,6419215689.9
Tanzania,2013,private (China),165494902.7
Tanzania,2013,private (excl. China),1318332959.6
Tanzania,2014,bilateral (China),1939035179.5
Tanzania,2014,bilateral (excl. China),1139368674.5
Tanzania,2014,multilateral,6881628675.3
Tanzania,2014,private (China),170738832.8
Tanzania,2014,private (excl. China),1418615579.1
Tanzania,2015,bilateral (China),2366116804.3
Tanzania,2015,bilateral (excl. China),1279519303.5
Tanzania,2015,multilateral,7429688553.6
Tanzania,2015,private (China),190605948.7
Tanzania,2015,private (excl. China),1358842775.4
Tanzania,2016,bilateral (China),2418941044.4
Tanzania,2016,bilateral (excl. China),1601952217.6
Tanzania,2016,multilateral,7772600384.2
Tanzania,2016,private (China),228559686.1
Tanzania,2016,private (excl. China),1060442000.5
Tanzania,2017,bilateral (China),2478683135.6
Tanzania,2017,bilateral (excl. China),1693090675.6000001
Tanzania,2017,multilateral,8910536522.7
Tanzania,2017,private (China),220586739.7
Tanzania,2017,private (excl. China),1280491325.2
Tanzania,2018,bilateral (China),2331718683.7
Tanzania,2018,bilateral (excl. China),1896506510.8
Tanzania,2018,multilateral,9434207853.8
Tanzania,2018,private (China),183564415.0
Tanzania,2018,private (excl. China),1483351412.7
Tanzania,2019,bilateral (China),2170608279.1
Tanzania,2019,bilateral (excl. China),1985999400.6
Tanzania,2019,multilateral,10150884605.4
Tanzania,2019,private (China),287384296.6
Tanzania,2019,private (excl. China),2281423230.4
Tanzania,2020,bilateral (China),1962895228.3
Tanzania,2020,bilateral (excl. China),2149149636.0
Tanzania,2020,multilateral,11242838004.6
Tanzania,2020,private (China),260755632.0
Tanzania,2020,private (excl. China),1948545059.9
Tanzania,2021,bilateral (China),1823864856.2
Tanzania,2021,bilateral (excl. China),2151511142.7
Tanzania,2021,multilateral,11526468828.1
Tanzania,2021,private (China),196571738.8
Tanzania,2021,private (excl. China),3239451543.2
Tanzania,2022,bilateral (China),1568868023.8
Tanzania,2022,bilateral (excl. China),2124158939.3999999
Tanzania,2022,multilateral,12615420443.0
Tanzania,2022,private (China),139045117.0
Tanzania,2022,private (excl. China),3104479562.2
Tanzania,2023,bilateral (China),1457062991.5
Tanzania,2023,bilateral (excl. China),2183908673.4
Tanzania,2023,multilateral,14654778343.8
Tanzania,2023,private (China),97162255.0
Tanzania,2023,private (excl. China),3992845359.3
Tanzania,2024,bilateral (China),1365448930.1
Tanzania,2024,bilateral (excl. China),2205254501.7999997
Tanzania,2024,multilateral,16434527453.4
Tanzania,2024,private (China),56515121.1
Tanzania,2024,private (excl. China),4215457870.2000003
Togo,2000,bilateral (China),25305051.1
Togo,2000,bilateral (excl. China),437858113.5
Togo,2000,multilateral,766470378.3
Togo,2001,bilateral (China),27590856.4
Togo,2001,bilateral (excl. China),422667054.1
Togo,2001,multilateral,754036077.1
Togo,2002,bilateral (China),27589189.7
Togo,2002,bilateral (excl. China),485648711.40000004
Togo,2002,multilateral,823089648.7
Togo,2003,bilateral (China),27591189.7
Togo,2003,bilateral (excl. China),562409363.2
Togo,2003,multilateral,908298508.2
Togo,2004,bilateral (China),27591856.5
Togo,2004,bilateral (excl. China),614276670.3
Togo,2004,multilateral,957341053.6
Togo,2005,bilateral (China),22250254.0
Togo,2005,bilateral (excl. China),538117257.2
Togo,2005,multilateral,879723144.1
Togo,2006,bilateral (China),12771652.2
Togo,2006,bilateral (excl. China),583447328.2
Togo,2006,multilateral,942584949.7
Togo,2007,bilateral (China),13653040.6
Togo,2007,bilateral (excl. China),629875393.0
Togo,2007,multilateral,994470264.7
Togo,2008,bilateral (China),14591929.3
Togo,2008,bilateral (excl. China),604332591.4
Togo,2008,multilateral,846592567.8
Togo,2009,bilateral (China),36315606.1
Togo,2009,bilateral (excl. China),609616736.9
Togo,2009,multilateral,830562048.3
Togo,2010,bilateral (China),72617358.2
Togo,2010,bilateral (excl. China),74082369.9
Togo,2010,multilateral,863587374.8
Togo,2011,bilateral (China),73386897.6
Togo,2011,bilateral (excl. China),78214326.8
Togo,2011,multilateral,224865638.4
Togo,2012,bilateral (China),162318153.7
Togo,2012,bilateral (excl. China),75361157.0
Togo,2012,multilateral,218523137.3
Togo,2013,bilateral (China),195193775.9
Togo,2013,bilateral (excl. China),64203167.5
Togo,2013,multilateral,285947166.8
Togo,2013,private (excl. China),49646220.9
Togo,2014,bilateral (China),299219468.2
Togo,2014,bilateral (excl. China),64929620.3
Togo,2014,multilateral,318811990.0
Togo,2014,private (excl. China),32778271.8
Togo,2015,bilateral (China),377693393.2
Togo,2015,bilateral (excl. China),76459808.0
Togo,2015,multilateral,355619265.1
Togo,2015,private (excl. China),30964805.400000002
Togo,2016,bilateral (China),460688495.7
Togo,2016,bilateral (excl. China),86477322.3
Togo,2016,multilateral,417703455.5
Togo,2016,private (excl. China),19522986.1
Togo,2017,bilateral (China),522870438.8
Togo,2017,bilateral (excl. China),91543356.0
Togo,2017,multilateral,515183355.40000004
Togo,2017,private (excl. China),11133101.9
Togo,2018,bilateral (China),532747877.4
Togo,2018,bilateral (excl. China),87519172.7
Togo,2018,multilateral,537531245.2
Togo,2018,private (excl. China),3633085.0
Togo,2019,bilateral (China),516995562.1
Togo,2019,bilateral (excl. China),87260532.7
Togo,2019,multilateral,632713229.1
Togo,2019,private (excl. China),128710184.8
Togo,2020,bilateral (China),526592157.9
Togo,2020,bilateral (excl. China),108573246.9
Togo,2020,multilateral,823303595.5
Togo,2020,private (excl. China),330741490.1
Togo,2021,bilateral (China),518546912.6
Togo,2021,bilateral (excl. China),137967220.7
Togo,2021,multilateral,859640130.0
Togo,2021,private (excl. China),334611946.2
Togo,2022,bilateral (China),444011030.4
Togo,2022,bilateral (excl. China),166023433.5
Togo,2022,multilateral,918138026.9
Togo,2022,private (excl. China),326442529.4
Togo,2023,bilateral (China),388498314.2
Togo,2023,bilateral (excl. China),205967547.3
Togo,2023,multilateral,1136158464.5
Togo,2023,private (excl. China),363695280.0
Togo,2024,bilateral (China),329568760.4
Togo,2024,bilateral (excl. China),221650259.39999998
Togo,2024,multilateral,1379094024.0
Togo,2024,private (excl. China),491069329.79999995
Tunisia,2000,bilateral (China),19802960.4
Tunisia,2000,bilateral (excl. China),2596546217.3
Tunisia,2000,multilateral,3476530182.6
Tunisia,2000,private (excl. China),2795450725.0
Tunisia,2001,bilateral (China),18630147.0
Tunisia,2001,bilateral (excl. China),2530080318.3
Tunisia,2001,multilateral,3689161906.0
Tunisia,2001,private (excl. China),2874853306.9
Tunisia,2002,bilateral (China),16694332.6
Tunisia,2002,bilateral (excl. China),2783520490.5
Tunisia,2002,multilateral,4536769881.1
Tunisia,2002,private (excl. China),3641933305.8
Tunisia,2003,bilateral (China),14765184.2
Tunisia,2003,bilateral (excl. China),3206548693.9
Tunisia,2003,multilateral,5499981205.5
Tunisia,2003,private (excl. China),4518825693.0
Tunisia,2004,bilateral (China),13301758.0
Tunisia,2004,bilateral (excl. China),3284084452.0
Tunisia,2004,multilateral,6302162159.900001
Tunisia,2004,private (excl. China),5000064666.9
Tunisia,2005,bilateral (China),28651706.4
Tunisia,2005,bilateral (excl. China),2854695470.5
Tunisia,2005,multilateral,5635120719.5
Tunisia,2005,private (excl. China),4583410734.5
Tunisia,2006,bilateral (China),40387900.7
Tunisia,2006,bilateral (excl. China),2994611233.9
Tunisia,2006,multilateral,5864138058.7
Tunisia,2006,private (excl. China),4686293545.4
Tunisia,2007,bilateral (China),50169071.4
Tunisia,2007,bilateral (excl. China),3216769773.5
Tunisia,2007,multilateral,6479032995.0
Tunisia,2007,private (excl. China),4954289490.4
Tunisia,2008,bilateral (China),51533520.5
Tunisia,2008,bilateral (excl. China),3233066032.2
Tunisia,2008,multilateral,6164235960.3
Tunisia,2008,private (excl. China),5186033201.200001
Tunisia,2009,bilateral (China),47166896.1
Tunisia,2009,bilateral (excl. China),3330860999.6
Tunisia,2009,multilateral,6757448378.5
Tunisia,2009,private (excl. China),4899329040.0
Tunisia,2010,bilateral (China),43332075.2
Tunisia,2010,bilateral (excl. China),3360994844.9
Tunisia,2010,multilateral,6978288689.5
Tunisia,2010,private (excl. China),4475860511.1
Tunisia,2011,bilateral (China),37763176.6
Tunisia,2011,bilateral (excl. China),3554153919.7999997
Tunisia,2011,multilateral,7835205601.1
Tunisia,2011,private (excl. China),3678426096.1
Tunisia,2012,bilateral (China),77166460.9
Tunisia,2012,bilateral (excl. China),3603664212.1
Tunisia,2012,multilateral,8855698685.8
Tunisia,2012,private (excl. China),4137112824.3
Tunisia,2013,bilateral (China),106698584.4
Tunisia,2013,bilateral (excl. China),3630502647.5
Tunisia,2013,multilateral,9528086819.7
Tunisia,2013,private (excl. China),3666747294.5000005
Tunisia,2014,bilateral (China),97025525.9
Tunisia,2014,bilateral (excl. China),3519937220.7
Tunisia,2014,multilateral,8939447322.6
Tunisia,2014,private (excl. China),4442905909.400001
Tunisia,2015,bilateral (China),94866394.6
Tunisia,2015,bilateral (excl. China),3346801376.1
Tunisia,2015,multilateral,9104215993.1
Tunisia,2015,private (excl. China),5561447071.2
Tunisia,2016,bilateral (China),85861041.6
Tunisia,2016,bilateral (excl. China),3326946017.4
Tunisia,2016,multilateral,9189497521.1
Tunisia,2016,private (excl. China),6002084492.8
Tunisia,2017,bilateral (China),78994101.1
Tunisia,2017,bilateral (excl. China),3661370433.7000003
Tunisia,2017,multilateral,10973664365.3
Tunisia,2017,private (excl. China),7548478805.500001
Tunisia,2018,bilateral (China),68590209.8
Tunisia,2018,bilateral (excl. China),3559044992.0
Tunisia,2018,multilateral,10937712108.6
Tunisia,2018,private (excl. China),7974330286.9
Tunisia,2019,bilateral (China),59329860.6
Tunisia,2019,bilateral (excl. China),4495106771.5
Tunisia,2019,multilateral,11299687484.9
Tunisia,2019,private (excl. China),7928459800.9
Tunisia,2020,bilateral (China),52123123.5
Tunisia,2020,bilateral (excl. China),5412815310.7
Tunisia,2020,multilateral,12809386006.8
Tunisia,2020,private (excl. China),7503183916.7
Tunisia,2021,bilateral (China),46612499.6
Tunisia,2021,bilateral (excl. China),5270588446.3
Tunisia,2021,multilateral,12054902971.6
Tunisia,2021,private (excl. China),5780276517.7
Tunisia,2022,bilateral (China),41244441.4
Tunisia,2022,bilateral (excl. China),5012257277.1
Tunisia,2022,multilateral,11689827238.8
Tunisia,2022,private (excl. China),4890959248.6
Tunisia,2023,bilateral (China),37107730.0
Tunisia,2023,bilateral (excl. China),5678267192.8
Tunisia,2023,multilateral,12233790721.5
Tunisia,2023,private (excl. China),4113265903.7
Tunisia,2024,bilateral (China),31142256.3
Tunisia,2024,bilateral (excl. China),5368300252.0
Tunisia,2024,multilateral,12762053160.6
Tunisia,2024,private (excl. China),2654762217.6
Uganda,2000,bilateral (China),17058136.6
Uganda,2000,bilateral (excl. China),375997613.0
Uganda,2000,multilateral,2633974671.0
Uganda,2000,private (excl. China),24271895.9
Uganda,2001,bilateral (China),18036680.8
Uganda,2001,bilateral (excl. China),430481908.4
Uganda,2001,multilateral,2823480218.7
Uganda,2001,private (excl. China),32842436.200000003
Uganda,2002,bilateral (China),18035591.3
Uganda,2002,bilateral (excl. China),352178143.2
Uganda,2002,multilateral,3169519932.0
Uganda,2002,private (excl. China),24798410.2
Uganda,2003,bilateral (China),18036898.7
Uganda,2003,bilateral (excl. China),352249825.7
Uganda,2003,multilateral,3776086996.3
Uganda,2003,private (excl. China),3850917.1999999997
Uganda,2004,bilateral (China),18037334.6
Uganda,2004,bilateral (excl. China),299241344.0
Uganda,2004,multilateral,4096859334.5
Uganda,2004,private (excl. China),3406299.7
Uganda,2005,bilateral (China),18498426.3
Uganda,2005,bilateral (excl. China),255766691.2
Uganda,2005,multilateral,3932209483.6
Uganda,2005,private (excl. China),2210233.5
Uganda,2006,bilateral (China),19117907.0
Uganda,2006,bilateral (excl. China),228822118.8
Uganda,2006,multilateral,849688832.2
Uganda,2006,private (excl. China),1750763.1
Uganda,2007,bilateral (China),24848999.3
Uganda,2007,bilateral (excl. China),209782419.6
Uganda,2007,multilateral,1334957702.7
Uganda,2007,private (excl. China),1086594.8
Uganda,2008,bilateral (China),32623269.8
Uganda,2008,bilateral (excl. China),186641198.3
Uganda,2008,multilateral,1560431052.7
Uganda,2008,private (excl. China),414215.2
Uganda,2009,bilateral (China),56074953.8
Uganda,2009,bilateral (excl. China),173730926.4
Uganda,2009,multilateral,2017232749.6
Uganda,2009,private (excl. China),205434.80000000002
Uganda,2010,bilateral (China),93010916.7
Uganda,2010,bilateral (excl. China),163712457.0
Uganda,2010,multilateral,2416207220.5
Uganda,2010,private (excl. China),0.0
Uganda,2011,bilateral (China),98955863.4
Uganda,2011,bilateral (excl. China),157302424.6
Uganda,2011,multilateral,2707038800.0
Uganda,2012,bilateral (China),282327333.9
Uganda,2012,bilateral (excl. China),155173697.8
Uganda,2012,multilateral,3040896204.4
Uganda,2013,bilateral (China),337631360.0
Uganda,2013,bilateral (excl. China),160114287.8
Uganda,2013,multilateral,3566735261.2
Uganda,2014,bilateral (China),399380873.3
Uganda,2014,bilateral (excl. China),165463301.5
Uganda,2014,multilateral,3647980383.3999996
Uganda,2015,bilateral (China),762525736.4
Uganda,2015,bilateral (excl. China),222733281.8
Uganda,2015,multilateral,3884052956.4
Uganda,2016,bilateral (China),1098790541.6
Uganda,2016,bilateral (excl. China),271192902.8
Uganda,2016,multilateral,4077194228.9
Uganda,2016,private (excl. China),531266.4
Uganda,2017,bilateral (China),1545531309.9
Uganda,2017,bilateral (excl. China),475404963.59999996
Uganda,2017,multilateral,4867697500.8
Uganda,2017,private (excl. China),8431079.0
Uganda,2018,bilateral (China),1945702933.7
Uganda,2018,bilateral (excl. China),671285611.4000001
Uganda,2018,multilateral,5046824912.7
Uganda,2018,private (excl. China),50291835.0
Uganda,2019,bilateral (China),2149183493.9
Uganda,2019,bilateral (excl. China),752903379.1
Uganda,2019,multilateral,5675646341.8
Uganda,2019,private (excl. China),83346495.0
Uganda,2020,bilateral (China),2605913866.1
Uganda,2020,bilateral (excl. China),997991869.0
Uganda,2020,multilateral,7242328159.8
Uganda,2020,private (excl. China),983556910.5
Uganda,2021,bilateral (China),2591660589.1
Uganda,2021,bilateral (excl. China),1062386777.7
Uganda,2021,multilateral,7887746933.8
Uganda,2021,private (excl. China),1183220918.8
Uganda,2022,bilateral (China),2661052160.9
Uganda,2022,bilateral (excl. China),998761024.7
Uganda,2022,multilateral,7886870576.6
Uganda,2022,private (excl. China),1042676398.4000001
Uganda,2023,bilateral (China),2570633442.9
Uganda,2023,bilateral (excl. China),1054317573.8
Uganda,2023,multilateral,8488736460.1
Uganda,2023,private (excl. China),1935934310.0
Uganda,2024,bilateral (China),2567502162.9
Uganda,2024,bilateral (excl. China),1084833502.3
Uganda,2024,multilateral,8661914164.3
Uganda,2024,private (excl. China),1785454133.6
Zambia,2000,bilateral (China),120964251.0
Zambia,2000,bilateral (excl. China),1887783763.0
Zambia,2000,multilateral,2404405857.2
Zambia,2000,private (excl. China),31495979.799999997
Zambia,2001,bilateral (China),207932258.3
Zambia,2001,bilateral (excl. China),1808606374.8
Zambia,2001,multilateral,2385907994.6
Zambia,2001,private (excl. China),428689347.5
Zambia,2002,bilateral (China),208082513.4
Zambia,2002,bilateral (excl. China),1831843742.0
Zambia,2002,multilateral,2736315376.1
Zambia,2002,private (excl. China),485786846.6
Zambia,2003,bilateral (China),206391086.4
Zambia,2003,bilateral (excl. China),1902833434.5
Zambia,2003,multilateral,3075029579.6
Zambia,2003,private (excl. China),396256014.2
Zambia,2004,bilateral (China),173999516.5
Zambia,2004,bilateral (excl. China),1900562605.8
Zambia,2004,multilateral,3354608384.2
Zambia,2004,private (excl. China),420231289.2
Zambia,2005,bilateral (China),171896152.0
Zambia,2005,bilateral (excl. China),318478560.7
Zambia,2005,multilateral,3125380831.6
Zambia,2005,private (excl. China),235005617.9
Zambia,2006,bilateral (China),162372391.6
Zambia,2006,bilateral (excl. China),21460309.9
Zambia,2006,multilateral,672786739.6
Zambia,2006,private (China),0.0
Zambia,2006,private (excl. China),0.0
Zambia,2007,bilateral (China),222120659.2
Zambia,2007,bilateral (excl. China),21897622.4
Zambia,2007,multilateral,748633390.5999999
Zambia,2007,private (China),19622000.0
Zambia,2008,bilateral (China),213498622.8
Zambia,2008,bilateral (excl. China),19091339.200000003
Zambia,2008,multilateral,758492326.8
Zambia,2008,private (China),41553000.0
Zambia,2008,private (excl. China),7009000.0
Zambia,2009,bilateral (China),208109887.9
Zambia,2009,bilateral (excl. China),16927559.5
Zambia,2009,multilateral,811964326.4
Zambia,2009,private (China),52796000.0
Zambia,2009,private (excl. China),4673000.0
Zambia,2010,bilateral (China),314920821.2
Zambia,2010,bilateral (excl. China),15921893.0
Zambia,2010,multilateral,872349309.7
Zambia,2010,private (China),53768000.0
Zambia,2010,private (excl. China),2336000.0
Zambia,2011,bilateral (China),875594883.0
Zambia,2011,bilateral (excl. China),169107088.5
Zambia,2011,multilateral,921380210.2
Zambia,2011,private (China),51994000.0
Zambia,2011,private (excl. China),0.0
Zambia,2012,bilateral (China),1206265773.1
Zambia,2012,bilateral (excl. China),296483018.1
Zambia,2012,multilateral,1037728780.1
Zambia,2012,private (China),181418000.0
Zambia,2012,private (excl. China),750000000.0
Zambia,2013,bilateral (China),1252493877.8
Zambia,2013,bilateral (excl. China),292093520.0
Zambia,2013,multilateral,1190098555.3
Zambia,2013,private (China),267342000.0
Zambia,2013,private (excl. China),750000000.0
Zambia,2014,bilateral (China),1596116873.8
Zambia,2014,bilateral (excl. China),341380179.3
Zambia,2014,multilateral,1270920863.9
Zambia,2014,private (China),296604000.0
Zambia,2014,private (excl. China),1750000000.0
Zambia,2015,bilateral (China),1922626460.9
Zambia,2015,bilateral (excl. China),358323045.2
Zambia,2015,multilateral,1376231759.9
Zambia,2015,private (China),283751000.0
Zambia,2015,private (excl. China),3079113000.0
Zambia,2016,bilateral (China),2321701762.1
Zambia,2016,bilateral (excl. China),366974247.6
Zambia,2016,multilateral,1475894296.1
Zambia,2016,private (China),276603000.0
Zambia,2016,private (excl. China),3154282000.0
Zambia,2017,bilateral (China),2601898066.2
Zambia,2017,bilateral (excl. China),408342390.29999995
Zambia,2017,multilateral,1697563510.4
Zambia,2017,private (China),524450000.0
Zambia,2017,private (excl. China),4338859000.0
Zambia,2018,bilateral (China),2877733663.8
Zambia,2018,bilateral (excl. China),513346323.1
Zambia,2018,multilateral,1885293999.9
Zambia,2018,private (China),659904000.0
Zambia,2018,private (excl. China),5042537910.0
Zambia,2019,bilateral (China),3438609476.0
Zambia,2019,bilateral (excl. China),805446046.9
Zambia,2019,multilateral,2244994845.0
Zambia,2019,private (China),1530188000.0
Zambia,2019,private (excl. China),5140194943.6
Zambia,2020,bilateral (China),3744972221.9
Zambia,2020,bilateral (excl. China),1027495065.0
Zambia,2020,multilateral,3082383011.7
Zambia,2020,private (China),1850981000.0
Zambia,2020,private (excl. China),5351698865.8
Zambia,2021,bilateral (China),3781871592.7
Zambia,2021,bilateral (excl. China),1131735704.1
Zambia,2021,multilateral,3185831717.7
Zambia,2021,private (China),1859588000.0
Zambia,2021,private (excl. China),5298963654.8
Zambia,2022,bilateral (China),3688866229.6
Zambia,2022,bilateral (excl. China),1188231148.5
Zambia,2022,multilateral,3911433348.1000004
Zambia,2022,private (China),1806011000.0
Zambia,2022,private (excl. China),5124249586.8
Zambia,2023,bilateral (China),3592790068.7
Zambia,2023,bilateral (excl. China),1219504184.2
Zambia,2023,multilateral,4123373351.0
Zambia,2023,private (China),1785645000.0
Zambia,2023,private (excl. China),4663305790.0
Zambia,2024,bilateral (China),3570963883.3
Zambia,2024,bilateral (excl. China),1247602871.8
Zambia,2024,multilateral,4534227146.1
Zambia,2024,private (China),1758657000.0
Zambia,2024,private (excl. China),4361803802.2
Zimbabwe,2000,bilateral (China),50267068.3
Zimbabwe,2000,bilateral (excl. China),979394732.0
Zimbabwe,2000,multilateral,1399502859.7
Zimbabwe,2000,private (China),0.0
Zimbabwe,2000,private (excl. China),460165173.1
Zimbabwe,2001,bilateral (China),50269446.1
Zimbabwe,2001,bilateral (excl. China),954176034.6
Zimbabwe,2001,multilateral,1366729213.8
Zimbabwe,2001,private (China),0.0
Zimbabwe,2001,private (excl. China),449745112.1
Zimbabwe,2002,bilateral (China),68151460.7
Zimbabwe,2002,bilateral (excl. China),1097020016.8
Zimbabwe,2002,multilateral,1516763654.5
Zimbabwe,2002,private (excl. China),502528358.3
Zimbabwe,2003,bilateral (China),74506843.1
Zimbabwe,2003,bilateral (excl. China),1245625645.8
Zimbabwe,2003,multilateral,1675571834.8
Zimbabwe,2003,private (excl. China),566400294.3
Zimbabwe,2004,bilateral (China),133900646.5
Zimbabwe,2004,bilateral (excl. China),1254782747.4
Zimbabwe,2004,multilateral,1767126115.6
Zimbabwe,2004,private (excl. China),606514485.8000001
Zimbabwe,2005,bilateral (China),118435293.8
Zimbabwe,2005,bilateral (excl. China),1092204079.2
Zimbabwe,2005,multilateral,1674122337.2
Zimbabwe,2005,private (excl. China),543325547.7
Zimbabwe,2006,bilateral (China),137769119.7
Zimbabwe,2006,bilateral (excl. China),1155718729.1
Zimbabwe,2006,multilateral,1764035856.8
Zimbabwe,2006,private (excl. China),591891535.1
Zimbabwe,2007,bilateral (China),305165328.0
Zimbabwe,2007,bilateral (excl. China),1215055320.8
Zimbabwe,2007,multilateral,1744425041.3
Zimbabwe,2007,private (excl. China),633725714.3
Zimbabwe,2008,bilateral (China),348686649.0
Zimbabwe,2008,bilateral (excl. China),1204573393.2
Zimbabwe,2008,multilateral,1873297367.2
Zimbabwe,2008,private (excl. China),565180468.6
Zimbabwe,2009,bilateral (China),399807430.8
Zimbabwe,2009,bilateral (excl. China),1239142780.5
Zimbabwe,2009,multilateral,1908659230.3
Zimbabwe,2009,private (excl. China),592033375.3
Zimbabwe,2010,bilateral (China),406626787.5
Zimbabwe,2010,bilateral (excl. China),1211051560.7
Zimbabwe,2010,multilateral,1900122970.9
Zimbabwe,2010,private (excl. China),568985031.0
Zimbabwe,2011,bilateral (China),504934972.7
Zimbabwe,2011,bilateral (excl. China),1207736284.8
Zimbabwe,2011,multilateral,1912606189.2
Zimbabwe,2011,private (excl. China),559202281.1
Zimbabwe,2012,bilateral (China),685653682.0
Zimbabwe,2012,bilateral (excl. China),1189479835.7
Zimbabwe,2012,multilateral,1947567430.9
Zimbabwe,2012,private (excl. China),577631575.5
Zimbabwe,2013,bilateral (China),742988059.6
Zimbabwe,2013,bilateral (excl. China),1173555722.7
Zimbabwe,2013,multilateral,1939165778.0
Zimbabwe,2013,private (excl. China),593996742.3
Zimbabwe,2014,bilateral (China),816509866.1
Zimbabwe,2014,bilateral (excl. China),1085501059.6
Zimbabwe,2014,multilateral,1850335237.1
Zimbabwe,2014,private (excl. China),541527012.3
Zimbabwe,2015,bilateral (China),1003207724.2
Zimbabwe,2015,bilateral (excl. China),1096011542.2
Zimbabwe,2015,multilateral,1928459556.7
Zimbabwe,2015,private (excl. China),507915534.4
Zimbabwe,2016,bilateral (China),1141204049.8
Zimbabwe,2016,bilateral (excl. China),1077449435.1
Zimbabwe,2016,multilateral,1846288067.2
Zimbabwe,2016,private (excl. China),513045361.6
Zimbabwe,2017,bilateral (China),1254881099.3
Zimbabwe,2017,bilateral (excl. China),1162744629.9
Zimbabwe,2017,multilateral,1705213439.1
Zimbabwe,2017,private (excl. China),548480407.2
Zimbabwe,2018,bilateral (China),1470200226.6
Zimbabwe,2018,bilateral (excl. China),1138406718.9
Zimbabwe,2018,multilateral,1505473289.2
Zimbabwe,2018,private (excl. China),526752659.2
Zimbabwe,2019,bilateral (China),1501584886.8
Zimbabwe,2019,bilateral (excl. China),1141256048.0
Zimbabwe,2019,multilateral,1494902660.3
Zimbabwe,2019,private (excl. China),513711283.5
Zimbabwe,2020,bilateral (China),1579933398.6
Zimbabwe,2020,bilateral (excl. China),1208137417.9
Zimbabwe,2020,multilateral,1529497885.8
Zimbabwe,2020,private (excl. China),542203347.8
Zimbabwe,2021,bilateral (China),1730675429.8
Zimbabwe,2021,bilateral (excl. China),1141201495.9
Zimbabwe,2021,multilateral,1497549446.4
Zimbabwe,2021,private (excl. China),510443668.5
Zimbabwe,2022,bilateral (China),1942576155.4
Zimbabwe,2022,bilateral (excl. China),1085476592.5
Zimbabwe,2022,multilateral,1464399670.5
Zimbabwe,2022,private (excl. China),476154946.8
Zimbabwe,2023,bilateral (China),1963558023.3
Zimbabwe,2023,bilateral (excl. China),1095860497.5
Zimbabwe,2023,multilateral,1850296265.4
Zimbabwe,2023,private (excl. China),490394702.5
Zimbabwe,2024,bilateral (China),2006951022.5
Zimbabwe,2024,bilateral (excl. China),1042367397.1
Zimbabwe,2024,multilateral,1796814511.2
Zimbabwe,2024,private (excl. China),467638440.8
